start_x,start_y,goal_x,goal_y,path_length
-1.1763,0.5646,-1.1763,0.5646,0.0
-1.1763,0.5646,-0.2515,2.2519,2.317
-1.1763,0.5646,-0.6954,0.5789,0.4811
-0.6954,0.5789,-0.2515,2.2519,1.8359
-1.1763,0.5646,-0.6063,0.5944,0.5715
-0.6063,0.5944,-0.2515,2.2519,1.7455
-1.1763,0.5646,-0.4484,0.723,0.7751
-0.4484,0.723,-0.2515,2.2519,1.5419
-1.1763,0.5646,-0.3923,1.1158,1.172
-0.3923,1.1158,-0.2515,2.2519,1.145
-1.1763,0.5646,-0.3628,1.316,1.3743
-0.3628,1.316,-0.2515,2.2519,0.9427
-1.1763,0.5646,-0.3361,1.6154,1.6749
-0.3361,1.6154,-0.2515,2.2519,0.6422
-1.1763,0.5646,-0.3018,1.8386,1.9007
-0.3018,1.8386,-0.2515,2.2519,0.4163
-1.1763,0.5646,-0.2515,2.2519,2.317
-0.2515,2.2519,-0.2515,2.2519,0.0
-0.4813,2.378,-0.4813,2.378,0.0
-0.4813,2.378,0.3676,-0.7086,3.3585
-0.4813,2.378,-0.3076,2.0355,0.384
-0.3076,2.0355,0.3676,-0.7086,2.9745
-0.4813,2.378,-0.1137,1.6466,0.8186
-0.1137,1.6466,0.3676,-0.7086,2.5399
-0.4813,2.378,0.0116,1.3937,1.1008
0.0116,1.3937,0.3676,-0.7086,2.2577
-0.4813,2.378,0.2268,1.051,1.5054
0.2268,1.051,0.3676,-0.7086,1.853
-0.4813,2.378,0.4544,0.6892,1.9329
0.4544,0.6892,0.3676,-0.7086,1.4256
-0.4813,2.378,0.5087,0.401,2.2262
0.5087,0.401,0.3676,-0.7086,1.1323
-0.4813,2.378,0.5029,0.2291,2.3982
0.5029,0.2291,0.3676,-0.7086,0.9603
-0.4813,2.378,0.4899,-0.0361,2.6637
0.4899,-0.0361,0.3676,-0.7086,0.6948
-0.4813,2.378,0.464,-0.3655,2.9941
0.464,-0.3655,0.3676,-0.7086,0.3644
-0.4813,2.378,0.4753,-0.4331,3.0626
0.4753,-0.4331,0.3676,-0.7086,0.2959
-0.4813,2.378,0.3676,-0.7086,3.3585
0.3676,-0.7086,0.3676,-0.7086,0.0
1.5626,1.4353,1.5626,1.4353,0.0
1.5626,1.4353,-1.551,1.7809,3.1362
1.5626,1.4353,1.2233,1.5019,0.3458
1.2233,1.5019,-1.551,1.7809,2.7904
1.5626,1.4353,0.8007,1.5548,0.7716
0.8007,1.5548,-1.551,1.7809,2.3645
1.5626,1.4353,0.4422,1.5762,1.1308
0.4422,1.5762,-1.551,1.7809,2.0053
1.5626,1.4353,0.1702,1.5905,1.4032
0.1702,1.5905,-1.551,1.7809,1.733
1.5626,1.4353,-0.0699,1.6242,1.6457
-0.0699,1.6242,-1.551,1.7809,1.4905
1.5626,1.4353,-0.3101,1.6378,1.8862
-0.3101,1.6378,-1.551,1.7809,1.25
1.5626,1.4353,-0.6378,1.6651,2.215
-0.6378,1.6651,-1.551,1.7809,0.9211
1.5626,1.4353,-0.9583,1.6904,2.5366
-0.9583,1.6904,-1.551,1.7809,0.5996
1.5626,1.4353,-1.2147,1.7312,2.7962
-1.2147,1.7312,-1.551,1.7809,0.34
1.5626,1.4353,-1.551,1.7809,3.1362
-1.551,1.7809,-1.551,1.7809,0.0
2.5555,2.6615,2.5555,2.6615,0.0
2.5555,2.6615,1.6219,-0.5288,3.3286
2.5555,2.6615,2.4254,2.3275,0.3584
2.4254,2.3275,1.6219,-0.5288,2.9702
2.5555,2.6615,2.354,2.0572,0.638
2.354,2.0572,1.6219,-0.5288,2.6905
2.5555,2.6615,2.2857,1.9022,0.8074
2.2857,1.9022,1.6219,-0.5288,2.5212
2.5555,2.6615,2.1938,1.5117,1.2086
2.1938,1.5117,1.6219,-0.5288,2.12
2.5555,2.6615,2.1177,1.2453,1.4856
2.1177,1.2453,1.6219,-0.5288,1.8429
2.5555,2.6615,2.0287,0.8761,1.8654
2.0287,0.8761,1.6219,-0.5288,1.4631
2.5555,2.6615,1.9152,0.49,2.2679
1.9152,0.49,1.6219,-0.5288,1.0607
2.5555,2.6615,1.8469,0.2867,2.4823
1.8469,0.2867,1.6219,-0.5288,0.8462
2.5555,2.6615,1.7887,0.1017,2.6762
1.7887,0.1017,1.6219,-0.5288,0.6523
2.5555,2.6615,1.7331,-0.0826,2.8688
1.7331,-0.0826,1.6219,-0.5288,0.4598
2.5555,2.6615,1.6219,-0.5288,3.3286
1.6219,-0.5288,1.6219,-0.5288,0.0
2.3373,-1.1752,2.3373,-1.1752,0.0
2.3373,-1.1752,-1.0547,1.5964,4.4098
2.3373,-1.1752,2.0806,-0.9653,0.3316
2.0806,-0.9653,-1.0547,1.5964,4.0782
2.3373,-1.1752,1.8402,-0.7708,0.6408
1.8402,-0.7708,-1.0547,1.5964,3.769
2.3373,-1.1752,1.5648,-0.5174,1.015
1.5648,-0.5174,-1.0547,1.5964,3.3948
2.3373,-1.1752,1.237,-0.2324,1.4494
1.237,-0.2324,-1.0547,1.5964,2.9604
2.3373,-1.1752,1.0942,-0.1205,1.6308
1.0942,-0.1205,-1.0547,1.5964,2.779
2.3373,-1.1752,0.7223,0.1969,2.1197
0.7223,0.1969,-1.0547,1.5964,2.2901
2.3373,-1.1752,0.6289,0.2952,2.2554
0.6289,0.2952,-1.0547,1.5964,2.1544
2.3373,-1.1752,0.3881,0.5204,2.585
0.3881,0.5204,-1.0547,1.5964,1.8248
2.3373,-1.1752,0.2276,0.6778,2.8098
0.2276,0.6778,-1.0547,1.5964,1.5999
2.3373,-1.1752,0.1321,0.7679,2.9412
0.1321,0.7679,-1.0547,1.5964,1.4686
2.3373,-1.1752,-0.075,0.9275,3.2026
-0.075,0.9275,-1.0547,1.5964,1.2072
2.3373,-1.1752,-0.3225,1.1356,3.526
-0.3225,1.1356,-1.0547,1.5964,0.8838
2.3373,-1.1752,-0.652,1.4496,3.9811
-0.652,1.4496,-1.0547,1.5964,0.4286
2.3373,-1.1752,-1.0547,1.5964,4.4098
-1.0547,1.5964,-1.0547,1.5964,0.0
-1.5012,2.3485,-1.5012,2.3485,0.0
-1.5012,2.3485,-2.7992,0.4878,2.2749
-1.5012,2.3485,-1.7444,1.9683,0.4513
-1.7444,1.9683,-2.7992,0.4878,1.8236
-1.5012,2.3485,-1.8449,1.8281,0.6238
-1.8449,1.8281,-2.7992,0.4878,1.6511
-1.5012,2.3485,-2.0459,1.5562,0.962
-2.0459,1.5562,-2.7992,0.4878,1.3129
-1.5012,2.3485,-2.2603,1.254,1.3325
-2.2603,1.254,-2.7992,0.4878,0.9425
-1.5012,2.3485,-2.4318,0.9227,1.7056
-2.4318,0.9227,-2.7992,0.4878,0.5694
-1.5012,2.3485,-2.6471,0.6601,2.0452
-2.6471,0.6601,-2.7992,0.4878,0.2297
-1.5012,2.3485,-2.7992,0.4878,2.2749
-2.7992,0.4878,-2.7992,0.4878,0.0
0.4737,2.2246,0.4737,2.2246,0.0
0.4737,2.2246,-2.5234,1.5939,3.0654
0.4737,2.2246,-0.0053,2.1296,0.4883
-0.0053,2.1296,-2.5234,1.5939,2.5771
0.4737,2.2246,-0.4012,2.0692,0.8888
-0.4012,2.0692,-2.5234,1.5939,2.1766
0.4737,2.2246,-0.5294,2.0454,1.0192
-0.5294,2.0454,-2.5234,1.5939,2.0462
0.4737,2.2246,-0.9236,1.9426,1.4265
-0.9236,1.9426,-2.5234,1.5939,1.6388
0.4737,2.2246,-1.1217,1.8781,1.6349
-1.1217,1.8781,-2.5234,1.5939,1.4305
0.4737,2.2246,-1.5932,1.7917,2.1142
-1.5932,1.7917,-2.5234,1.5939,0.9512
0.4737,2.2246,-1.9447,1.7233,2.4723
-1.9447,1.7233,-2.5234,1.5939,0.5931
0.4737,2.2246,-2.1529,1.6795,2.6851
-2.1529,1.6795,-2.5234,1.5939,0.3803
0.4737,2.2246,-2.5234,1.5939,3.0654
-2.5234,1.5939,-2.5234,1.5939,0.0
1.0083,2.7041,1.0083,2.7041,0.0
1.0083,2.7041,2.4666,-0.8761,3.884
1.0083,2.7041,1.1611,2.3152,0.4178
1.1611,2.3152,2.4666,-0.8761,3.4662
1.0083,2.7041,1.1875,2.2187,0.5178
1.1875,2.2187,2.4666,-0.8761,3.3662
1.0083,2.7041,1.2911,1.8967,0.8561
1.2911,1.8967,2.4666,-0.8761,3.0279
1.0083,2.7041,1.3754,1.6387,1.1275
1.3754,1.6387,2.4666,-0.8761,2.7565
1.0083,2.7041,1.4534,1.4949,1.2911
1.4534,1.4949,2.4666,-0.8761,2.5929
1.0083,2.7041,1.5816,1.2173,1.5969
1.5816,1.2173,2.4666,-0.8761,2.2871
1.0083,2.7041,1.7015,0.8217,2.0103
1.7015,0.8217,2.4666,-0.8761,1.8737
1.0083,2.7041,1.7895,0.5615,2.2849
1.7895,0.5615,2.4666,-0.8761,1.5991
1.0083,2.7041,1.8764,0.3143,2.547
1.8764,0.3143,2.4666,-0.8761,1.337
1.0083,2.7041,1.9261,0.1204,2.7472
1.9261,0.1204,2.4666,-0.8761,1.1368
1.0083,2.7041,2.0056,-0.078,2.9609
2.0056,-0.078,2.4666,-0.8761,0.9231
1.0083,2.7041,2.1306,-0.3097,3.2242
2.1306,-0.3097,2.4666,-0.8761,0.6598
1.0083,2.7041,2.2879,-0.6145,3.5671
2.2879,-0.6145,2.4666,-0.8761,0.3169
1.0083,2.7041,2.4666,-0.8761,3.884
2.4666,-0.8761,2.4666,-0.8761,0.0
-2.1722,2.1119,-2.1722,2.1119,0.0
-2.1722,2.1119,2.9471,1.1471,5.2396
-2.1722,2.1119,-1.7889,2.0332,0.3913
-1.7889,2.0332,2.9471,1.1471,4.8482
-2.1722,2.1119,-1.3776,1.9612,0.8088
-1.3776,1.9612,2.9471,1.1471,4.4308
-2.1722,2.1119,-1.1681,1.9408,1.0194
-1.1681,1.9408,2.9471,1.1471,4.2202
-2.1722,2.1119,-0.7054,1.8883,1.485
-0.7054,1.8883,2.9471,1.1471,3.7546
-2.1722,2.1119,-0.3415,1.8598,1.85
-0.3415,1.8598,2.9471,1.1471,3.3895
-2.1722,2.1119,-0.0335,1.8335,2.1591
-0.0335,1.8335,2.9471,1.1471,3.0804
-2.1722,2.1119,0.2069,1.8217,2.3998
0.2069,1.8217,2.9471,1.1471,2.8397
-2.1722,2.1119,0.6442,1.7869,2.8385
0.6442,1.7869,2.9471,1.1471,2.4011
-2.1722,2.1119,0.9814,1.6856,3.1906
0.9814,1.6856,2.9471,1.1471,2.0489
-2.1722,2.1119,1.373,1.6176,3.5881
1.373,1.6176,2.9471,1.1471,1.6515
-2.1722,2.1119,1.6845,1.5858,3.9011
1.6845,1.5858,2.9471,1.1471,1.3384
-2.1722,2.1119,1.9957,1.508,4.2219
1.9957,1.508,2.9471,1.1471,1.0176
-2.1722,2.1119,2.4587,1.338,4.7152
2.4587,1.338,2.9471,1.1471,0.5244
-2.1722,2.1119,2.7081,1.2435,4.9819
2.7081,1.2435,2.9471,1.1471,0.2577
-2.1722,2.1119,2.9471,1.1471,5.2396
2.9471,1.1471,2.9471,1.1471,0.0
-0.9235,-0.4519,-0.9235,-0.4519,0.0
-0.9235,-0.4519,0.5507,2.1809,3.0229
-0.9235,-0.4519,-0.8427,-0.274,0.1954
-0.8427,-0.274,0.5507,2.1809,2.8275
-0.9235,-0.4519,-0.6512,0.1427,0.654
-0.6512,0.1427,0.5507,2.1809,2.3689
-0.9235,-0.4519,-0.4881,0.4742,1.0234
-0.4881,0.4742,0.5507,2.1809,1.9994
-0.9235,-0.4519,-0.4141,0.5871,1.1584
-0.4141,0.5871,0.5507,2.1809,1.8645
-0.9235,-0.4519,-0.2125,0.9155,1.5438
-0.2125,0.9155,0.5507,2.1809,1.479
-0.9235,-0.4519,-0.1013,1.1014,1.7604
-0.1013,1.1014,0.5507,2.1809,1.2625
-0.9235,-0.4519,0.0508,1.3893,2.086
0.0508,1.3893,0.5507,2.1809,0.9369
-0.9235,-0.4519,0.2576,1.7189,2.4751
0.2576,1.7189,0.5507,2.1809,0.5478
-0.9235,-0.4519,0.3466,1.8826,2.6615
0.3466,1.8826,0.5507,2.1809,0.3614
-0.9235,-0.4519,0.5507,2.1809,3.0229
0.5507,2.1809,0.5507,2.1809,0.0
-2.661,-1.1206,-2.661,-1.1206,0.0
-2.661,-1.1206,-0.2477,-1.6019,2.4723
-2.661,-1.1206,-2.3017,-1.1396,0.3598
-2.3017,-1.1396,-0.2477,-1.6019,2.1125
-2.661,-1.1206,-1.9594,-1.1886,0.7056
-1.9594,-1.1886,-0.2477,-1.6019,1.7667
-2.661,-1.1206,-1.6995,-1.2219,0.9676
-1.6995,-1.2219,-0.2477,-1.6019,1.5047
-2.661,-1.1206,-1.4152,-1.2682,1.2557
-1.4152,-1.2682,-0.2477,-1.6019,1.2166
-2.661,-1.1206,-1.1955,-1.3491,1.4898
-1.1955,-1.3491,-0.2477,-1.6019,0.9825
-2.661,-1.1206,-0.8876,-1.4488,1.8134
-0.8876,-1.4488,-0.2477,-1.6019,0.6589
-2.661,-1.1206,-0.8236,-1.4706,1.8811
-0.8236,-1.4706,-0.2477,-1.6019,0.5913
-2.661,-1.1206,-0.5166,-1.5535,2.1991
-0.5166,-1.5535,-0.2477,-1.6019,0.2732
-2.661,-1.1206,-0.2477,-1.6019,2.4723
-0.2477,-1.6019,-0.2477,-1.6019,0.0
-2.8393,-1.8396,-2.8393,-1.8396,0.0
-2.8393,-1.8396,-2.9842,-2.32,0.5018
-2.8393,-1.8396,-2.8682,-1.9353,0.1
-2.8682,-1.9353,-2.9842,-2.32,0.4018
-2.8393,-1.8396,-2.9842,-2.32,0.5018
-2.9842,-2.32,-2.9842,-2.32,0.0
-2.0547,-2.4463,-2.0547,-2.4463,0.0
-2.0547,-2.4463,-1.2079,0.1689,2.7593
-2.0547,-2.4463,-1.9596,-2.2053,0.2591
-1.9596,-2.2053,-1.2079,0.1689,2.5001
-2.0547,-2.4463,-1.849,-1.9707,0.5185
-1.849,-1.9707,-1.2079,0.1689,2.2408
-2.0547,-2.4463,-1.7276,-1.5763,0.9311
-1.7276,-1.5763,-1.2079,0.1689,1.8281
-2.0547,-2.4463,-1.6079,-1.2011,1.3249
-1.6079,-1.2011,-1.2079,0.1689,1.4343
-2.0547,-2.4463,-1.5121,-0.9635,1.5812
-1.5121,-0.9635,-1.2079,0.1689,1.1781
-2.0547,-2.4463,-1.4148,-0.7511,1.8147
-1.4148,-0.7511,-1.2079,0.1689,0.9445
-2.0547,-2.4463,-1.3889,-0.5758,1.992
-1.3889,-0.5758,-1.2079,0.1689,0.7673
-2.0547,-2.4463,-1.3265,-0.2402,2.3334
-1.3265,-0.2402,-1.2079,0.1689,0.4259
-2.0547,-2.4463,-1.2079,0.1689,2.7593
-1.2079,0.1689,-1.2079,0.1689,0.0
-0.7749,0.0018,-0.7749,0.0018,0.0
-0.7749,0.0018,-1.5653,-2.7257,2.8456
-0.7749,0.0018,-0.7944,-0.17,0.1729
-0.7944,-0.17,-1.5653,-2.7257,2.6727
-0.7749,0.0018,-0.8663,-0.5116,0.522
-0.8663,-0.5116,-1.5653,-2.7257,2.3236
-0.7749,0.0018,-1.0231,-0.9309,0.9697
-1.0231,-0.9309,-1.5653,-2.7257,1.8759
-0.7749,0.0018,-1.1111,-1.2392,1.2903
-1.1111,-1.2392,-1.5653,-2.7257,1.5553
-0.7749,0.0018,-1.1344,-1.3323,1.3862
-1.1344,-1.3323,-1.5653,-2.7257,1.4594
-0.7749,0.0018,-1.2671,-1.6947,1.7723
-1.2671,-1.6947,-1.5653,-2.7257,1.0733
-0.7749,0.0018,-1.4023,-2.144,2.2415
-1.4023,-2.144,-1.5653,-2.7257,0.6041
-0.7749,0.0018,-1.486,-2.4579,2.5663
-1.486,-2.4579,-1.5653,-2.7257,0.2793
-0.7749,0.0018,-1.5653,-2.7257,2.8456
-1.5653,-2.7257,-1.5653,-2.7257,0.0
-2.9055,-0.8672,-2.9055,-0.8672,0.0
-2.9055,-0.8672,-2.4248,-1.2431,0.6113
-2.9055,-0.8672,-2.6877,-1.0144,0.2628
-2.6877,-1.0144,-2.4248,-1.2431,0.3485
-2.9055,-0.8672,-2.4248,-1.2431,0.6113
-2.4248,-1.2431,-2.4248,-1.2431,0.0
2.3444,1.1894,2.3444,1.1894,0.0
2.3444,1.1894,-0.6076,2.4087,3.2115
2.3444,1.1894,1.9865,1.3517,0.393
1.9865,1.3517,-0.6076,2.4087,2.8184
2.3444,1.1894,1.761,1.456,0.6414
1.761,1.456,-0.6076,2.4087,2.57
2.3444,1.1894,1.4821,1.5479,0.9351
1.4821,1.5479,-0.6076,2.4087,2.2763
2.3444,1.1894,1.1297,1.6616,1.3054
1.1297,1.6616,-0.6076,2.4087,1.9061
2.3444,1.1894,0.934,1.7076,1.5065
0.934,1.7076,-0.6076,2.4087,1.705
2.3444,1.1894,0.6701,1.8291,1.7969
0.6701,1.8291,-0.6076,2.4087,1.4145
2.3444,1.1894,0.4331,1.8966,2.0433
0.4331,1.8966,-0.6076,2.4087,1.1681
2.3444,1.1894,0.0987,1.9981,2.3928
0.0987,1.9981,-0.6076,2.4087,0.8186
2.3444,1.1894,-0.1581,2.1232,2.6785
-0.1581,2.1232,-0.6076,2.4087,0.533
2.3444,1.1894,-0.4844,2.3186,3.0589
-0.4844,2.3186,-0.6076,2.4087,0.1526
2.3444,1.1894,-0.6076,2.4087,3.2115
-0.6076,2.4087,-0.6076,2.4087,0.0
-1.0498,-2.7369,-1.0498,-2.7369,0.0
-1.0498,-2.7369,2.8265,-0.3551,4.5727
-1.0498,-2.7369,-0.7725,-2.5212,0.3514
-0.7725,-2.5212,2.8265,-0.3551,4.2213
-1.0498,-2.7369,-0.4922,-2.3371,0.6867
-0.4922,-2.3371,2.8265,-0.3551,3.886
-1.0498,-2.7369,-0.2949,-2.21,0.9215
-0.2949,-2.21,2.8265,-0.3551,3.6512
-1.0498,-2.7369,0.0241,-2.0457,1.2802
0.0241,-2.0457,2.8265,-0.3551,3.2925
-1.0498,-2.7369,0.2847,-1.9033,1.5771
0.2847,-1.9033,2.8265,-0.3551,2.9955
-1.0498,-2.7369,0.5645,-1.7279,1.9074
0.5645,-1.7279,2.8265,-0.3551,2.6652
-1.0498,-2.7369,0.7922,-1.6435,2.1503
0.7922,-1.6435,2.8265,-0.3551,2.4224
-1.0498,-2.7369,1.0048,-1.5031,2.4051
1.0048,-1.5031,2.8265,-0.3551,2.1676
-1.0498,-2.7369,1.0946,-1.4643,2.5029
1.0946,-1.4643,2.8265,-0.3551,2.0698
-1.0498,-2.7369,1.3372,-1.3225,2.7839
1.3372,-1.3225,2.8265,-0.3551,1.7888
-1.0498,-2.7369,1.6477,-1.2022,3.1169
1.6477,-1.2022,2.8265,-0.3551,1.4558
-1.0498,-2.7369,1.8223,-1.0804,3.3298
1.8223,-1.0804,2.8265,-0.3551,1.2429
-1.0498,-2.7369,2.0868,-0.9003,3.6498
2.0868,-0.9003,2.8265,-0.3551,0.9229
-1.0498,-2.7369,2.2375,-0.7556,3.8586
2.2375,-0.7556,2.8265,-0.3551,0.714
-1.0498,-2.7369,2.4443,-0.6428,4.0942
2.4443,-0.6428,2.8265,-0.3551,0.4784
-1.0498,-2.7369,2.5967,-0.5334,4.2819
2.5967,-0.5334,2.8265,-0.3551,0.2908
-1.0498,-2.7369,2.8265,-0.3551,4.5727
2.8265,-0.3551,2.8265,-0.3551,0.0
-2.0561,1.3234,-2.0561,1.3234,0.0
-2.0561,1.3234,-1.5903,1.6135,0.5487
-2.0561,1.3234,-1.9712,1.3763,0.1
-1.9712,1.3763,-1.5903,1.6135,0.4487
-2.0561,1.3234,-1.5903,1.6135,0.5487
-1.5903,1.6135,-1.5903,1.6135,0.0
2.1365,-2.0609,2.1365,-2.0609,0.0
2.1365,-2.0609,-0.8178,2.1338,5.1376
2.1365,-2.0609,1.9741,-1.7998,0.3075
1.9741,-1.7998,-0.8178,2.1338,4.8301
2.1365,-2.0609,1.7661,-1.4485,0.7157
1.7661,-1.4485,-0.8178,2.1338,4.4218
2.1365,-2.0609,1.5146,-1.0332,1.2013
1.5146,-1.0332,-0.8178,2.1338,3.9363
2.1365,-2.0609,1.2498,-0.6294,1.6841
1.2498,-0.6294,-0.8178,2.1338,3.4534
2.1365,-2.0609,0.9842,-0.2703,2.1308
0.9842,-0.2703,-0.8178,2.1338,3.0068
2.1365,-2.0609,0.8598,-0.0927,2.3476
0.8598,-0.0927,-0.8178,2.1338,2.79
2.1365,-2.0609,0.5876,0.2773,2.807
0.5876,0.2773,-0.8178,2.1338,2.3305
2.1365,-2.0609,0.332,0.6718,3.2771
0.332,0.6718,-0.8178,2.1338,1.8605
2.1365,-2.0609,0.0801,1.0172,3.7046
0.0801,1.0172,-0.8178,2.1338,1.433
2.1365,-2.0609,0.0166,1.091,3.8019
0.0166,1.091,-0.8178,2.1338,1.3356
2.1365,-2.0609,-0.2047,1.3584,4.149
-0.2047,1.3584,-0.8178,2.1338,0.9885
2.1365,-2.0609,-0.476,1.7058,4.5898
-0.476,1.7058,-0.8178,2.1338,0.5478
2.1365,-2.0609,-0.5991,1.8664,4.7921
-0.5991,1.8664,-0.8178,2.1338,0.3455
2.1365,-2.0609,-0.8178,2.1338,5.1376
-0.8178,2.1338,-0.8178,2.1338,0.0
1.1567,2.1941,1.1567,2.1941,0.0
1.1567,2.1941,-2.8191,1.5975,4.0349
1.1567,2.1941,1.0235,2.1704,0.1352
1.0235,2.1704,-2.8191,1.5975,3.8997
1.1567,2.1941,0.7275,2.0837,0.4436
0.7275,2.0837,-2.8191,1.5975,3.5912
1.1567,2.1941,0.5488,2.0272,0.6311
0.5488,2.0272,-2.8191,1.5975,3.4038
1.1567,2.1941,0.2574,2.0002,0.9237
0.2574,2.0002,-2.8191,1.5975,3.1112
1.1567,2.1941,0.0741,1.9833,1.1078
0.0741,1.9833,-2.8191,1.5975,2.9271
1.1567,2.1941,-0.2508,1.9528,1.4341
-0.2508,1.9528,-2.8191,1.5975,2.6008
1.1567,2.1941,-0.6875,1.8825,1.8765
-0.6875,1.8825,-2.8191,1.5975,2.1584
1.1567,2.1941,-1.1383,1.8895,2.3274
-1.1383,1.8895,-2.8191,1.5975,1.7075
1.1567,2.1941,-1.523,1.8354,2.7158
-1.523,1.8354,-2.8191,1.5975,1.3191
1.1567,2.1941,-1.9869,1.7305,3.1914
-1.9869,1.7305,-2.8191,1.5975,0.8435
1.1567,2.1941,-2.3351,1.6864,3.5424
-2.3351,1.6864,-2.8191,1.5975,0.4925
1.1567,2.1941,-2.501,1.6468,3.713
-2.501,1.6468,-2.8191,1.5975,0.3219
1.1567,2.1941,-2.8191,1.5975,4.0349
-2.8191,1.5975,-2.8191,1.5975,0.0
-2.4534,0.7742,-2.4534,0.7742,0.0
-2.4534,0.7742,1.797,1.7585,4.4884
-2.4534,0.7742,-2.2161,0.9297,0.2838
-2.2161,0.9297,1.797,1.7585,4.2046
-2.4534,0.7742,-2.0064,1.1147,0.5634
-2.0064,1.1147,1.797,1.7585,3.925
-2.4534,0.7742,-1.7007,1.2885,0.915
-1.7007,1.2885,1.797,1.7585,3.5733
-2.4534,0.7742,-1.4891,1.3672,1.1408
-1.4891,1.3672,1.797,1.7585,3.3476
-2.4534,0.7742,-1.1785,1.4967,1.4773
-1.1785,1.4967,1.797,1.7585,3.0111
-2.4534,0.7742,-1.0571,1.5348,1.6045
-1.0571,1.5348,1.797,1.7585,2.8839
-2.4534,0.7742,-0.8248,1.5433,1.837
-0.8248,1.5433,1.797,1.7585,2.6514
-2.4534,0.7742,-0.6397,1.4987,2.0274
-0.6397,1.4987,1.797,1.7585,2.461
-2.4534,0.7742,-0.4171,1.5191,2.2509
-0.4171,1.5191,1.797,1.7585,2.2375
-2.4534,0.7742,-0.1324,1.546,2.5369
-0.1324,1.546,1.797,1.7585,1.9515
-2.4534,0.7742,0.1299,1.5595,2.7995
0.1299,1.5595,1.797,1.7585,1.6889
-2.4534,0.7742,0.5194,1.6141,3.1928
0.5194,1.6141,1.797,1.7585,1.2955
-2.4534,0.7742,0.7424,1.64,3.4173
0.7424,1.64,1.797,1.7585,1.0711
-2.4534,0.7742,1.0132,1.6288,3.6883
1.0132,1.6288,1.797,1.7585,0.8
-2.4534,0.7742,1.3598,1.6393,4.0351
1.3598,1.6393,1.797,1.7585,0.4532
-2.4534,0.7742,1.6041,1.6999,4.2869
1.6041,1.6999,1.797,1.7585,0.2015
-2.4534,0.7742,1.797,1.7585,4.4884
1.797,1.7585,1.797,1.7585,0.0
-0.2288,-1.8653,-0.2288,-1.8653,0.0
-0.2288,-1.8653,-1.6085,-2.8725,1.7099
-0.2288,-1.8653,-0.6262,-2.1501,0.4888
-0.6262,-2.1501,-1.6085,-2.8725,1.221
-0.2288,-1.8653,-1.0027,-2.4474,0.9686
-1.0027,-2.4474,-1.6085,-2.8725,0.7412
-0.2288,-1.8653,-1.2048,-2.5733,1.2068
-1.2048,-2.5733,-1.6085,-2.8725,0.5031
-0.2288,-1.8653,-1.5151,-2.7895,1.5849
-1.5151,-2.7895,-1.6085,-2.8725,0.1249
-0.2288,-1.8653,-1.6085,-2.8725,1.7099
-1.6085,-2.8725,-1.6085,-2.8725,0.0
1.327,-1.6178,1.327,-1.6178,0.0
1.327,-1.6178,-2.5937,-2.0934,3.956
1.327,-1.6178,1.0996,-1.6634,0.2319
1.0996,-1.6634,-2.5937,-2.0934,3.7241
1.327,-1.6178,0.6558,-1.7599,0.6861
0.6558,-1.7599,-2.5937,-2.0934,3.2699
1.327,-1.6178,0.3842,-1.7721,0.958
0.3842,-1.7721,-2.5937,-2.0934,2.998
1.327,-1.6178,-0.0642,-1.8146,1.4084
-0.0642,-1.8146,-2.5937,-2.0934,2.5477
1.327,-1.6178,-0.2897,-1.8276,1.6342
-0.2897,-1.8276,-2.5937,-2.0934,2.3218
1.327,-1.6178,-0.6439,-1.8604,1.99
-0.6439,-1.8604,-2.5937,-2.0934,1.966
1.327,-1.6178,-0.8949,-1.9001,2.2441
-0.8949,-1.9001,-2.5937,-2.0934,1.7119
1.327,-1.6178,-1.3161,-1.9478,2.668
-1.3161,-1.9478,-2.5937,-2.0934,1.288
1.327,-1.6178,-1.6338,-1.9737,2.9868
-1.6338,-1.9737,-2.5937,-2.0934,0.9692
1.327,-1.6178,-1.8217,-2.0118,3.1784
-1.8217,-2.0118,-2.5937,-2.0934,0.7776
1.327,-1.6178,-2.1443,-2.0366,3.502
-2.1443,-2.0366,-2.5937,-2.0934,0.454
1.327,-1.6178,-2.2361,-2.0604,3.5969
-2.2361,-2.0604,-2.5937,-2.0934,0.3591
1.327,-1.6178,-2.5937,-2.0934,3.956
-2.5937,-2.0934,-2.5937,-2.0934,0.0
2.7488,2.9566,2.7488,2.9566,0.0
2.7488,2.9566,-2.0881,0.1632,5.6711
2.7488,2.9566,2.4114,2.7255,0.4089
2.4114,2.7255,-2.0881,0.1632,5.2622
2.7488,2.9566,2.1407,2.5449,0.7343
2.1407,2.5449,-2.0881,0.1632,4.9368
2.7488,2.9566,1.874,2.3727,1.0518
1.874,2.3727,-2.0881,0.1632,4.6193
2.7488,2.9566,1.6816,2.2247,1.2945
1.6816,2.2247,-2.0881,0.1632,4.3766
2.7488,2.9566,1.45,2.0495,1.585
1.45,2.0495,-2.0881,0.1632,4.0862
2.7488,2.9566,1.1466,1.8214,1.9645
1.1466,1.8214,-2.0881,0.1632,3.7066
2.7488,2.9566,0.7876,1.5716,2.4019
0.7876,1.5716,-2.0881,0.1632,3.2692
2.7488,2.9566,0.5637,1.4115,2.6771
0.5637,1.4115,-2.0881,0.1632,2.994
2.7488,2.9566,0.4519,1.3225,2.82
0.4519,1.3225,-2.0881,0.1632,2.8511
2.7488,2.9566,0.205,1.1386,3.1279
0.205,1.1386,-2.0881,0.1632,2.5432
2.7488,2.9566,0.0234,1.019,3.3453
0.0234,1.019,-2.0881,0.1632,2.3258
2.7488,2.9566,-0.3659,0.7402,3.8242
-0.3659,0.7402,-2.0881,0.1632,1.8469
2.7488,2.9566,-0.7563,0.4888,4.2886
-0.7563,0.4888,-2.0881,0.1632,1.3826
2.7488,2.9566,-0.8534,0.4649,4.3886
-0.8534,0.4649,-2.0881,0.1632,1.2826
2.7488,2.9566,-1.2868,0.3989,4.8269
-1.2868,0.3989,-2.0881,0.1632,0.8443
2.7488,2.9566,-1.3862,0.4094,4.9269
-1.3862,0.4094,-2.0881,0.1632,0.7443
2.7488,2.9566,-1.7149,0.291,5.2762
-1.7149,0.291,-2.0881,0.1632,0.3949
2.7488,2.9566,-2.0107,0.1814,5.5917
-2.0107,0.1814,-2.0881,0.1632,0.0794
2.7488,2.9566,-2.0881,0.1632,5.6711
-2.0881,0.1632,-2.0881,0.1632,0.0
-0.5456,2.921,-0.5456,2.921,0.0
-0.5456,2.921,2.7988,1.4483,3.6628
-0.5456,2.921,-0.2569,2.7735,0.3242
-0.2569,2.7735,2.7988,1.4483,3.3387
-0.5456,2.921,0.0847,2.5802,0.7167
0.0847,2.5802,2.7988,1.4483,2.9461
-0.5456,2.921,0.2664,2.4744,0.927
0.2664,2.4744,2.7988,1.4483,2.7359
-0.5456,2.921,0.5819,2.3296,1.2741
0.5819,2.3296,2.7988,1.4483,2.3887
-0.5456,2.921,0.8792,2.2386,1.585
0.8792,2.2386,2.7988,1.4483,2.0779
-0.5456,2.921,1.1995,2.1213,1.9261
1.1995,2.1213,2.7988,1.4483,1.7367
-0.5456,2.921,1.5134,1.9994,2.2629
1.5134,1.9994,2.7988,1.4483,1.4
-0.5456,2.921,1.8058,1.8813,2.5782
1.8058,1.8813,2.7988,1.4483,1.0846
-0.5456,2.921,2.0511,1.7828,2.8425
2.0511,1.7828,2.7988,1.4483,0.8203
-0.5456,2.921,2.161,1.7388,2.9609
2.161,1.7388,2.7988,1.4483,0.7019
-0.5456,2.921,2.4716,1.6137,3.2957
2.4716,1.6137,2.7988,1.4483,0.3671
-0.5456,2.921,2.6041,1.5571,3.4399
2.6041,1.5571,2.7988,1.4483,0.223
-0.5456,2.921,2.7988,1.4483,3.6628
2.7988,1.4483,2.7988,1.4483,0.0
2.2638,-2.1435,2.2638,-2.1435,0.0
2.2638,-2.1435,-1.9167,-1.0501,4.3317
2.2638,-2.1435,2.1412,-2.0746,0.1407
2.1412,-2.0746,-1.9167,-1.0501,4.191
2.2638,-2.1435,1.7232,-1.957,0.5749
1.7232,-1.957,-1.9167,-1.0501,3.7567
2.2638,-2.1435,1.2663,-1.8564,1.0427
1.2663,-1.8564,-1.9167,-1.0501,3.2889
2.2638,-2.1435,0.805,-1.7566,1.5147
0.805,-1.7566,-1.9167,-1.0501,2.817
2.2638,-2.1435,0.3247,-1.6632,2.004
0.3247,-1.6632,-1.9167,-1.0501,2.3276
2.2638,-2.1435,-0.1138,-1.5386,2.4598
-0.1138,-1.5386,-1.9167,-1.0501,1.8718
2.2638,-2.1435,-0.5166,-1.4212,2.8794
-0.5166,-1.4212,-1.9167,-1.0501,1.4522
2.2638,-2.1435,-0.6422,-1.3768,3.0127
-0.6422,-1.3768,-1.9167,-1.0501,1.319
2.2638,-2.1435,-0.9722,-1.2844,3.3553
-0.9722,-1.2844,-1.9167,-1.0501,0.9764
2.2638,-2.1435,-1.3214,-1.2238,3.7098
-1.3214,-1.2238,-1.9167,-1.0501,0.6219
2.2638,-2.1435,-1.4116,-1.2032,3.8023
-1.4116,-1.2032,-1.9167,-1.0501,0.5294
2.2638,-2.1435,-1.7571,-1.0785,4.1696
-1.7571,-1.0785,-1.9167,-1.0501,0.1621
2.2638,-2.1435,-1.9167,-1.0501,4.3317
-1.9167,-1.0501,-1.9167,-1.0501,0.0
-2.1796,1.1369,-2.1796,1.1369,0.0
-2.1796,1.1369,2.5835,0.3882,4.9533
-2.1796,1.1369,-2.0989,1.0778,0.1
-2.0989,1.0778,2.5835,0.3882,4.8533
-2.1796,1.1369,-1.6989,0.8171,0.5775
-1.6989,0.8171,2.5835,0.3882,4.3758
-2.1796,1.1369,-1.4202,0.6015,0.9298
-1.4202,0.6015,2.5835,0.3882,4.0235
-2.1796,1.1369,-1.357,0.5831,0.9957
-1.357,0.5831,2.5835,0.3882,3.9576
-2.1796,1.1369,-1.0267,0.5665,1.3264
-1.0267,0.5665,2.5835,0.3882,3.6269
-2.1796,1.1369,-0.7144,0.5331,1.6405
-0.7144,0.5331,2.5835,0.3882,3.3128
-2.1796,1.1369,-0.4128,0.4873,1.9455
-0.4128,0.4873,2.5835,0.3882,3.0078
-2.1796,1.1369,-0.2289,0.4905,2.1295
-0.2289,0.4905,2.5835,0.3882,2.8238
-2.1796,1.1369,0.0232,0.5206,2.3834
0.0232,0.5206,2.5835,0.3882,2.5699
-2.1796,1.1369,0.3622,0.4961,2.7232
0.3622,0.4961,2.5835,0.3882,2.2301
-2.1796,1.1369,0.3743,0.4917,2.7361
0.3743,0.4917,2.5835,0.3882,2.2172
-2.1796,1.1369,0.6513,0.5093,3.0136
0.6513,0.5093,2.5835,0.3882,1.9397
-2.1796,1.1369,0.9861,0.5019,3.3485
0.9861,0.5019,2.5835,0.3882,1.6048
-2.1796,1.1369,1.1186,0.4825,3.4824
1.1186,0.4825,2.5835,0.3882,1.4709
-2.1796,1.1369,1.3534,0.4709,3.7175
1.3534,0.4709,2.5835,0.3882,1.2358
-2.1796,1.1369,1.6217,0.4646,3.9859
1.6217,0.4646,2.5835,0.3882,0.9674
-2.1796,1.1369,1.8887,0.4293,4.2552
1.8887,0.4293,2.5835,0.3882,0.6981
-2.1796,1.1369,2.1257,0.4401,4.4924
2.1257,0.4401,2.5835,0.3882,0.4609
-2.1796,1.1369,2.2615,0.4291,4.6287
2.2615,0.4291,2.5835,0.3882,0.3246
-2.1796,1.1369,2.5835,0.3882,4.9533
2.5835,0.3882,2.5835,0.3882,0.0
-2.5271,0.7874,-2.5271,0.7874,0.0
-2.5271,0.7874,-0.5933,-2.654,3.9519
-2.5271,0.7874,-2.4053,0.6016,0.2222
-2.4053,0.6016,-0.5933,-2.654,3.7297
-2.5271,0.7874,-2.2594,0.3227,0.5369
-2.2594,0.3227,-0.5933,-2.654,3.415
-2.5271,0.7874,-2.0071,-0.0964,1.0261
-2.0071,-0.0964,-0.5933,-2.654,2.9258
-2.5271,0.7874,-1.8778,-0.3459,1.3071
-1.8778,-0.3459,-0.5933,-2.654,2.6449
-2.5271,0.7874,-1.6663,-0.7843,1.7938
-1.6663,-0.7843,-0.5933,-2.654,2.1581
-2.5271,0.7874,-1.5256,-1.0187,2.0672
-1.5256,-1.0187,-0.5933,-2.654,1.8847
-2.5271,0.7874,-1.2685,-1.444,2.5643
-1.2685,-1.444,-0.5933,-2.654,1.3877
-2.5271,0.7874,-1.0502,-1.7974,2.9797
-1.0502,-1.7974,-0.5933,-2.654,0.9723
-2.5271,0.7874,-0.8603,-2.1602,3.3891
-0.8603,-2.1602,-0.5933,-2.654,0.5629
-2.5271,0.7874,-0.6317,-2.5486,3.8398
-0.6317,-2.5486,-0.5933,-2.654,0.1121
-2.5271,0.7874,-0.5933,-2.654,3.9519
-0.5933,-2.654,-0.5933,-2.654,0.0
0.9819,1.665,0.9819,1.665,0.0
0.9819,1.665,-2.0933,-1.2271,4.249
0.9819,1.665,0.8767,1.5824,0.1337
0.8767,1.5824,-2.0933,-1.2271,4.1153
0.9819,1.665,0.5529,1.2877,0.5716
0.5529,1.2877,-2.0933,-1.2271,3.6774
0.9819,1.665,0.4243,1.1457,0.7632
0.4243,1.1457,-2.0933,-1.2271,3.4858
0.9819,1.665,0.2609,0.9871,0.9909
0.2609,0.9871,-2.0933,-1.2271,3.2581
0.9819,1.665,0.1376,0.8425,1.1809
0.1376,0.8425,-2.0933,-1.2271,3.0681
0.9819,1.665,-0.1641,0.6326,1.5484
-0.1641,0.6326,-2.0933,-1.2271,2.7006
0.9819,1.665,-0.3983,0.5225,1.8072
-0.3983,0.5225,-2.0933,-1.2271,2.4418
0.9819,1.665,-0.5319,0.3392,2.034
-0.5319,0.3392,-2.0933,-1.2271,2.215
0.9819,1.665,-0.7604,0.1399,2.3372
-0.7604,0.1399,-2.0933,-1.2271,1.9118
0.9819,1.665,-1.0033,-0.1002,2.6788
-1.0033,-0.1002,-2.0933,-1.2271,1.5702
0.9819,1.665,-1.1788,-0.2909,2.938
-1.1788,-0.2909,-2.0933,-1.2271,1.311
0.9819,1.665,-1.4083,-0.5367,3.2742
-1.4083,-0.5367,-2.0933,-1.2271,0.9748
0.9819,1.665,-1.6661,-0.8117,3.6512
-1.6661,-0.8117,-2.0933,-1.2271,0.5978
0.9819,1.665,-1.8827,-1.0566,3.9781
-1.8827,-1.0566,-2.0933,-1.2271,0.2709
0.9819,1.665,-2.0933,-1.2271,4.249
-2.0933,-1.2271,-2.0933,-1.2271,0.0
-2.9712,-1.9733,-2.9712,-1.9733,0.0
-2.9712,-1.9733,1.3842,-1.3083,4.413
-2.9712,-1.9733,-2.6187,-1.9253,0.3558
-2.6187,-1.9253,1.3842,-1.3083,4.0572
-2.9712,-1.9733,-2.4159,-1.9059,0.5595
-2.4159,-1.9059,1.3842,-1.3083,3.8535
-2.9712,-1.9733,-2.0084,-1.8569,0.9699
-2.0084,-1.8569,1.3842,-1.3083,3.4431
-2.9712,-1.9733,-1.7652,-1.8339,1.2143
-1.7652,-1.8339,1.3842,-1.3083,3.1987
-2.9712,-1.9733,-1.3285,-1.7756,1.6548
-1.3285,-1.7756,1.3842,-1.3083,2.7582
-2.9712,-1.9733,-1.0058,-1.7333,1.9802
-1.0058,-1.7333,1.3842,-1.3083,2.4328
-2.9712,-1.9733,-0.719,-1.7098,2.2681
-0.719,-1.7098,1.3842,-1.3083,2.1449
-2.9712,-1.9733,-0.4364,-1.6454,2.5578
-0.4364,-1.6454,1.3842,-1.3083,1.8552
-2.9712,-1.9733,-0.0236,-1.5355,2.9851
-0.0236,-1.5355,1.3842,-1.3083,1.4279
-2.9712,-1.9733,0.2276,-1.491,3.2402
0.2276,-1.491,1.3842,-1.3083,1.1728
-2.9712,-1.9733,0.6748,-1.4119,3.6943
0.6748,-1.4119,1.3842,-1.3083,0.7187
-2.9712,-1.9733,0.9412,-1.3863,3.9619
0.9412,-1.3863,1.3842,-1.3083,0.4511
-2.9712,-1.9733,1.137,-1.3686,4.1586
1.137,-1.3686,1.3842,-1.3083,0.2544
-2.9712,-1.9733,1.3842,-1.3083,4.413
1.3842,-1.3083,1.3842,-1.3083,0.0
0.5338,0.7646,0.5338,0.7646,0.0
0.5338,0.7646,2.1516,-1.8582,3.0975
0.5338,0.7646,0.8317,0.3867,0.4813
0.8317,0.3867,2.1516,-1.8582,2.6163
0.5338,0.7646,1.011,0.1196,0.8029
1.011,0.1196,2.1516,-1.8582,2.2946
0.5338,0.7646,1.2168,-0.2003,1.1833
1.2168,-0.2003,2.1516,-1.8582,1.9142
0.5338,0.7646,1.4412,-0.5246,1.5776
1.4412,-0.5246,2.1516,-1.8582,1.5199
0.5338,0.7646,1.6591,-0.8472,1.967
1.6591,-0.8472,2.1516,-1.8582,1.1306
0.5338,0.7646,1.7851,-1.0886,2.2393
1.7851,-1.0886,2.1516,-1.8582,0.8582
0.5338,0.7646,1.8941,-1.3216,2.4966
1.8941,-1.3216,2.1516,-1.8582,0.601
0.5338,0.7646,2.0233,-1.4979,2.7151
2.0233,-1.4979,2.1516,-1.8582,0.3824
0.5338,0.7646,2.1516,-1.8582,3.0975
2.1516,-1.8582,2.1516,-1.8582,0.0
-1.6634,2.4877,-1.6634,2.4877,0.0
-1.6634,2.4877,1.6896,-1.5662,5.3406
-1.6634,2.4877,-1.409,2.2522,0.3467
-1.409,2.2522,1.6896,-1.5662,4.9939
-1.6634,2.4877,-1.1926,2.0187,0.6651
-1.1926,2.0187,1.6896,-1.5662,4.6755
-1.6634,2.4877,-0.955,1.7599,1.0164
-0.955,1.7599,1.6896,-1.5662,4.3242
-1.6634,2.4877,-0.7322,1.557,1.3177
-0.7322,1.557,1.6896,-1.5662,4.0229
-1.6634,2.4877,-0.4609,1.3095,1.685
-0.4609,1.3095,1.6896,-1.5662,3.6556
-1.6634,2.4877,-0.2808,1.1608,1.9185
-0.2808,1.1608,1.6896,-1.5662,3.422
-1.6634,2.4877,-0.065,0.9268,2.2369
-0.065,0.9268,1.6896,-1.5662,3.1037
-1.6634,2.4877,0.0151,0.8263,2.3654
0.0151,0.8263,1.6896,-1.5662,2.9752
-1.6634,2.4877,0.2849,0.5861,2.7266
0.2849,0.5861,1.6896,-1.5662,2.614
-1.6634,2.4877,0.3423,0.5304,2.8066
0.3423,0.5304,1.6896,-1.5662,2.534
-1.6634,2.4877,0.6962,0.2752,3.2429
0.6962,0.2752,1.6896,-1.5662,2.0977
-1.6634,2.4877,0.8073,0.0973,3.4526
0.8073,0.0973,1.6896,-1.5662,1.888
-1.6634,2.4877,0.8389,0.0225,3.5339
0.8389,0.0225,1.6896,-1.5662,1.8067
-1.6634,2.4877,1.019,-0.2317,3.8454
1.019,-0.2317,1.6896,-1.5662,1.4952
-1.6634,2.4877,1.0985,-0.3845,4.0176
1.0985,-0.3845,1.6896,-1.5662,1.323
-1.6634,2.4877,1.2121,-0.6042,4.2649
1.2121,-0.6042,1.6896,-1.5662,1.0756
-1.6634,2.4877,1.2225,-0.6286,4.2915
1.2225,-0.6286,1.6896,-1.5662,1.0491
-1.6634,2.4877,1.4133,-0.9572,4.6715
1.4133,-0.9572,1.6896,-1.5662,0.6691
-1.6634,2.4877,1.5963,-1.3363,5.0925
1.5963,-1.3363,1.6896,-1.5662,0.2481
-1.6634,2.4877,1.6896,-1.5662,5.3406
1.6896,-1.5662,1.6896,-1.5662,0.0
-1.2468,-0.812,-1.2468,-0.812,0.0
-1.2468,-0.812,-2.1415,-1.093,0.9384
-1.2468,-0.812,-1.565,-0.9007,0.3303
-1.565,-0.9007,-2.1415,-1.093,0.6081
-1.2468,-0.812,-1.8564,-0.9863,0.634
-1.8564,-0.9863,-2.1415,-1.093,0.3044
-1.2468,-0.812,-2.1415,-1.093,0.9384
-2.1415,-1.093,-2.1415,-1.093,0.0
-0.9933,-2.181,-0.9933,-2.181,0.0
-0.9933,-2.181,-1.7842,2.5214,4.7892
-0.9933,-2.181,-1.0426,-1.8505,0.3342
-1.0426,-1.8505,-1.7842,2.5214,4.4551
-0.9933,-2.181,-1.0647,-1.5624,0.6231
-1.0647,-1.5624,-1.7842,2.5214,4.1661
-0.9933,-2.181,-1.1226,-1.1219,1.0674
-1.1226,-1.1219,-1.7842,2.5214,3.7219
-0.9933,-2.181,-1.2303,-0.6338,1.5673
-1.2303,-0.6338,-1.7842,2.5214,3.2219
-0.9933,-2.181,-1.3377,-0.2634,1.9529
-1.3377,-0.2634,-1.7842,2.5214,2.8364
-0.9933,-2.181,-1.4039,-0.0279,2.1975
-1.4039,-0.0279,-1.7842,2.5214,2.5917
-0.9933,-2.181,-1.4867,0.2434,2.4812
-1.4867,0.2434,-1.7842,2.5214,2.3081
-0.9933,-2.181,-1.6022,0.5691,2.8268
-1.6022,0.5691,-1.7842,2.5214,1.9625
-0.9933,-2.181,-1.6676,1.0534,3.3155
-1.6676,1.0534,-1.7842,2.5214,1.4738
-0.9933,-2.181,-1.6864,1.285,3.5478
-1.6864,1.285,-1.7842,2.5214,1.2415
-0.9933,-2.181,-1.6975,1.6895,3.9525
-1.6975,1.6895,-1.7842,2.5214,0.8367
-0.9933,-2.181,-1.7315,1.943,4.2082
-1.7315,1.943,-1.7842,2.5214,0.581
-0.9933,-2.181,-1.766,2.2331,4.5004
-1.766,2.2331,-1.7842,2.5214,0.2889
-0.9933,-2.181,-1.7842,2.5214,4.7892
-1.7842,2.5214,-1.7842,2.5214,0.0
-1.5162,1.7153,-1.5162,1.7153,0.0
-1.5162,1.7153,-1.0275,2.7514,1.1463
-1.5162,1.7153,-1.4098,1.9836,0.2886
-1.4098,1.9836,-1.0275,2.7514,0.8578
-1.5162,1.7153,-1.2325,2.3341,0.6814
-1.2325,2.3341,-1.0275,2.7514,0.465
-1.5162,1.7153,-1.0275,2.7514,1.1463
-1.0275,2.7514,-1.0275,2.7514,0.0
2.9997,2.8789,2.9997,2.8789,0.0
2.9997,2.8789,0.0482,-1.1533,5.01
2.9997,2.8789,2.7476,2.5601,0.4064
2.7476,2.5601,0.0482,-1.1533,4.6035
2.9997,2.8789,2.4757,2.2327,0.832
2.4757,2.2327,0.0482,-1.1533,4.178
2.9997,2.8789,2.1738,1.8556,1.3151
2.1738,1.8556,0.0482,-1.1533,3.6949
2.9997,2.8789,2.0735,1.6903,1.5084
2.0735,1.6903,0.0482,-1.1533,3.5015
2.9997,2.8789,1.9197,1.4186,1.8206
1.9197,1.4186,0.0482,-1.1533,3.1894
2.9997,2.8789,1.7615,1.1772,2.1093
1.7615,1.1772,0.0482,-1.1533,2.9007
2.9997,2.8789,1.5949,0.9491,2.3917
1.5949,0.9491,0.0482,-1.1533,2.6183
2.9997,2.8789,1.49,0.8116,2.5647
1.49,0.8116,0.0482,-1.1533,2.4453
2.9997,2.8789,1.3045,0.5597,2.8775
1.3045,0.5597,0.0482,-1.1533,2.1325
2.9997,2.8789,1.1302,0.3306,3.1654
1.1302,0.3306,0.0482,-1.1533,1.8446
2.9997,2.8789,0.9349,0.1023,3.4658
0.9349,0.1023,0.0482,-1.1533,1.5442
2.9997,2.8789,0.7058,-0.1509,3.8073
0.7058,-0.1509,0.0482,-1.1533,1.2027
2.9997,2.8789,0.4735,-0.4438,4.1811
0.4735,-0.4438,0.0482,-1.1533,0.8289
2.9997,2.8789,0.2513,-0.7628,4.5698
0.2513,-0.7628,0.0482,-1.1533,0.4402
2.9997,2.8789,0.0482,-1.1533,5.01
0.0482,-1.1533,0.0482,-1.1533,0.0
0.0646,1.832,0.0646,1.832,0.0
0.0646,1.832,-2.3415,1.3143,2.4655
0.0646,1.832,-0.3022,1.7597,0.3739
-0.3022,1.7597,-2.3415,1.3143,2.0915
0.0646,1.832,-0.584,1.6812,0.6664
-0.584,1.6812,-2.3415,1.3143,1.7991
0.0646,1.832,-0.9752,1.6353,1.0603
-0.9752,1.6353,-2.3415,1.3143,1.4052
0.0646,1.832,-1.0685,1.6185,1.1551
-1.0685,1.6185,-2.3415,1.3143,1.3104
0.0646,1.832,-1.1719,1.6002,1.2602
-1.1719,1.6002,-2.3415,1.3143,1.2053
0.0646,1.832,-1.4879,1.5266,1.5846
-1.4879,1.5266,-2.3415,1.3143,0.8809
0.0646,1.832,-1.6674,1.4984,1.7662
-1.6674,1.4984,-2.3415,1.3143,0.6992
0.0646,1.832,-1.9852,1.3994,2.0991
-1.9852,1.3994,-2.3415,1.3143,0.3664
0.0646,1.832,-2.2422,1.339,2.3632
-2.2422,1.339,-2.3415,1.3143,0.1023
0.0646,1.832,-2.3415,1.3143,2.4655
-2.3415,1.3143,-2.3415,1.3143,0.0
2.9061,0.5852,2.9061,0.5852,0.0
2.9061,0.5852,-0.2957,-1.6902,3.9442
2.9061,0.5852,2.6946,0.4493,0.2514
2.6946,0.4493,-0.2957,-1.6902,3.6927
2.9061,0.5852,2.425,0.2609,0.5803
2.425,0.2609,-0.2957,-1.6902,3.3638
2.9061,0.5852,2.1641,0.0823,0.8965
2.1641,0.0823,-0.2957,-1.6902,3.0476
2.9061,0.5852,1.9508,-0.094,1.1732
1.9508,-0.094,-0.2957,-1.6902,2.7709
2.9061,0.5852,1.7409,-0.2546,1.4374
1.7409,-0.2546,-0.2957,-1.6902,2.5067
2.9061,0.5852,1.5759,-0.4027,1.6592
1.5759,-0.4027,-0.2957,-1.6902,2.2849
2.9061,0.5852,1.3496,-0.5932,1.9551
1.3496,-0.5932,-0.2957,-1.6902,1.9891
2.9061,0.5852,1.1367,-0.7751,2.2351
1.1367,-0.7751,-0.2957,-1.6902,1.7091
2.9061,0.5852,0.8972,-0.9695,2.5436
0.8972,-0.9695,-0.2957,-1.6902,1.4006
2.9061,0.5852,0.6429,-1.191,2.8808
0.6429,-1.191,-0.2957,-1.6902,1.0634
2.9061,0.5852,0.412,-1.3255,3.1479
0.412,-1.3255,-0.2957,-1.6902,0.7962
2.9061,0.5852,0.0735,-1.5031,3.5302
0.0735,-1.5031,-0.2957,-1.6902,0.414
2.9061,0.5852,-0.2957,-1.6902,3.9442
-0.2957,-1.6902,-0.2957,-1.6902,0.0
-0.1153,0.6869,-0.1153,0.6869,0.0
-0.1153,0.6869,-0.6306,2.1963,1.5978
-0.1153,0.6869,-0.2044,0.8741,0.2073
-0.2044,0.8741,-0.6306,2.1963,1.3905
-0.1153,0.6869,-0.3215,1.1841,0.5387
-0.3215,1.1841,-0.6306,2.1963,1.0591
-0.1153,0.6869,-0.4163,1.4387,0.8103
-0.4163,1.4387,-0.6306,2.1963,0.7875
-0.1153,0.6869,-0.5185,1.8131,1.1985
-0.5185,1.8131,-0.6306,2.1963,0.3993
-0.1153,0.6869,-0.6011,2.1013,1.4983
-0.6011,2.1013,-0.6306,2.1963,0.0995
-0.1153,0.6869,-0.6306,2.1963,1.5978
-0.6306,2.1963,-0.6306,2.1963,0.0
-1.1318,-1.4785,-1.1318,-1.4785,0.0
-1.1318,-1.4785,-0.9799,-2.6964,1.2285
-1.1318,-1.4785,-1.107,-1.677,0.2
-1.107,-1.677,-0.9799,-2.6964,1.0285
-1.1318,-1.4785,-1.0681,-2.1637,0.6883
-1.0681,-2.1637,-0.9799,-2.6964,0.5402
-1.1318,-1.4785,-1.0295,-2.4412,0.9685
-1.0295,-2.4412,-0.9799,-2.6964,0.26
-1.1318,-1.4785,-0.9799,-2.6964,1.2285
-0.9799,-2.6964,-0.9799,-2.6964,0.0
0.2678,-1.3122,0.2678,-1.3122,0.0
0.2678,-1.3122,1.987,0.4093,2.4371
0.2678,-1.3122,0.5206,-1.1097,0.3239
0.5206,-1.1097,1.987,0.4093,2.1132
0.2678,-1.3122,0.8646,-0.7901,0.7934
0.8646,-0.7901,1.987,0.4093,1.6437
0.2678,-1.3122,1.0776,-0.5659,1.1027
1.0776,-0.5659,1.987,0.4093,1.3344
0.2678,-1.3122,1.3134,-0.3053,1.4542
1.3134,-0.3053,1.987,0.4093,0.983
0.2678,-1.3122,1.5301,-0.0625,1.7796
1.5301,-0.0625,1.987,0.4093,0.6575
0.2678,-1.3122,1.7393,0.1768,2.0974
1.7393,0.1768,1.987,0.4093,0.3397
0.2678,-1.3122,1.987,0.4093,2.4371
1.987,0.4093,1.987,0.4093,0.0
-1.0072,-0.4018,-1.0072,-0.4018,0.0
-1.0072,-0.4018,1.9901,0.2682,3.1726
-1.0072,-0.4018,-0.6145,-0.4649,0.3978
-0.6145,-0.4649,1.9901,0.2682,2.7749
-1.0072,-0.4018,-0.2978,-0.4764,0.7147
-0.2978,-0.4764,1.9901,0.2682,2.4579
-1.0072,-0.4018,0.0597,-0.4737,1.0722
0.0597,-0.4737,1.9901,0.2682,2.1004
-1.0072,-0.4018,0.3379,-0.462,1.3506
0.3379,-0.462,1.9901,0.2682,1.822
-1.0072,-0.4018,0.4702,-0.4503,1.4835
0.4702,-0.4503,1.9901,0.2682,1.6892
-1.0072,-0.4018,0.6794,-0.3824,1.7034
0.6794,-0.3824,1.9901,0.2682,1.4692
-1.0072,-0.4018,1.1008,-0.121,2.1993
1.1008,-0.121,1.9901,0.2682,0.9733
-1.0072,-0.4018,1.3989,0.0435,2.5398
1.3989,0.0435,1.9901,0.2682,0.6328
-1.0072,-0.4018,1.625,0.1399,2.7856
1.625,0.1399,1.9901,0.2682,0.3871
-1.0072,-0.4018,1.8944,0.2388,3.0725
1.8944,0.2388,1.9901,0.2682,0.1002
-1.0072,-0.4018,1.9901,0.2682,3.1726
1.9901,0.2682,1.9901,0.2682,0.0
2.5202,-0.9926,2.5202,-0.9926,0.0
2.5202,-0.9926,-1.0985,-0.4282,3.6716
2.5202,-0.9926,2.5016,-0.9878,0.0192
2.5016,-0.9878,-1.0985,-0.4282,3.6525
2.5202,-0.9926,2.1704,-0.8942,0.3634
2.1704,-0.8942,-1.0985,-0.4282,3.3083
2.5202,-0.9926,1.8452,-0.8546,0.6909
1.8452,-0.8546,-1.0985,-0.4282,2.9807
2.5202,-0.9926,1.562,-0.7827,0.9831
1.562,-0.7827,-1.0985,-0.4282,2.6885
2.5202,-0.9926,1.4329,-0.7712,1.1128
1.4329,-0.7712,-1.0985,-0.4282,2.5589
2.5202,-0.9926,1.0977,-0.7472,1.4488
1.0977,-0.7472,-1.0985,-0.4282,2.2228
2.5202,-0.9926,0.9228,-0.7078,1.628
0.9228,-0.7078,-1.0985,-0.4282,2.0436
2.5202,-0.9926,0.6001,-0.6517,1.9556
0.6001,-0.6517,-1.0985,-0.4282,1.716
2.5202,-0.9926,0.4492,-0.6188,2.1101
0.4492,-0.6188,-1.0985,-0.4282,1.5616
2.5202,-0.9926,0.1533,-0.5822,2.4082
0.1533,-0.5822,-1.0985,-0.4282,1.2634
2.5202,-0.9926,-0.1371,-0.553,2.7
-0.1371,-0.553,-1.0985,-0.4282,0.9716
2.5202,-0.9926,-0.4349,-0.4845,3.0057
-0.4349,-0.4845,-1.0985,-0.4282,0.666
2.5202,-0.9926,-0.9049,-0.4433,3.4774
-0.9049,-0.4433,-1.0985,-0.4282,0.1942
2.5202,-0.9926,-1.0985,-0.4282,3.6716
-1.0985,-0.4282,-1.0985,-0.4282,0.0
-2.0872,0.4612,-2.0872,0.4612,0.0
-2.0872,0.4612,0.6934,2.1959,3.4148
-2.0872,0.4612,-1.8743,0.7702,0.3752
-1.8743,0.7702,0.6934,2.1959,3.0396
-2.0872,0.4612,-1.5784,1.151,0.8575
-1.5784,1.151,0.6934,2.1959,2.5574
-2.0872,0.4612,-1.4036,1.4113,1.1711
-1.4036,1.4113,0.6934,2.1959,2.2438
-2.0872,0.4612,-0.996,1.5456,1.6002
-0.996,1.5456,0.6934,2.1959,1.8147
-2.0872,0.4612,-0.5451,1.7546,2.0972
-0.5451,1.7546,0.6934,2.1959,1.3176
-2.0872,0.4612,-0.2692,1.8741,2.3979
-0.2692,1.8741,0.6934,2.1959,1.017
-2.0872,0.4612,0.0254,2.0027,2.7193
0.0254,2.0027,0.6934,2.1959,0.6955
-2.0872,0.4612,0.2244,2.0665,2.9283
0.2244,2.0665,0.6934,2.1959,0.4866
-2.0872,0.4612,0.5586,2.1606,3.2754
0.5586,2.1606,0.6934,2.1959,0.1394
-2.0872,0.4612,0.6934,2.1959,3.4148
0.6934,2.1959,0.6934,2.1959,0.0
0.5071,0.5614,0.5071,0.5614,0.0
0.5071,0.5614,1.0645,2.3652,1.9009
0.5071,0.5614,0.5595,0.8609,0.304
0.5595,0.8609,1.0645,2.3652,1.5969
0.5071,0.5614,0.6094,1.2051,0.6518
0.6094,1.2051,1.0645,2.3652,1.2491
0.5071,0.5614,0.6194,1.2825,0.7299
0.6194,1.2825,1.0645,2.3652,1.171
0.5071,0.5614,0.7013,1.4869,0.95
0.7013,1.4869,1.0645,2.3652,0.9509
0.5071,0.5614,0.812,1.744,1.2299
0.812,1.744,1.0645,2.3652,0.671
0.5071,0.5614,0.9197,2.0388,1.5438
0.9197,2.0388,1.0645,2.3652,0.3571
0.5071,0.5614,1.0645,2.3652,1.9009
1.0645,2.3652,1.0645,2.3652,0.0
-0.4552,1.0724,-0.4552,1.0724,0.0
-0.4552,1.0724,1.0889,-0.6924,2.4383
-0.4552,1.0724,-0.135,0.8272,0.4033
-0.135,0.8272,1.0889,-0.6924,2.035
-0.4552,1.0724,0.0991,0.6648,0.6883
0.0991,0.6648,1.0889,-0.6924,1.7501
-0.4552,1.0724,0.2782,0.5693,0.8913
0.2782,0.5693,1.0889,-0.6924,1.5471
-0.4552,1.0724,0.6233,0.3334,1.3093
0.6233,0.3334,1.0889,-0.6924,1.1291
-0.4552,1.0724,0.7135,0.1009,1.5586
0.7135,0.1009,1.0889,-0.6924,0.8797
-0.4552,1.0724,0.8522,-0.1611,1.8551
0.8522,-0.1611,1.0889,-0.6924,0.5832
-0.4552,1.0724,1.0023,-0.5465,2.2687
1.0023,-0.5465,1.0889,-0.6924,0.1697
-0.4552,1.0724,1.0889,-0.6924,2.4383
1.0889,-0.6924,1.0889,-0.6924,0.0
1.3088,-0.263,1.3088,-0.263,0.0
1.3088,-0.263,-1.0475,-1.8385,2.8358
1.3088,-0.263,0.9731,-0.4768,0.3979
0.9731,-0.4768,-1.0475,-1.8385,2.4379
1.3088,-0.263,0.6505,-0.6954,0.7876
0.6505,-0.6954,-1.0475,-1.8385,2.0482
1.3088,-0.263,0.3477,-0.9148,1.1616
0.3477,-0.9148,-1.0475,-1.8385,1.6742
1.3088,-0.263,0.2426,-0.9757,1.2831
0.2426,-0.9757,-1.0475,-1.8385,1.5528
1.3088,-0.263,-0.0097,-1.1589,1.5948
-0.0097,-1.1589,-1.0475,-1.8385,1.241
1.3088,-0.263,-0.252,-1.3221,1.887
-0.252,-1.3221,-1.0475,-1.8385,0.9488
1.3088,-0.263,-0.3135,-1.36,1.9592
-0.3135,-1.36,-1.0475,-1.8385,0.8766
1.3088,-0.263,-0.3729,-1.4072,2.0351
-0.3729,-1.4072,-1.0475,-1.8385,0.8007
1.3088,-0.263,-0.6279,-1.5732,2.3393
-0.6279,-1.5732,-1.0475,-1.8385,0.4965
1.3088,-0.263,-0.8169,-1.689,2.561
-0.8169,-1.689,-1.0475,-1.8385,0.2748
1.3088,-0.263,-1.0475,-1.8385,2.8358
-1.0475,-1.8385,-1.0475,-1.8385,0.0
1.0008,2.8473,1.0008,2.8473,0.0
1.0008,2.8473,2.3822,1.8492,1.7055
1.0008,2.8473,1.3154,2.6039,0.3978
1.3154,2.6039,2.3822,1.8492,1.3078
1.0008,2.8473,1.5774,2.4038,0.7275
1.5774,2.4038,2.3822,1.8492,0.9781
1.0008,2.8473,1.8221,2.229,1.0281
1.8221,2.229,2.3822,1.8492,0.6774
1.0008,2.8473,2.0376,2.0928,1.283
2.0376,2.0928,2.3822,1.8492,0.4225
1.0008,2.8473,2.1873,1.9746,1.4738
2.1873,1.9746,2.3822,1.8492,0.2317
1.0008,2.8473,2.3822,1.8492,1.7055
2.3822,1.8492,2.3822,1.8492,0.0
1.2968,-2.0721,1.2968,-2.0721,0.0
1.2968,-2.0721,2.7658,-2.942,1.7089
1.2968,-2.0721,1.4617,-2.1844,0.1995
1.4617,-2.1844,2.7658,-2.942,1.5095
1.2968,-2.0721,1.8526,-2.4363,0.6645
1.8526,-2.4363,2.7658,-2.942,1.0444
1.2968,-2.0721,2.2519,-2.6721,1.1283
2.2519,-2.6721,2.7658,-2.942,0.5807
1.2968,-2.0721,2.601,-2.8471,1.5187
2.601,-2.8471,2.7658,-2.942,0.1902
1.2968,-2.0721,2.7658,-2.942,1.7089
2.7658,-2.942,2.7658,-2.942,0.0
2.3491,1.1133,2.3491,1.1133,0.0
2.3491,1.1133,1.9298,1.5479,0.6076
2.3491,1.1133,2.1528,1.3645,0.3188
2.1528,1.3645,1.9298,1.5479,0.2888
2.3491,1.1133,1.9298,1.5479,0.6076
1.9298,1.5479,1.9298,1.5479,0.0
-1.1526,-0.5129,-1.1526,-0.5129,0.0
-1.1526,-0.5129,2.2903,2.8456,4.8506
-1.1526,-0.5129,-0.989,-0.2347,0.3228
-0.989,-0.2347,2.2903,2.8456,4.5278
-1.1526,-0.5129,-0.8055,0.0742,0.682
-0.8055,0.0742,2.2903,2.8456,4.1685
-1.1526,-0.5129,-0.5967,0.2815,0.9763
-0.5967,0.2815,2.2903,2.8456,3.8742
-1.1526,-0.5129,-0.323,0.6375,1.4253
-0.323,0.6375,2.2903,2.8456,3.4252
-1.1526,-0.5129,-0.2575,0.6917,1.5103
-0.2575,0.6917,2.2903,2.8456,3.3402
-1.1526,-0.5129,0.0767,0.9624,1.9404
0.0767,0.9624,2.2903,2.8456,2.9101
-1.1526,-0.5129,0.3578,1.1974,2.3069
0.3578,1.1974,2.2903,2.8456,2.5437
-1.1526,-0.5129,0.5979,1.4194,2.6338
0.5979,1.4194,2.2903,2.8456,2.2167
-1.1526,-0.5129,0.8602,1.6562,2.9872
0.8602,1.6562,2.2903,2.8456,1.8634
-1.1526,-0.5129,1.1266,1.9073,3.3533
1.1266,1.9073,2.2903,2.8456,1.4972
-1.1526,-0.5129,1.2286,1.9991,3.4905
1.2286,1.9991,2.2903,2.8456,1.3601
-1.1526,-0.5129,1.4124,2.1434,3.7242
1.4124,2.1434,2.2903,2.8456,1.1263
-1.1526,-0.5129,1.614,2.3133,3.9879
1.614,2.3133,2.2903,2.8456,0.8627
-1.1526,-0.5129,1.8561,2.5353,4.3164
1.8561,2.5353,2.2903,2.8456,0.5342
-1.1526,-0.5129,2.0163,2.6644,4.522
2.0163,2.6644,2.2903,2.8456,0.3285
-1.1526,-0.5129,2.2903,2.8456,4.8506
2.2903,2.8456,2.2903,2.8456,0.0
-2.7114,-0.1626,-2.7114,-0.1626,0.0
-2.7114,-0.1626,-1.2751,-2.9908,3.1809
-2.7114,-0.1626,-2.6325,-0.4028,0.2528
-2.6325,-0.4028,-1.2751,-2.9908,2.9281
-2.7114,-0.1626,-2.4919,-0.7369,0.6153
-2.4919,-0.7369,-1.2751,-2.9908,2.5656
-2.7114,-0.1626,-2.3096,-1.113,1.0332
-2.3096,-1.113,-1.2751,-2.9908,2.1477
-2.7114,-0.1626,-2.2256,-1.283,1.2229
-2.2256,-1.283,-1.2751,-2.9908,1.958
-2.7114,-0.1626,-2.0593,-1.5596,1.5457
-2.0593,-1.5596,-1.2751,-2.9908,1.6352
-2.7114,-0.1626,-1.9168,-1.8226,1.8447
-1.9168,-1.8226,-1.2751,-2.9908,1.3362
-2.7114,-0.1626,-1.7504,-2.0741,2.1464
-1.7504,-2.0741,-1.2751,-2.9908,1.0346
-2.7114,-0.1626,-1.6092,-2.3476,2.4541
-1.6092,-2.3476,-1.2751,-2.9908,0.7268
-2.7114,-0.1626,-1.5103,-2.5026,2.638
-1.5103,-2.5026,-1.2751,-2.9908,0.5429
-2.7114,-0.1626,-1.412,-2.671,2.8329
-1.412,-2.671,-1.2751,-2.9908,0.348
-2.7114,-0.1626,-1.3093,-2.9044,3.088
-1.3093,-2.9044,-1.2751,-2.9908,0.0929
-2.7114,-0.1626,-1.2751,-2.9908,3.1809
-1.2751,-2.9908,-1.2751,-2.9908,0.0
-1.2655,0.4568,-1.2655,0.4568,0.0
-1.2655,0.4568,2.9993,-0.4185,4.4236
-1.2655,0.4568,-0.808,0.4712,0.4577
-0.808,0.4712,2.9993,-0.4185,3.9658
-1.2655,0.4568,-0.3847,0.4729,0.8811
-0.3847,0.4729,2.9993,-0.4185,3.5425
-1.2655,0.4568,-0.1065,0.4711,1.1593
-0.1065,0.4711,2.9993,-0.4185,3.2643
-1.2655,0.4568,0.1702,0.4926,1.4368
0.1702,0.4926,2.9993,-0.4185,2.9868
-1.2655,0.4568,0.4874,0.4618,1.7555
0.4874,0.4618,2.9993,-0.4185,2.6681
-1.2655,0.4568,0.8781,0.2907,2.182
0.8781,0.2907,2.9993,-0.4185,2.2415
-1.2655,0.4568,1.2332,0.1553,2.562
1.2332,0.1553,2.9993,-0.4185,1.8615
-1.2655,0.4568,1.485,0.0692,2.8282
1.485,0.0692,2.9993,-0.4185,1.5954
-1.2655,0.4568,1.7539,-0.031,3.1151
1.7539,-0.031,2.9993,-0.4185,1.3084
-1.2655,0.4568,1.989,-0.1327,3.3713
1.989,-0.1327,2.9993,-0.4185,1.0523
-1.2655,0.4568,2.2722,-0.2355,3.6725
2.2722,-0.2355,2.9993,-0.4185,0.751
-1.2655,0.4568,2.5659,-0.3313,3.9816
2.5659,-0.3313,2.9993,-0.4185,0.442
-1.2655,0.4568,2.6789,-0.3547,4.0969
2.6789,-0.3547,2.9993,-0.4185,0.3267
-1.2655,0.4568,2.9993,-0.4185,4.4236
2.9993,-0.4185,2.9993,-0.4185,0.0
-0.3889,-2.0753,-0.3889,-2.0753,0.0
-0.3889,-2.0753,1.186,-2.7989,1.7335
-0.3889,-2.0753,-0.2981,-2.117,0.1
-0.2981,-2.117,1.186,-2.7989,1.6335
-0.3889,-2.0753,0.1142,-2.3062,0.5536
0.1142,-2.3062,1.186,-2.7989,1.1799
-0.3889,-2.0753,0.2602,-2.3798,0.7171
0.2602,-2.3798,1.186,-2.7989,1.0164
-0.3889,-2.0753,0.6332,-2.56,1.1313
0.6332,-2.56,1.186,-2.7989,0.6022
-0.3889,-2.0753,0.725,-2.5996,1.2313
0.725,-2.5996,1.186,-2.7989,0.5022
-0.3889,-2.0753,0.8168,-2.6393,1.3313
0.8168,-2.6393,1.186,-2.7989,0.4022
-0.3889,-2.0753,0.9086,-2.679,1.4313
0.9086,-2.679,1.186,-2.7989,0.3022
-0.3889,-2.0753,1.186,-2.7989,1.7335
1.186,-2.7989,1.186,-2.7989,0.0
-2.4425,1.9865,-2.4425,1.9865,0.0
-2.4425,1.9865,1.243,-2.2796,5.6698
-2.4425,1.9865,-2.1584,1.5921,0.4861
-2.1584,1.5921,1.243,-2.2796,5.1837
-2.4425,1.9865,-2.0203,1.3886,0.732
-2.0203,1.3886,1.243,-2.2796,4.9378
-2.4425,1.9865,-1.8403,1.144,1.0356
-1.8403,1.144,1.243,-2.2796,4.6341
-2.4425,1.9865,-1.7126,0.9544,1.2643
-1.7126,0.9544,1.243,-2.2796,4.4055
-2.4425,1.9865,-1.5339,0.7012,1.5741
-1.5339,0.7012,1.243,-2.2796,4.0956
-2.4425,1.9865,-1.4851,0.6451,1.6485
-1.4851,0.6451,1.243,-2.2796,4.0212
-2.4425,1.9865,-1.1496,0.2814,2.1434
-1.1496,0.2814,1.243,-2.2796,3.5264
-2.4425,1.9865,-1.0962,0.2195,2.2251
-1.0962,0.2195,1.243,-2.2796,3.4447
-2.4425,1.9865,-0.9649,0.0681,2.4255
-0.9649,0.0681,1.243,-2.2796,3.2443
-2.4425,1.9865,-0.8057,-0.1704,2.7122
-0.8057,-0.1704,1.243,-2.2796,2.9575
-2.4425,1.9865,-0.661,-0.3843,2.9705
-0.661,-0.3843,1.243,-2.2796,2.6993
-2.4425,1.9865,-0.5196,-0.5121,3.1611
-0.5196,-0.5121,1.243,-2.2796,2.5087
-2.4425,1.9865,-0.2772,-0.7539,3.5035
-0.2772,-0.7539,1.243,-2.2796,2.1663
-2.4425,1.9865,-0.0848,-0.9503,3.7784
-0.0848,-0.9503,1.243,-2.2796,1.8913
-2.4425,1.9865,0.0728,-1.1696,4.0484
0.0728,-1.1696,1.243,-2.2796,1.6213
-2.4425,1.9865,0.1405,-1.2632,4.164
0.1405,-1.2632,1.243,-2.2796,1.5058
-2.4425,1.9865,0.2988,-1.4774,4.4304
0.2988,-1.4774,1.243,-2.2796,1.2394
-2.4425,1.9865,0.3629,-1.542,4.5214
0.3629,-1.542,1.243,-2.2796,1.1484
-2.4425,1.9865,0.6134,-1.7604,4.8537
0.6134,-1.7604,1.243,-2.2796,0.8161
-2.4425,1.9865,0.8851,-1.9802,5.2031
0.8851,-1.9802,1.243,-2.2796,0.4666
-2.4425,1.9865,1.0119,-2.0853,5.3678
1.0119,-2.0853,1.243,-2.2796,0.3019
-2.4425,1.9865,1.243,-2.2796,5.6698
1.243,-2.2796,1.243,-2.2796,0.0
-1.199,-0.396,-1.199,-0.396,0.0
-1.199,-0.396,-2.7263,-2.3651,2.4943
-1.199,-0.396,-1.4821,-0.7135,0.4254
-1.4821,-0.7135,-2.7263,-2.3651,2.0688
-1.199,-0.396,-1.7,-0.9934,0.7801
-1.7,-0.9934,-2.7263,-2.3651,1.7142
-1.199,-0.396,-1.9125,-1.2425,1.1075
-1.9125,-1.2425,-2.7263,-2.3651,1.3867
-1.199,-0.396,-2.0475,-1.4237,1.3335
-2.0475,-1.4237,-2.7263,-2.3651,1.1608
-1.199,-0.396,-2.2109,-1.6365,1.6018
-2.2109,-1.6365,-2.7263,-2.3651,0.8924
-1.199,-0.396,-2.3065,-1.7735,1.7689
-2.3065,-1.7735,-2.7263,-2.3651,0.7254
-1.199,-0.396,-2.4976,-2.0354,2.0931
-2.4976,-2.0354,-2.7263,-2.3651,0.4012
-1.199,-0.396,-2.6555,-2.2614,2.3688
-2.6555,-2.2614,-2.7263,-2.3651,0.1254
-1.199,-0.396,-2.7263,-2.3651,2.4943
-2.7263,-2.3651,-2.7263,-2.3651,0.0
1.2266,2.2916,1.2266,2.2916,0.0
1.2266,2.2916,1.9125,2.9608,0.9583
1.2266,2.2916,1.3697,2.4313,0.2
1.3697,2.4313,1.9125,2.9608,0.7583
1.2266,2.2916,1.6805,2.7254,0.6279
1.6805,2.7254,1.9125,2.9608,0.3305
1.2266,2.2916,1.9125,2.9608,0.9583
1.9125,2.9608,1.9125,2.9608,0.0
-1.1331,-0.9792,-1.1331,-0.9792,0.0
-1.1331,-0.9792,-0.459,2.2487,3.3296
-1.1331,-0.9792,-1.0392,-0.68,0.3136
-1.0392,-0.68,-0.459,2.2487,3.016
-1.1331,-0.9792,-0.8952,-0.2213,0.7943
-0.8952,-0.2213,-0.459,2.2487,2.5353
-1.1331,-0.9792,-0.7428,0.2286,1.2694
-0.7428,0.2286,-0.459,2.2487,2.0603
-1.1331,-0.9792,-0.5662,0.6675,1.7425
-0.5662,0.6675,-0.459,2.2487,1.5872
-1.1331,-0.9792,-0.548,0.9224,1.998
-0.548,0.9224,-0.459,2.2487,1.3316
-1.1331,-0.9792,-0.5061,1.3098,2.3877
-0.5061,1.3098,-0.459,2.2487,0.942
-1.1331,-0.9792,-0.4803,1.596,2.675
-0.4803,1.596,-0.459,2.2487,0.6546
-1.1331,-0.9792,-0.4556,1.7656,2.8464
-0.4556,1.7656,-0.459,2.2487,0.4832
-1.1331,-0.9792,-0.4514,2.0338,3.1146
-0.4514,2.0338,-0.459,2.2487,0.215
-1.1331,-0.9792,-0.459,2.2487,3.3296
-0.459,2.2487,-0.459,2.2487,0.0
-1.1125,-1.5206,-1.1125,-1.5206,0.0
-1.1125,-1.5206,0.2166,1.0702,3.0205
-1.1125,-1.5206,-1.011,-1.2089,0.3278
-1.011,-1.2089,0.2166,1.0702,2.6927
-1.1125,-1.5206,-0.9378,-0.9664,0.5811
-0.9378,-0.9664,0.2166,1.0702,2.4394
-1.1125,-1.5206,-0.8044,-0.508,1.0585
-0.8044,-0.508,0.2166,1.0702,1.962
-1.1125,-1.5206,-0.6964,-0.2354,1.3517
-0.6964,-0.2354,0.2166,1.0702,1.6687
-1.1125,-1.5206,-0.5757,0.0797,1.6892
-0.5757,0.0797,0.2166,1.0702,1.3313
-1.1125,-1.5206,-0.4786,0.3885,2.0129
-0.4786,0.3885,0.2166,1.0702,1.0076
-1.1125,-1.5206,-0.4805,0.4325,2.057
-0.4805,0.4325,0.2166,1.0702,0.9635
-1.1125,-1.5206,-0.3611,0.5808,2.2473
-0.3611,0.5808,0.2166,1.0702,0.7732
-1.1125,-1.5206,-0.2525,0.7611,2.4578
-0.2525,0.7611,0.2166,1.0702,0.5627
-1.1125,-1.5206,0.0249,0.9625,2.8006
0.0249,0.9625,0.2166,1.0702,0.2199
-1.1125,-1.5206,0.2166,1.0702,3.0205
0.2166,1.0702,0.2166,1.0702,0.0
2.7257,-0.911,2.7257,-0.911,0.0
2.7257,-0.911,2.9351,0.6914,1.6227
2.7257,-0.911,2.832,-0.5326,0.393
2.832,-0.5326,2.9351,0.6914,1.2297
2.7257,-0.911,2.8672,-0.3075,0.6209
2.8672,-0.3075,2.9351,0.6914,1.0019
2.7257,-0.911,2.9022,-0.0278,0.9027
2.9022,-0.0278,2.9351,0.6914,0.72
2.7257,-0.911,2.9148,0.3299,1.2607
2.9148,0.3299,2.9351,0.6914,0.362
2.7257,-0.911,2.9351,0.6914,1.6227
2.9351,0.6914,2.9351,0.6914,0.0
0.9301,2.0669,0.9301,2.0669,0.0
0.9301,2.0669,-2.6811,2.1831,3.6235
0.9301,2.0669,0.7154,2.0841,0.2154
0.7154,2.0841,-2.6811,2.1831,3.408
0.9301,2.0669,0.4255,2.1104,0.5065
0.4255,2.1104,-2.6811,2.1831,3.117
0.9301,2.0669,-0.0703,2.1414,1.0033
-0.0703,2.1414,-2.6811,2.1831,2.6202
0.9301,2.0669,-0.4675,2.1816,1.4025
-0.4675,2.1816,-2.6811,2.1831,2.2209
0.9301,2.0669,-0.6379,2.2234,1.5779
-0.6379,2.2234,-2.6811,2.1831,2.0456
0.9301,2.0669,-0.9404,2.2299,1.8805
-0.9404,2.2299,-2.6811,2.1831,1.7429
0.9301,2.0669,-1.2505,2.2392,2.1908
-1.2505,2.2392,-2.6811,2.1831,1.4327
0.9301,2.0669,-1.4183,2.2458,2.3587
-1.4183,2.2458,-2.6811,2.1831,1.2647
0.9301,2.0669,-1.6889,2.2278,2.6299
-1.6889,2.2278,-2.6811,2.1831,0.9936
0.9301,2.0669,-1.8586,2.2187,2.7998
-1.8586,2.2187,-2.6811,2.1831,0.8236
0.9301,2.0669,-2.1354,2.1994,3.0773
-2.1354,2.1994,-2.6811,2.1831,0.5461
0.9301,2.0669,-2.4651,2.1971,3.407
-2.4651,2.1971,-2.6811,2.1831,0.2164
0.9301,2.0669,-2.6811,2.1831,3.6235
-2.6811,2.1831,-2.6811,2.1831,0.0
-2.672,0.8278,-2.672,0.8278,0.0
-2.672,0.8278,-1.6039,2.6884,2.1468
-2.672,0.8278,-2.5462,1.0433,0.2496
-2.5462,1.0433,-1.6039,2.6884,1.8973
-2.672,0.8278,-2.4067,1.2767,0.5215
-2.4067,1.2767,-1.6039,2.6884,1.6253
-2.672,0.8278,-2.2411,1.55,0.8411
-2.2411,1.55,-1.6039,2.6884,1.3058
-2.672,0.8278,-2.0459,1.8892,1.2324
-2.0459,1.8892,-1.6039,2.6884,0.9145
-2.672,0.8278,-1.909,2.0983,1.4823
-1.909,2.0983,-1.6039,2.6884,0.6645
-2.672,0.8278,-1.6842,2.5157,1.9565
-1.6842,2.5157,-1.6039,2.6884,0.1904
-2.672,0.8278,-1.6039,2.6884,2.1468
-1.6039,2.6884,-1.6039,2.6884,0.0
0.4622,-0.9037,0.4622,-0.9037,0.0
0.4622,-0.9037,-0.183,-2.8421,2.0445
0.4622,-0.9037,0.4306,-0.9986,0.1
0.4306,-0.9986,-0.183,-2.8421,1.9445
0.4622,-0.9037,0.3187,-1.4099,0.5262
0.3187,-1.4099,-0.183,-2.8421,1.5183
0.4622,-0.9037,0.2074,-1.7903,0.9226
0.2074,-1.7903,-0.183,-2.8421,1.1219
0.4622,-0.9037,0.0728,-2.1482,1.3049
0.0728,-2.1482,-0.183,-2.8421,0.7396
0.4622,-0.9037,-0.0069,-2.3557,1.5273
-0.0069,-2.3557,-0.183,-2.8421,0.5172
0.4622,-0.9037,-0.1024,-2.6154,1.804
-0.1024,-2.6154,-0.183,-2.8421,0.2405
0.4622,-0.9037,-0.183,-2.8421,2.0445
-0.183,-2.8421,-0.183,-2.8421,0.0
2.1465,2.4442,2.1465,2.4442,0.0
2.1465,2.4442,1.5777,-0.4214,2.9232
2.1465,2.4442,2.1345,2.3768,0.0685
2.1345,2.3768,1.5777,-0.4214,2.8547
2.1465,2.4442,2.0631,1.9298,0.5211
2.0631,1.9298,1.5777,-0.4214,2.4021
2.1465,2.4442,2.008,1.6473,0.809
2.008,1.6473,1.5777,-0.4214,2.1142
2.1465,2.4442,1.9352,1.3218,1.1426
1.9352,1.3218,1.5777,-0.4214,1.7806
2.1465,2.4442,1.8629,0.9704,1.5013
1.8629,0.9704,1.5777,-0.4214,1.4219
2.1465,2.4442,1.8262,0.7267,1.7477
1.8262,0.7267,1.5777,-0.4214,1.1755
2.1465,2.4442,1.761,0.4296,2.0519
1.761,0.4296,1.5777,-0.4214,0.8713
2.1465,2.4442,1.7067,0.1842,2.3032
1.7067,0.1842,1.5777,-0.4214,0.62
2.1465,2.4442,1.6651,0.0347,2.4584
1.6651,0.0347,1.5777,-0.4214,0.4648
2.1465,2.4442,1.6084,-0.2104,2.71
1.6084,-0.2104,1.5777,-0.4214,0.2132
2.1465,2.4442,1.5777,-0.4214,2.9232
1.5777,-0.4214,1.5777,-0.4214,0.0
-1.9267,1.1323,-1.9267,1.1323,0.0
-1.9267,1.1323,-0.8672,2.9246,2.0847
-1.9267,1.1323,-1.7412,1.5029,0.4145
-1.7412,1.5029,-0.8672,2.9246,1.6702
-1.9267,1.1323,-1.5349,1.8563,0.8237
-1.5349,1.8563,-0.8672,2.9246,1.261
-1.9267,1.1323,-1.2991,2.2175,1.255
-1.2991,2.2175,-0.8672,2.9246,0.8297
-1.9267,1.1323,-1.102,2.4993,1.5989
-1.102,2.4993,-0.8672,2.9246,0.4858
-1.9267,1.1323,-0.8672,2.9246,2.0847
-0.8672,2.9246,-0.8672,2.9246,0.0
-1.4198,-0.245,-1.4198,-0.245,0.0
-1.4198,-0.245,1.1866,-0.7199,2.6528
-1.4198,-0.245,-1.2193,-0.3052,0.2094
-1.2193,-0.3052,1.1866,-0.7199,2.4434
-1.4198,-0.245,-0.7736,-0.4095,0.6671
-0.7736,-0.4095,1.1866,-0.7199,1.9858
-1.4198,-0.245,-0.4658,-0.4745,0.9816
-0.4658,-0.4745,1.1866,-0.7199,1.6712
-1.4198,-0.245,0.017,-0.5338,1.4681
0.017,-0.5338,1.1866,-0.7199,1.1847
-1.4198,-0.245,0.436,-0.5987,1.8921
0.436,-0.5987,1.1866,-0.7199,0.7607
-1.4198,-0.245,0.9151,-0.6644,2.3757
0.9151,-0.6644,1.1866,-0.7199,0.2772
-1.4198,-0.245,1.1866,-0.7199,2.6528
1.1866,-0.7199,1.1866,-0.7199,0.0
2.8878,0.9036,2.8878,0.9036,0.0
2.8878,0.9036,-2.72,-2.7371,6.6995
2.8878,0.9036,2.809,0.8482,0.0963
2.809,0.8482,-2.72,-2.7371,6.6032
2.8878,0.9036,2.4507,0.6141,0.5243
2.4507,0.6141,-2.72,-2.7371,6.1751
2.8878,0.9036,2.0356,0.3528,1.0149
2.0356,0.3528,-2.72,-2.7371,5.6846
2.8878,0.9036,1.7682,0.1911,1.3273
1.7682,0.1911,-2.72,-2.7371,5.3721
2.8878,0.9036,1.4707,-0.0202,1.6922
1.4707,-0.0202,-2.72,-2.7371,5.0072
2.8878,0.9036,1.1307,-0.2247,2.089
1.1307,-0.2247,-2.72,-2.7371,4.6105
2.8878,0.9036,0.7112,-0.4848,2.5826
0.7112,-0.4848,-2.72,-2.7371,4.1168
2.8878,0.9036,0.3706,-0.7271,3.0006
0.3706,-0.7271,-2.72,-2.7371,3.6989
2.8878,0.9036,0.0761,-0.9584,3.3751
0.0761,-0.9584,-2.72,-2.7371,3.3244
2.8878,0.9036,-0.2611,-1.1194,3.7487
-0.2611,-1.1194,-2.72,-2.7371,2.9508
2.8878,0.9036,-0.5561,-1.3501,4.1232
-0.5561,-1.3501,-2.72,-2.7371,2.5763
2.8878,0.9036,-0.8799,-1.5723,4.5159
-0.8799,-1.5723,-2.72,-2.7371,2.1835
2.8878,0.9036,-1.234,-1.8183,4.9471
-1.234,-1.8183,-2.72,-2.7371,1.7524
2.8878,0.9036,-1.5737,-2.0662,5.3676
-1.5737,-2.0662,-2.72,-2.7371,1.3319
2.8878,0.9036,-1.9491,-2.3343,5.8289
-1.9491,-2.3343,-2.72,-2.7371,0.8706
2.8878,0.9036,-2.3952,-2.5471,6.3231
-2.3952,-2.5471,-2.72,-2.7371,0.3763
2.8878,0.9036,-2.72,-2.7371,6.6995
-2.72,-2.7371,-2.72,-2.7371,0.0
0.4502,2.0152,0.4502,2.0152,0.0
0.4502,2.0152,0.2133,-0.8927,3.0008
0.4502,2.0152,0.4495,1.7599,0.2552
0.4495,1.7599,0.2133,-0.8927,2.7456
0.4502,2.0152,0.4794,1.3311,0.6851
0.4794,1.3311,0.2133,-0.8927,2.3157
0.4502,2.0152,0.4871,0.9515,1.0648
0.4871,0.9515,0.2133,-0.8927,1.9361
0.4502,2.0152,0.4982,0.539,1.4774
0.4982,0.539,0.2133,-0.8927,1.5234
0.4502,2.0152,0.5211,0.1938,1.8234
0.5211,0.1938,0.2133,-0.8927,1.1774
0.4502,2.0152,0.5003,-0.1644,2.1823
0.5003,-0.1644,0.2133,-0.8927,0.8186
0.4502,2.0152,0.5,-0.4761,2.4939
0.5,-0.4761,0.2133,-0.8927,0.5069
0.4502,2.0152,0.3136,-0.7165,2.7981
0.3136,-0.7165,0.2133,-0.8927,0.2027
0.4502,2.0152,0.2133,-0.8927,3.0008
0.2133,-0.8927,0.2133,-0.8927,0.0
0.6506,-1.3773,0.6506,-1.3773,0.0
0.6506,-1.3773,-0.149,-2.1046,1.0811
0.6506,-1.3773,0.5766,-1.4446,0.1
0.5766,-1.4446,-0.149,-2.1046,0.9811
0.6506,-1.3773,0.3216,-1.665,0.4371
0.3216,-1.665,-0.149,-2.1046,0.644
0.6506,-1.3773,0.0896,-1.8879,0.7588
0.0896,-1.8879,-0.149,-2.1046,0.3224
0.6506,-1.3773,-0.149,-2.1046,1.0811
-0.149,-2.1046,-0.149,-2.1046,0.0
0.9267,-1.2344,0.9267,-1.2344,0.0
0.9267,-1.2344,2.8289,0.7796,2.7794
0.9267,-1.2344,1.0685,-1.0532,0.2301
1.0685,-1.0532,2.8289,0.7796,2.5494
0.9267,-1.2344,1.3399,-0.7514,0.6359
1.3399,-0.7514,2.8289,0.7796,2.1435
0.9267,-1.2344,1.5778,-0.5649,0.9383
1.5778,-0.5649,2.8289,0.7796,1.8412
0.9267,-1.2344,1.7816,-0.3962,1.2028
1.7816,-0.3962,2.8289,0.7796,1.5767
0.9267,-1.2344,2.0452,-0.0811,1.6136
2.0452,-0.0811,2.8289,0.7796,1.1658
0.9267,-1.2344,2.2477,0.1306,1.9066
2.2477,0.1306,2.8289,0.7796,0.8729
0.9267,-1.2344,2.4322,0.3751,2.2129
2.4322,0.3751,2.8289,0.7796,0.5666
0.9267,-1.2344,2.6224,0.5673,2.4833
2.6224,0.5673,2.8289,0.7796,0.2961
0.9267,-1.2344,2.8289,0.7796,2.7794
2.8289,0.7796,2.8289,0.7796,0.0
1.4012,-2.3401,1.4012,-2.3401,0.0
1.4012,-2.3401,-1.1237,-2.7515,2.5601
1.4012,-2.3401,1.0743,-2.4033,0.333
1.0743,-2.4033,-1.1237,-2.7515,2.2272
1.4012,-2.3401,0.7033,-2.4661,0.7093
0.7033,-2.4661,-1.1237,-2.7515,1.8508
1.4012,-2.3401,0.5606,-2.4991,0.8558
0.5606,-2.4991,-1.1237,-2.7515,1.7043
1.4012,-2.3401,0.2269,-2.5585,1.1947
0.2269,-2.5585,-1.1237,-2.7515,1.3654
1.4012,-2.3401,-0.2032,-2.6022,1.627
-0.2032,-2.6022,-1.1237,-2.7515,0.9331
1.4012,-2.3401,-0.5195,-2.6692,1.9503
-0.5195,-2.6692,-1.1237,-2.7515,0.6098
1.4012,-2.3401,-0.8342,-2.7076,2.2674
-0.8342,-2.7076,-1.1237,-2.7515,0.2928
1.4012,-2.3401,-1.1237,-2.7515,2.5601
-1.1237,-2.7515,-1.1237,-2.7515,0.0
2.0118,0.4909,2.0118,0.4909,0.0
2.0118,0.4909,2.4319,-1.676,2.2151
2.0118,0.4909,2.0594,0.1138,0.3801
2.0594,0.1138,2.4319,-1.676,1.835
2.0118,0.4909,2.082,-0.1813,0.6761
2.082,-0.1813,2.4319,-1.676,1.539
2.0118,0.4909,2.196,-0.5613,1.0728
2.196,-0.5613,2.4319,-1.676,1.1423
2.0118,0.4909,2.2594,-0.7477,1.2697
2.2594,-0.7477,2.4319,-1.676,0.9454
2.0118,0.4909,2.3551,-1.1427,1.6761
2.3551,-1.1427,2.4319,-1.676,0.5391
2.0118,0.4909,2.3986,-1.3892,1.9264
2.3986,-1.3892,2.4319,-1.676,0.2887
2.0118,0.4909,2.4319,-1.676,2.2151
2.4319,-1.676,2.4319,-1.676,0.0
-1.0902,-2.3149,-1.0902,-2.3149,0.0
-1.0902,-2.3149,0.4629,-0.6138,2.3109
-1.0902,-2.3149,-0.91,-2.1612,0.2368
-0.91,-2.1612,0.4629,-0.6138,2.0741
-1.0902,-2.3149,-0.5965,-1.8776,0.6596
-0.5965,-1.8776,0.4629,-0.6138,1.6514
-1.0902,-2.3149,-0.3361,-1.5976,1.042
-0.3361,-1.5976,0.4629,-0.6138,1.2689
-1.0902,-2.3149,-0.1595,-1.387,1.3168
-0.1595,-1.387,0.4629,-0.6138,0.9942
-1.0902,-2.3149,-0.0055,-1.2209,1.5433
-0.0055,-1.2209,0.4629,-0.6138,0.7676
-1.0902,-2.3149,0.2033,-0.9694,1.8702
0.2033,-0.9694,0.4629,-0.6138,0.4407
-1.0902,-2.3149,0.3005,-0.82,2.0484
0.3005,-0.82,0.4629,-0.6138,0.2625
-1.0902,-2.3149,0.4629,-0.6138,2.3109
0.4629,-0.6138,0.4629,-0.6138,0.0
-0.6092,0.3743,-0.6092,0.3743,0.0
-0.6092,0.3743,2.8074,-1.5686,4.2326
-0.6092,0.3743,-0.3482,0.5061,0.2924
-0.3482,0.5061,2.8074,-1.5686,3.9402
-0.6092,0.3743,0.0557,0.4809,0.6971
0.0557,0.4809,2.8074,-1.5686,3.5355
-0.6092,0.3743,0.428,0.4623,1.0699
0.428,0.4623,2.8074,-1.5686,3.1627
-0.6092,0.3743,0.7264,0.3636,1.3842
0.7264,0.3636,2.8074,-1.5686,2.8484
-0.6092,0.3743,0.9836,0.0384,1.7988
0.9836,0.0384,2.8074,-1.5686,2.4339
-0.6092,0.3743,1.3171,-0.2776,2.2582
1.3171,-0.2776,2.8074,-1.5686,1.9744
-0.6092,0.3743,1.5096,-0.4797,2.5373
1.5096,-0.4797,2.8074,-1.5686,1.6953
-0.6092,0.3743,1.5283,-0.4935,2.5606
1.5283,-0.4935,2.8074,-1.5686,1.6721
-0.6092,0.3743,1.7783,-0.7339,2.9074
1.7783,-0.7339,2.8074,-1.5686,1.3253
-0.6092,0.3743,2.0044,-0.9114,3.1948
2.0044,-0.9114,2.8074,-1.5686,1.0378
-0.6092,0.3743,2.2027,-1.0694,3.4484
2.2027,-1.0694,2.8074,-1.5686,0.7843
-0.6092,0.3743,2.3738,-1.203,3.6655
2.3738,-1.203,2.8074,-1.5686,0.5672
-0.6092,0.3743,2.5902,-1.3828,3.9468
2.5902,-1.3828,2.8074,-1.5686,0.2858
-0.6092,0.3743,2.8074,-1.5686,4.2326
2.8074,-1.5686,2.8074,-1.5686,0.0
-0.4577,0.8805,-0.4577,0.8805,0.0
-0.4577,0.8805,0.0044,-1.1434,2.2384
-0.4577,0.8805,-0.4987,0.6493,0.2349
-0.4987,0.6493,0.0044,-1.1434,2.0035
-0.4577,0.8805,-0.5165,0.3538,0.5309
-0.5165,0.3538,0.0044,-1.1434,1.7075
-0.4577,0.8805,-0.5609,0.1678,0.7221
-0.5609,0.1678,0.0044,-1.1434,1.5163
-0.4577,0.8805,-0.612,-0.149,1.043
-0.612,-0.149,0.0044,-1.1434,1.1954
-0.4577,0.8805,-0.5948,-0.3365,1.2313
-0.5948,-0.3365,0.0044,-1.1434,1.0071
-0.4577,0.8805,-0.3461,-0.6242,1.6117
-0.3461,-0.6242,0.0044,-1.1434,0.6267
-0.4577,0.8805,-0.1678,-0.8683,1.9139
-0.1678,-0.8683,0.0044,-1.1434,0.3245
-0.4577,0.8805,0.0044,-1.1434,2.2384
0.0044,-1.1434,0.0044,-1.1434,0.0
2.9479,1.722,2.9479,1.722,0.0
2.9479,1.722,1.6063,0.9184,1.567
2.9479,1.722,2.6212,1.5469,0.3708
2.6212,1.5469,1.6063,0.9184,1.1962
2.9479,1.722,2.289,1.3725,0.7459
2.289,1.3725,1.6063,0.9184,0.821
2.9479,1.722,1.9254,1.1567,1.1688
1.9254,1.1567,1.6063,0.9184,0.3982
2.9479,1.722,1.6063,0.9184,1.567
1.6063,0.9184,1.6063,0.9184,0.0
-2.4937,-2.7504,-2.4937,-2.7504,0.0
-2.4937,-2.7504,-1.8676,2.1763,4.9765
-2.4937,-2.7504,-2.4301,-2.3178,0.4372
-2.4301,-2.3178,-1.8676,2.1763,4.5393
-2.4937,-2.7504,-2.3988,-2.1059,0.6515
-2.3988,-2.1059,-1.8676,2.1763,4.325
-2.4937,-2.7504,-2.319,-1.7236,1.042
-2.319,-1.7236,-1.8676,2.1763,3.9345
-2.4937,-2.7504,-2.2768,-1.5685,1.2028
-2.2768,-1.5685,-1.8676,2.1763,3.7738
-2.4937,-2.7504,-2.2048,-1.2401,1.5389
-2.2048,-1.2401,-1.8676,2.1763,3.4376
-2.4937,-2.7504,-2.1264,-0.8314,1.9551
-2.1264,-0.8314,-1.8676,2.1763,3.0214
-2.4937,-2.7504,-2.0976,-0.6358,2.1528
-2.0976,-0.6358,-1.8676,2.1763,2.8237
-2.4937,-2.7504,-2.068,-0.3396,2.4505
-2.068,-0.3396,-1.8676,2.1763,2.5261
-2.4937,-2.7504,-2.0379,-0.0642,2.7275
-2.0379,-0.0642,-1.8676,2.1763,2.249
-2.4937,-2.7504,-1.9804,0.425,3.2201
-1.9804,0.425,-1.8676,2.1763,1.7564
-2.4937,-2.7504,-1.9759,0.9119,3.707
-1.9759,0.9119,-1.8676,2.1763,1.2695
-2.4937,-2.7504,-1.9622,1.1334,3.929
-1.9622,1.1334,-1.8676,2.1763,1.0475
-2.4937,-2.7504,-1.9517,1.206,4.0023
-1.9517,1.206,-1.8676,2.1763,0.9742
-2.4937,-2.7504,-1.8992,1.6767,4.4759
-1.8992,1.6767,-1.8676,2.1763,0.5006
-2.4937,-2.7504,-1.8901,1.8452,4.6446
-1.8901,1.8452,-1.8676,2.1763,0.3319
-2.4937,-2.7504,-1.8676,2.1763,4.9765
-1.8676,2.1763,-1.8676,2.1763,0.0
2.0244,-1.7703,2.0244,-1.7703,0.0
2.0244,-1.7703,-2.0627,2.4703,5.9882
2.0244,-1.7703,1.8394,-1.3972,0.4165
1.8394,-1.3972,-2.0627,2.4703,5.5718
2.0244,-1.7703,1.6967,-1.1605,0.6928
1.6967,-1.1605,-2.0627,2.4703,5.2954
2.0244,-1.7703,1.522,-0.9116,0.9969
1.522,-0.9116,-2.0627,2.4703,4.9913
2.0244,-1.7703,1.3302,-0.6452,1.3252
1.3302,-0.6452,-2.0627,2.4703,4.663
2.0244,-1.7703,1.1324,-0.3638,1.6691
1.1324,-0.3638,-2.0627,2.4703,4.3191
2.0244,-1.7703,0.9345,-0.0856,2.0105
0.9345,-0.0856,-2.0627,2.4703,3.9777
2.0244,-1.7703,0.7922,0.1033,2.247
0.7922,0.1033,-2.0627,2.4703,3.7412
2.0244,-1.7703,0.6986,0.2146,2.3924
0.6986,0.2146,-2.0627,2.4703,3.5958
2.0244,-1.7703,0.6522,0.2469,2.4489
0.6522,0.2469,-2.0627,2.4703,3.5393
2.0244,-1.7703,0.4116,0.5305,2.8209
0.4116,0.5305,-2.0627,2.4703,3.1673
2.0244,-1.7703,0.1078,0.6956,3.1667
0.1078,0.6956,-2.0627,2.4703,2.8216
2.0244,-1.7703,-0.1088,0.941,3.494
-0.1088,0.941,-2.0627,2.4703,2.4942
2.0244,-1.7703,-0.2872,1.1192,3.7461
-0.2872,1.1192,-2.0627,2.4703,2.2421
2.0244,-1.7703,-0.4476,1.2415,3.9479
-0.4476,1.2415,-2.0627,2.4703,2.0404
2.0244,-1.7703,-0.575,1.3908,4.1441
-0.575,1.3908,-2.0627,2.4703,1.8441
2.0244,-1.7703,-0.885,1.5997,4.5179
-0.885,1.5997,-2.0627,2.4703,1.4703
2.0244,-1.7703,-1.0979,1.7516,4.7795
-1.0979,1.7516,-2.0627,2.4703,1.2087
2.0244,-1.7703,-1.2214,1.8547,4.9403
-1.2214,1.8547,-2.0627,2.4703,1.0479
2.0244,-1.7703,-1.4823,2.0384,5.2594
-1.4823,2.0384,-2.0627,2.4703,0.7288
2.0244,-1.7703,-1.6893,2.2397,5.5481
-1.6893,2.2397,-2.0627,2.4703,0.4401
2.0244,-1.7703,-1.9245,2.4033,5.8347
-1.9245,2.4033,-2.0627,2.4703,0.1535
2.0244,-1.7703,-2.0627,2.4703,5.9882
-2.0627,2.4703,-2.0627,2.4703,0.0
2.5885,-0.8807,2.5885,-0.8807,0.0
2.5885,-0.8807,2.6712,-1.7833,0.9076
2.5885,-0.8807,2.6048,-1.2825,0.4021
2.6048,-1.2825,2.6712,-1.7833,0.5055
2.5885,-0.8807,2.6313,-1.5534,0.6744
2.6313,-1.5534,2.6712,-1.7833,0.2333
2.5885,-0.8807,2.6712,-1.7833,0.9076
2.6712,-1.7833,2.6712,-1.7833,0.0
0.6832,0.3038,0.6832,0.3038,0.0
0.6832,0.3038,-0.5392,0.901,1.3656
0.6832,0.3038,0.369,0.5143,0.3782
0.369,0.5143,-0.5392,0.901,0.9874
0.6832,0.3038,-0.0604,0.7102,0.8502
-0.0604,0.7102,-0.5392,0.901,0.5155
0.6832,0.3038,-0.4063,0.8499,1.2233
-0.4063,0.8499,-0.5392,0.901,0.1424
0.6832,0.3038,-0.5392,0.901,1.3656
-0.5392,0.901,-0.5392,0.901,0.0
2.6844,0.0444,2.6844,0.0444,0.0
2.6844,0.0444,2.4212,-1.9762,2.0384
2.6844,0.0444,2.6395,-0.354,0.4009
2.6395,-0.354,2.4212,-1.9762,1.6375
2.6844,0.0444,2.5634,-0.7944,0.8478
2.5634,-0.7944,2.4212,-1.9762,1.1906
2.6844,0.0444,2.528,-1.1674,1.2226
2.528,-1.1674,2.4212,-1.9762,0.8158
2.6844,0.0444,2.4885,-1.47,1.5277
2.4885,-1.47,2.4212,-1.9762,0.5107
2.6844,0.0444,2.4536,-1.719,1.7791
2.4536,-1.719,2.4212,-1.9762,0.2593
2.6844,0.0444,2.4212,-1.9762,2.0384
2.4212,-1.9762,2.4212,-1.9762,0.0
-1.5926,0.6881,-1.5926,0.6881,0.0
-1.5926,0.6881,-0.2476,0.6634,1.39
-1.5926,0.6881,-1.351,0.5734,0.2674
-1.351,0.5734,-0.2476,0.6634,1.1226
-1.5926,0.6881,-1.0026,0.5731,0.6159
-1.0026,0.5731,-0.2476,0.6634,0.7741
-1.5926,0.6881,-0.5648,0.5531,1.0541
-0.5648,0.5531,-0.2476,0.6634,0.3359
-1.5926,0.6881,-0.2476,0.6634,1.39
-0.2476,0.6634,-0.2476,0.6634,0.0
2.2793,-1.8754,2.2793,-1.8754,0.0
2.2793,-1.8754,2.4878,-2.8184,0.9658
2.2793,-1.8754,2.3872,-2.3636,0.5
2.3872,-2.3636,2.4878,-2.8184,0.4658
2.2793,-1.8754,2.4878,-2.8184,0.9658
2.4878,-2.8184,2.4878,-2.8184,0.0
-0.9332,1.8303,-0.9332,1.8303,0.0
-0.9332,1.8303,-1.3408,-2.9918,5.054
-0.9332,1.8303,-1.2639,1.5383,0.4412
-1.2639,1.5383,-1.3408,-2.9918,4.6129
-0.9332,1.8303,-1.4044,1.4071,0.6334
-1.4044,1.4071,-1.3408,-2.9918,4.4206
-0.9332,1.8303,-1.4762,1.1953,0.8571
-1.4762,1.1953,-1.3408,-2.9918,4.197
-0.9332,1.8303,-1.4585,1.056,0.9975
-1.4585,1.056,-1.3408,-2.9918,4.0565
-0.9332,1.8303,-1.449,0.8065,1.2471
-1.449,0.8065,-1.3408,-2.9918,3.8069
-0.9332,1.8303,-1.4529,0.5394,1.5143
-1.4529,0.5394,-1.3408,-2.9918,3.5397
-0.9332,1.8303,-1.4741,0.1198,1.9344
-1.4741,0.1198,-1.3408,-2.9918,3.1196
-0.9332,1.8303,-1.4707,-0.0807,2.135
-1.4707,-0.0807,-1.3408,-2.9918,2.9191
-0.9332,1.8303,-1.4789,-0.4095,2.4638
-1.4789,-0.4095,-1.3408,-2.9918,2.5902
-0.9332,1.8303,-1.4872,-0.7977,2.8522
-1.4872,-0.7977,-1.3408,-2.9918,2.2019
-0.9332,1.8303,-1.4505,-0.999,3.0567
-1.4505,-0.999,-1.3408,-2.9918,1.9973
-0.9332,1.8303,-1.4519,-1.3952,3.453
-1.4519,-1.3952,-1.3408,-2.9918,1.6011
-0.9332,1.8303,-1.424,-1.8203,3.879
-1.424,-1.8203,-1.3408,-2.9918,1.175
-0.9332,1.8303,-1.4072,-2.2215,4.2805
-1.4072,-2.2215,-1.3408,-2.9918,0.7735
-0.9332,1.8303,-1.3783,-2.5177,4.5781
-1.3783,-2.5177,-1.3408,-2.9918,0.4759
-0.9332,1.8303,-1.3426,-2.8846,4.9468
-1.3426,-2.8846,-1.3408,-2.9918,0.1073
-0.9332,1.8303,-1.3408,-2.9918,5.054
-1.3408,-2.9918,-1.3408,-2.9918,0.0
-1.1407,-0.3892,-1.1407,-0.3892,0.0
-1.1407,-0.3892,-0.6532,0.3364,0.8742
-1.1407,-0.3892,-1.0804,-0.3001,0.1076
-1.0804,-0.3001,-0.6532,0.3364,0.7666
-1.1407,-0.3892,-0.829,0.0688,0.554
-0.829,0.0688,-0.6532,0.3364,0.3202
-1.1407,-0.3892,-0.6532,0.3364,0.8742
-0.6532,0.3364,-0.6532,0.3364,0.0
2.6947,-2.9604,2.6947,-2.9604,0.0
2.6947,-2.9604,2.2654,-1.4972,1.5312
2.6947,-2.9604,2.6538,-2.6965,0.267
2.6538,-2.6965,2.2654,-1.4972,1.2642
2.6947,-2.9604,2.5328,-2.4,0.5873
2.5328,-2.4,2.2654,-1.4972,0.9439
2.6947,-2.9604,2.4609,-2.1972,0.8024
2.4609,-2.1972,2.2654,-1.4972,0.7288
2.6947,-2.9604,2.4133,-1.9284,1.0754
2.4133,-1.9284,2.2654,-1.4972,0.4558
2.6947,-2.9604,2.2654,-1.4972,1.5312
2.2654,-1.4972,2.2654,-1.4972,0.0
-0.0721,-2.4389,-0.0721,-2.4389,0.0
-0.0721,-2.4389,-0.5617,2.7537,5.2666
-0.0721,-2.4389,-0.1325,-2.1963,0.25
-0.1325,-2.1963,-0.5617,2.7537,5.0166
-0.0721,-2.4389,-0.1728,-1.9611,0.4886
-0.1728,-1.9611,-0.5617,2.7537,4.778
-0.0721,-2.4389,-0.2093,-1.8102,0.6439
-0.2093,-1.8102,-0.5617,2.7537,4.6227
-0.0721,-2.4389,-0.2449,-1.5517,0.9048
-0.2449,-1.5517,-0.5617,2.7537,4.3618
-0.0721,-2.4389,-0.336,-1.2267,1.2424
-0.336,-1.2267,-0.5617,2.7537,4.0242
-0.0721,-2.4389,-0.3795,-1.0989,1.3774
-0.3795,-1.0989,-0.5617,2.7537,3.8892
-0.0721,-2.4389,-0.4611,-0.9102,1.583
-0.4611,-0.9102,-0.5617,2.7537,3.6836
-0.0721,-2.4389,-0.4689,-0.6055,1.8878
-0.4689,-0.6055,-0.5617,2.7537,3.3788
-0.0721,-2.4389,-0.4895,-0.3623,2.1318
-0.4895,-0.3623,-0.5617,2.7537,3.1348
-0.0721,-2.4389,-0.5069,-0.0231,2.4714
-0.5069,-0.0231,-0.5617,2.7537,2.7952
-0.0721,-2.4389,-0.4774,0.318,2.8138
-0.4774,0.318,-0.5617,2.7537,2.4528
-0.0721,-2.4389,-0.4482,0.6216,3.1188
-0.4482,0.6216,-0.5617,2.7537,2.1478
-0.0721,-2.4389,-0.437,0.8095,3.3071
-0.437,0.8095,-0.5617,2.7537,1.9595
-0.0721,-2.4389,-0.418,1.1015,3.5996
-0.418,1.1015,-0.5617,2.7537,1.667
-0.0721,-2.4389,-0.447,1.4174,3.9169
-0.447,1.4174,-0.5617,2.7537,1.3497
-0.0721,-2.4389,-0.4491,1.4528,3.9523
-0.4491,1.4528,-0.5617,2.7537,1.3143
-0.0721,-2.4389,-0.4157,1.7822,4.2835
-0.4157,1.7822,-0.5617,2.7537,0.9831
-0.0721,-2.4389,-0.4725,2.1042,4.6104
-0.4725,2.1042,-0.5617,2.7537,0.6562
-0.0721,-2.4389,-0.5309,2.4294,4.9408
-0.5309,2.4294,-0.5617,2.7537,0.3258
-0.0721,-2.4389,-0.5617,2.7537,5.2666
-0.5617,2.7537,-0.5617,2.7537,0.0
-1.5007,1.3505,-1.5007,1.3505,0.0
-1.5007,1.3505,-1.2464,-0.4624,1.8316
-1.5007,1.3505,-1.4606,0.9357,0.4167
-1.4606,0.9357,-1.2464,-0.4624,1.4149
-1.5007,1.3505,-1.4029,0.5023,0.8539
-1.4029,0.5023,-1.2464,-0.4624,0.9777
-1.5007,1.3505,-1.343,0.0555,1.3048
-1.343,0.0555,-1.2464,-0.4624,0.5268
-1.5007,1.3505,-1.2684,-0.3345,1.7019
-1.2684,-0.3345,-1.2464,-0.4624,0.1298
-1.5007,1.3505,-1.2464,-0.4624,1.8316
-1.2464,-0.4624,-1.2464,-0.4624,0.0
-2.5118,2.8747,-2.5118,2.8747,0.0
-2.5118,2.8747,1.6004,0.169,4.9479
-2.5118,2.8747,-2.2739,2.7209,0.2833
-2.2739,2.7209,1.6004,0.169,4.6646
-2.5118,2.8747,-2.0179,2.5309,0.6021
-2.0179,2.5309,1.6004,0.169,4.3458
-2.5118,2.8747,-1.696,2.3122,0.9913
-1.696,2.3122,1.6004,0.169,3.9566
-2.5118,2.8747,-1.3182,2.0655,1.4425
-1.3182,2.0655,1.6004,0.169,3.5055
-2.5118,2.8747,-1.072,1.8955,1.7417
-1.072,1.8955,1.6004,0.169,3.2062
-2.5118,2.8747,-0.8574,1.7382,2.0078
-0.8574,1.7382,1.6004,0.169,2.9401
-2.5118,2.8747,-0.5578,1.5237,2.3762
-0.5578,1.5237,1.6004,0.169,2.5717
-2.5118,2.8747,-0.4074,1.3902,2.5774
-0.4074,1.3902,1.6004,0.169,2.3706
-2.5118,2.8747,-0.1925,1.2379,2.8408
-0.1925,1.2379,1.6004,0.169,2.1072
-2.5118,2.8747,0.0093,1.1309,3.0691
0.0093,1.1309,1.6004,0.169,1.8788
-2.5118,2.8747,0.2698,0.9432,3.3902
0.2698,0.9432,1.6004,0.169,1.5577
-2.5118,2.8747,0.4509,0.8057,3.6176
0.4509,0.8057,1.6004,0.169,1.3303
-2.5118,2.8747,0.6157,0.6312,3.8576
0.6157,0.6312,1.6004,0.169,1.0904
-2.5118,2.8747,0.9103,0.4972,4.1813
0.9103,0.4972,1.6004,0.169,0.7667
-2.5118,2.8747,1.1704,0.4021,4.4582
1.1704,0.4021,1.6004,0.169,0.4897
-2.5118,2.8747,1.4685,0.2272,4.8038
1.4685,0.2272,1.6004,0.169,0.1441
-2.5118,2.8747,1.6004,0.169,4.9479
1.6004,0.169,1.6004,0.169,0.0
-1.087,-1.8435,-1.087,-1.8435,0.0
-1.087,-1.8435,0.5896,2.8052,4.9753
-1.087,-1.8435,-0.9888,-1.4001,0.4541
-0.9888,-1.4001,0.5896,2.8052,4.5212
-1.087,-1.8435,-0.8966,-1.0652,0.8014
-0.8966,-1.0652,0.5896,2.8052,4.1738
-1.087,-1.8435,-0.8422,-0.835,1.038
-0.8422,-0.835,0.5896,2.8052,3.9372
-1.087,-1.8435,-0.752,-0.5981,1.2915
-0.752,-0.5981,0.5896,2.8052,3.6838
-1.087,-1.8435,-0.6388,-0.2259,1.6805
-0.6388,-0.2259,0.5896,2.8052,3.2947
-1.087,-1.8435,-0.576,0.058,1.9712
-0.576,0.058,0.5896,2.8052,3.004
-1.087,-1.8435,-0.4726,0.5283,2.4528
-0.4726,0.5283,0.5896,2.8052,2.5224
-1.087,-1.8435,-0.2905,0.8662,2.8366
-0.2905,0.8662,0.5896,2.8052,2.1386
-1.087,-1.8435,-0.1413,1.1497,3.157
-0.1413,1.1497,0.5896,2.8052,1.8183
-1.087,-1.8435,-0.0008,1.4479,3.4866
-0.0008,1.4479,0.5896,2.8052,1.4886
-1.087,-1.8435,0.1265,1.7219,3.7888
0.1265,1.7219,0.5896,2.8052,1.1865
-1.087,-1.8435,0.202,1.991,4.0683
0.202,1.991,0.5896,2.8052,0.907
-1.087,-1.8435,0.31,2.2535,4.3521
0.31,2.2535,0.5896,2.8052,0.6232
-1.087,-1.8435,0.4268,2.5671,4.6868
0.4268,2.5671,0.5896,2.8052,0.2885
-1.087,-1.8435,0.5896,2.8052,4.9753
0.5896,2.8052,0.5896,2.8052,0.0
-0.9957,-2.4628,-0.9957,-2.4628,0.0
-0.9957,-2.4628,-0.7244,-1.0843,1.4063
-0.9957,-2.4628,-0.8913,-2.0711,0.4054
-0.8913,-2.0711,-0.7244,-1.0843,1.001
-0.9957,-2.4628,-0.8566,-1.8617,0.6177
-0.8566,-1.8617,-0.7244,-1.0843,0.7887
-0.9957,-2.4628,-0.7817,-1.386,1.0992
-0.7817,-1.386,-0.7244,-1.0843,0.3072
-0.9957,-2.4628,-0.7244,-1.0843,1.4063
-0.7244,-1.0843,-0.7244,-1.0843,0.0
-1.5168,-1.4077,-1.5168,-1.4077,0.0
-1.5168,-1.4077,-1.676,2.1366,3.5541
-1.5168,-1.4077,-1.5661,-1.0316,0.3793
-1.5661,-1.0316,-1.676,2.1366,3.1748
-1.5168,-1.4077,-1.5888,-0.8279,0.5843
-1.5888,-0.8279,-1.676,2.1366,2.9699
-1.5168,-1.4077,-1.6142,-0.545,0.8684
-1.6142,-0.545,-1.676,2.1366,2.6858
-1.5168,-1.4077,-1.6201,-0.422,0.9914
-1.6201,-0.422,-1.676,2.1366,2.5627
-1.5168,-1.4077,-1.6466,0.0157,1.4299
-1.6466,0.0157,-1.676,2.1366,2.1242
-1.5168,-1.4077,-1.6604,0.3292,1.7437
-1.6604,0.3292,-1.676,2.1366,1.8104
-1.5168,-1.4077,-1.6485,0.4772,1.8923
-1.6485,0.4772,-1.676,2.1366,1.6619
-1.5168,-1.4077,-1.6329,0.8756,2.2909
-1.6329,0.8756,-1.676,2.1366,1.2632
-1.5168,-1.4077,-1.6285,1.1494,2.5647
-1.6285,1.1494,-1.676,2.1366,0.9894
-1.5168,-1.4077,-1.6682,1.5412,2.9586
-1.6682,1.5412,-1.676,2.1366,0.5955
-1.5168,-1.4077,-1.6758,1.8527,3.2702
-1.6758,1.8527,-1.676,2.1366,0.2839
-1.5168,-1.4077,-1.676,2.1366,3.5541
-1.676,2.1366,-1.676,2.1366,0.0
2.6428,1.7898,2.6428,1.7898,0.0
2.6428,1.7898,-1.9289,-0.7314,5.3704
2.6428,1.7898,2.2001,1.7136,0.4492
2.2001,1.7136,-1.9289,-0.7314,4.9212
2.6428,1.7898,1.9052,1.644,0.7522
1.9052,1.644,-1.9289,-0.7314,4.6182
2.6428,1.7898,1.6955,1.6061,0.9653
1.6955,1.6061,-1.9289,-0.7314,4.4051
2.6428,1.7898,1.4277,1.5461,1.2397
1.4277,1.5461,-1.9289,-0.7314,4.1307
2.6428,1.7898,1.1365,1.484,1.5375
1.1365,1.484,-1.9289,-0.7314,3.8329
2.6428,1.7898,0.7705,1.4094,1.911
0.7705,1.4094,-1.9289,-0.7314,3.4594
2.6428,1.7898,0.7191,1.3924,1.9652
0.7191,1.3924,-1.9289,-0.7314,3.4052
2.6428,1.7898,0.4529,1.2315,2.2762
0.4529,1.2315,-1.9289,-0.7314,3.0942
2.6428,1.7898,0.1392,0.9973,2.6677
0.1392,0.9973,-1.9289,-0.7314,2.7027
2.6428,1.7898,-0.2559,0.7153,3.1531
-0.2559,0.7153,-1.9289,-0.7314,2.2173
2.6428,1.7898,-0.473,0.5536,3.4237
-0.473,0.5536,-1.9289,-0.7314,1.9467
2.6428,1.7898,-0.6735,0.3961,3.6788
-0.6735,0.3961,-1.9289,-0.7314,1.6916
2.6428,1.7898,-0.8646,0.2632,3.9116
-0.8646,0.2632,-1.9289,-0.7314,1.4588
2.6428,1.7898,-1.031,0.1148,4.1344
-1.031,0.1148,-1.9289,-0.7314,1.2359
2.6428,1.7898,-1.2106,-0.0768,4.3971
-1.2106,-0.0768,-1.9289,-0.7314,0.9733
2.6428,1.7898,-1.375,-0.2282,4.6206
-1.375,-0.2282,-1.9289,-0.7314,0.7498
2.6428,1.7898,-1.5502,-0.3591,4.8393
-1.5502,-0.3591,-1.9289,-0.7314,0.5311
2.6428,1.7898,-1.7567,-0.5681,5.1331
-1.7567,-0.5681,-1.9289,-0.7314,0.2373
2.6428,1.7898,-1.9289,-0.7314,5.3704
-1.9289,-0.7314,-1.9289,-0.7314,0.0
-1.264,0.0014,-1.264,0.0014,0.0
-1.264,0.0014,0.4641,1.7276,2.4665
-1.264,0.0014,-1.0398,0.1748,0.2834
-1.0398,0.1748,0.4641,1.7276,2.1831
-1.264,0.0014,-0.9186,0.2719,0.4387
-0.9186,0.2719,0.4641,1.7276,2.0278
-1.264,0.0014,-0.5974,0.5075,0.837
-0.5974,0.5075,0.4641,1.7276,1.6295
-1.264,0.0014,-0.2665,0.7643,1.2559
-0.2665,0.7643,0.4641,1.7276,1.2106
-1.264,0.0014,-0.0683,1.0365,1.5926
-0.0683,1.0365,0.4641,1.7276,0.8739
-1.264,0.0014,0.0558,1.2347,1.8264
0.0558,1.2347,0.4641,1.7276,0.6401
-1.264,0.0014,0.2664,1.4947,2.161
0.2664,1.4947,0.4641,1.7276,0.3055
-1.264,0.0014,0.4641,1.7276,2.4665
0.4641,1.7276,0.4641,1.7276,0.0
-0.4734,-0.3092,-0.4734,-0.3092,0.0
-0.4734,-0.3092,-2.6241,2.0537,3.2107
-0.4734,-0.3092,-0.6906,-0.1174,0.2898
-0.6906,-0.1174,-2.6241,2.0537,2.921
-0.4734,-0.3092,-0.9834,0.1682,0.6988
-0.9834,0.1682,-2.6241,2.0537,2.512
-0.4734,-0.3092,-1.3359,0.4982,1.1816
-1.3359,0.4982,-2.6241,2.0537,2.0291
-0.4734,-0.3092,-1.4472,0.6467,1.3672
-1.4472,0.6467,-2.6241,2.0537,1.8435
-0.4734,-0.3092,-1.6576,0.9537,1.7394
-1.6576,0.9537,-2.6241,2.0537,1.4713
-0.4734,-0.3092,-1.866,1.2259,2.0822
-1.866,1.2259,-2.6241,2.0537,1.1285
-0.4734,-0.3092,-2.009,1.4253,2.3276
-2.009,1.4253,-2.6241,2.0537,0.8831
-0.4734,-0.3092,-2.2106,1.6035,2.5967
-2.2106,1.6035,-2.6241,2.0537,0.6141
-0.4734,-0.3092,-2.2759,1.7065,2.7186
-2.2759,1.7065,-2.6241,2.0537,0.4921
-0.4734,-0.3092,-2.4743,1.9176,3.0083
-2.4743,1.9176,-2.6241,2.0537,0.2024
-0.4734,-0.3092,-2.6241,2.0537,3.2107
-2.6241,2.0537,-2.6241,2.0537,0.0
-1.2781,-2.9158,-1.2781,-2.9158,0.0
-1.2781,-2.9158,-2.5728,-1.4608,1.9479
-1.2781,-2.9158,-1.5322,-2.6433,0.3726
-1.5322,-2.6433,-2.5728,-1.4608,1.5753
-1.2781,-2.9158,-1.8584,-2.2827,0.8588
-1.8584,-2.2827,-2.5728,-1.4608,1.089
-1.2781,-2.9158,-2.0975,-1.9984,1.2303
-2.0975,-1.9984,-2.5728,-1.4608,0.7175
-1.2781,-2.9158,-2.3152,-1.7565,1.5557
-2.3152,-1.7565,-2.5728,-1.4608,0.3921
-1.2781,-2.9158,-2.5728,-1.4608,1.9479
-2.5728,-1.4608,-2.5728,-1.4608,0.0
-1.1054,-1.243,-1.1054,-1.243,0.0
-1.1054,-1.243,0.4368,1.5305,3.2299
-1.1054,-1.243,-0.9518,-0.8841,0.3904
-0.9518,-0.8841,0.4368,1.5305,2.8395
-1.1054,-1.243,-0.8587,-0.6189,0.6715
-0.8587,-0.6189,0.4368,1.5305,2.5585
-1.1054,-1.243,-0.7236,-0.2211,1.0916
-0.7236,-0.2211,0.4368,1.5305,2.1383
-1.1054,-1.243,-0.5984,0.1392,1.473
-0.5984,0.1392,0.4368,1.5305,1.7569
-1.1054,-1.243,-0.4584,0.4743,1.8362
-0.4584,0.4743,0.4368,1.5305,1.3938
-1.1054,-1.243,-0.1955,0.7961,2.2517
-0.1955,0.7961,0.4368,1.5305,0.9782
-1.1054,-1.243,-0.0566,0.9622,2.4682
-0.0566,0.9622,0.4368,1.5305,0.7617
-1.1054,-1.243,0.1564,1.297,2.865
0.1564,1.297,0.4368,1.5305,0.3649
-1.1054,-1.243,0.4368,1.5305,3.2299
0.4368,1.5305,0.4368,1.5305,0.0
2.41,1.0987,2.41,1.0987,0.0
2.41,1.0987,1.1317,-0.5409,2.0795
2.41,1.0987,2.203,0.8279,0.3408
2.203,0.8279,1.1317,-0.5409,1.7387
2.41,1.0987,2.0499,0.64,0.5832
2.0499,0.64,1.1317,-0.5409,1.4963
2.41,1.0987,1.7588,0.27,1.054
1.7588,0.27,1.1317,-0.5409,1.0256
2.41,1.0987,1.5163,-0.0646,1.4673
1.5163,-0.0646,1.1317,-0.5409,0.6123
2.41,1.0987,1.4367,-0.173,1.6017
1.4367,-0.173,1.1317,-0.5409,0.4778
2.41,1.0987,1.2482,-0.4008,1.8974
1.2482,-0.4008,1.1317,-0.5409,0.1821
2.41,1.0987,1.1317,-0.5409,2.0795
1.1317,-0.5409,1.1317,-0.5409,0.0
-1.8276,-0.887,-1.8276,-0.887,0.0
-1.8276,-0.887,-0.3517,-1.0349,1.4858
-1.8276,-0.887,-1.5293,-0.949,0.3046
-1.5293,-0.949,-0.3517,-1.0349,1.1812
-1.8276,-0.887,-1.2634,-0.9807,0.5724
-1.2634,-0.9807,-0.3517,-1.0349,0.9134
-1.8276,-0.887,-0.7895,-1.0085,1.0472
-0.7895,-1.0085,-0.3517,-1.0349,0.4386
-1.8276,-0.887,-0.3517,-1.0349,1.4858
-0.3517,-1.0349,-0.3517,-1.0349,0.0
-0.0351,1.9951,-0.0351,1.9951,0.0
-0.0351,1.9951,-2.6924,-0.3796,3.7123
-0.0351,1.9951,-0.2859,1.9105,0.2647
-0.2859,1.9105,-2.6924,-0.3796,3.4475
-0.0351,1.9951,-0.5585,1.8025,0.5579
-0.5585,1.8025,-2.6924,-0.3796,3.1543
-0.0351,1.9951,-0.8585,1.6907,0.8781
-0.8585,1.6907,-2.6924,-0.3796,2.8342
-0.0351,1.9951,-0.933,1.6577,0.9595
-0.933,1.6577,-2.6924,-0.3796,2.7527
-0.0351,1.9951,-1.3567,1.4378,1.4369
-1.3567,1.4378,-2.6924,-0.3796,2.2753
-0.0351,1.9951,-1.5321,1.2858,1.669
-1.5321,1.2858,-2.6924,-0.3796,2.0433
-0.0351,1.9951,-1.7632,1.0613,1.9912
-1.7632,1.0613,-2.6924,-0.3796,1.7211
-0.0351,1.9951,-1.8133,0.9652,2.0996
-1.8133,0.9652,-2.6924,-0.3796,1.6126
-0.0351,1.9951,-1.8462,0.9477,2.1368
-1.8462,0.9477,-2.6924,-0.3796,1.5754
-0.0351,1.9951,-2.0648,0.5644,2.5781
-2.0648,0.5644,-2.6924,-0.3796,1.1341
-0.0351,1.9951,-2.2235,0.3402,2.8528
-2.2235,0.3402,-2.6924,-0.3796,0.8594
-0.0351,1.9951,-2.4723,-0.0187,3.2895
-2.4723,-0.0187,-2.6924,-0.3796,0.4227
-0.0351,1.9951,-2.6924,-0.3796,3.7123
-2.6924,-0.3796,-2.6924,-0.3796,0.0
-0.6022,-2.9083,-0.6022,-2.9083,0.0
-0.6022,-2.9083,-1.8345,2.9532,6.0126
-0.6022,-2.9083,-0.6532,-2.5076,0.4039
-0.6532,-2.5076,-1.8345,2.9532,5.6087
-0.6022,-2.9083,-0.6938,-2.2895,0.6258
-0.6938,-2.2895,-1.8345,2.9532,5.3869
-0.6022,-2.9083,-0.7933,-1.894,1.0336
-0.7933,-1.894,-1.8345,2.9532,4.979
-0.6022,-2.9083,-0.9288,-1.4973,1.4528
-0.9288,-1.4973,-1.8345,2.9532,4.5598
-0.6022,-2.9083,-1.0376,-1.1372,1.829
-1.0376,-1.1372,-1.8345,2.9532,4.1837
-0.6022,-2.9083,-1.0667,-0.954,2.0145
-1.0667,-0.954,-1.8345,2.9532,3.9982
-0.6022,-2.9083,-1.1333,-0.6987,2.2783
-1.1333,-0.6987,-1.8345,2.9532,3.7343
-0.6022,-2.9083,-1.2305,-0.3907,2.6013
-1.2305,-0.3907,-1.8345,2.9532,3.4113
-0.6022,-2.9083,-1.2727,-0.1686,2.8274
-1.2727,-0.1686,-1.8345,2.9532,3.1853
-0.6022,-2.9083,-1.3743,0.3056,3.3123
-1.3743,0.3056,-1.8345,2.9532,2.7003
-0.6022,-2.9083,-1.4389,0.6486,3.6613
-1.4389,0.6486,-1.8345,2.9532,2.3513
-0.6022,-2.9083,-1.4897,0.8308,3.8505
-1.4897,0.8308,-1.8345,2.9532,2.1622
-0.6022,-2.9083,-1.4931,1.0732,4.0929
-1.4931,1.0732,-1.8345,2.9532,1.9198
-0.6022,-2.9083,-1.5212,1.3931,4.414
-1.5212,1.3931,-1.8345,2.9532,1.5986
-0.6022,-2.9083,-1.6209,1.7673,4.8014
-1.6209,1.7673,-1.8345,2.9532,1.2113
-0.6022,-2.9083,-1.6412,2.0209,5.0557
-1.6412,2.0209,-1.8345,2.9532,0.9569
-0.6022,-2.9083,-1.6689,2.3036,5.3398
-1.6689,2.3036,-1.8345,2.9532,0.6729
-0.6022,-2.9083,-1.6995,2.5337,5.5719
-1.6995,2.5337,-1.8345,2.9532,0.4407
-0.6022,-2.9083,-1.7757,2.7713,5.8214
-1.7757,2.7713,-1.8345,2.9532,0.1912
-0.6022,-2.9083,-1.8345,2.9532,6.0126
-1.8345,2.9532,-1.8345,2.9532,0.0
0.9013,2.3986,0.9013,2.3986,0.0
0.9013,2.3986,0.731,-1.9029,4.3545
0.9013,2.3986,0.8483,2.1703,0.2343
0.8483,2.1703,0.731,-1.9029,4.1202
0.9013,2.3986,0.7767,1.8608,0.552
0.7767,1.8608,0.731,-1.9029,3.8025
0.9013,2.3986,0.6478,1.4413,0.9909
0.6478,1.4413,0.731,-1.9029,3.3636
0.9013,2.3986,0.6364,1.3113,1.1214
0.6364,1.3113,0.731,-1.9029,3.2331
0.9013,2.3986,0.6043,1.0343,1.4003
0.6043,1.0343,0.731,-1.9029,2.9542
0.9013,2.3986,0.6007,0.7594,1.6751
0.6007,0.7594,0.731,-1.9029,2.6794
0.9013,2.3986,0.6391,0.5323,1.9055
0.6391,0.5323,0.731,-1.9029,2.449
0.9013,2.3986,0.7005,0.1813,2.2618
0.7005,0.1813,0.731,-1.9029,2.0927
0.9013,2.3986,0.75,-0.2532,2.6991
0.75,-0.2532,0.731,-1.9029,1.6554
0.9013,2.3986,0.7807,-0.5361,2.9836
0.7807,-0.5361,0.731,-1.9029,1.3709
0.9013,2.3986,0.8075,-0.875,3.3237
0.8075,-0.875,0.731,-1.9029,1.0308
0.9013,2.3986,0.7881,-1.0829,3.5324
0.7881,-1.0829,0.731,-1.9029,0.8221
0.9013,2.3986,0.7704,-1.3053,3.7556
0.7704,-1.3053,0.731,-1.9029,0.5989
0.9013,2.3986,0.7474,-1.609,4.0601
0.7474,-1.609,0.731,-1.9029,0.2944
0.9013,2.3986,0.731,-1.9029,4.3545
0.731,-1.9029,0.731,-1.9029,0.0
-0.0766,0.6658,-0.0766,0.6658,0.0
-0.0766,0.6658,1.8472,-0.0267,2.0463
-0.0766,0.6658,0.2128,0.5529,0.3107
0.2128,0.5529,1.8472,-0.0267,1.7356
-0.0766,0.6658,0.4578,0.4813,0.5659
0.4578,0.4813,1.8472,-0.0267,1.4804
-0.0766,0.6658,0.7032,0.3888,0.8281
0.7032,0.3888,1.8472,-0.0267,1.2182
-0.0766,0.6658,0.8524,0.3387,0.9855
0.8524,0.3387,1.8472,-0.0267,1.0608
-0.0766,0.6658,1.0992,0.2596,1.2447
1.0992,0.2596,1.8472,-0.0267,0.8015
-0.0766,0.6658,1.47,0.1001,1.6483
1.47,0.1001,1.8472,-0.0267,0.398
-0.0766,0.6658,1.8472,-0.0267,2.0463
1.8472,-0.0267,1.8472,-0.0267,0.0
0.6809,2.9797,0.6809,2.9797,0.0
0.6809,2.9797,0.5306,0.54,2.4475
0.6809,2.9797,0.6213,2.5976,0.3867
0.6213,2.5976,0.5306,0.54,2.0608
0.6809,2.9797,0.5855,2.1573,0.8285
0.5855,2.1573,0.5306,0.54,1.619
0.6809,2.9797,0.5585,1.807,1.1799
0.5585,1.807,0.5306,0.54,1.2676
0.6809,2.9797,0.5471,1.4581,1.529
0.5471,1.4581,0.5306,0.54,0.9185
0.6809,2.9797,0.5362,1.2654,1.7219
0.5362,1.2654,0.5306,0.54,0.7256
0.6809,2.9797,0.5269,0.9979,1.9896
0.5269,0.9979,0.5306,0.54,0.4579
0.6809,2.9797,0.5306,0.54,2.4475
0.5306,0.54,0.5306,0.54,0.0
0.4824,2.096,0.4824,2.096,0.0
0.4824,2.096,0.7725,-0.516,2.6442
0.4824,2.096,0.551,1.6507,0.4506
0.551,1.6507,0.7725,-0.516,2.1935
0.4824,2.096,0.5713,1.3811,0.721
0.5713,1.3811,0.7725,-0.516,1.9232
0.4824,2.096,0.5947,0.9654,1.1373
0.5947,0.9654,0.7725,-0.516,1.5069
0.4824,2.096,0.6445,0.6504,1.4562
0.6445,0.6504,0.7725,-0.516,1.188
0.4824,2.096,0.667,0.4726,1.6354
0.667,0.4726,0.7725,-0.516,1.0088
0.4824,2.096,0.7307,0.1855,1.9295
0.7307,0.1855,0.7725,-0.516,0.7147
0.4824,2.096,0.8122,-0.1047,2.231
0.8122,-0.1047,0.7725,-0.516,0.4132
0.4824,2.096,0.7725,-0.516,2.6442
0.7725,-0.516,0.7725,-0.516,0.0
2.5492,-0.5208,2.5492,-0.5208,0.0
2.5492,-0.5208,-0.0756,2.9425,4.3841
2.5492,-0.5208,2.36,-0.2588,0.3232
2.36,-0.2588,-0.0756,2.9425,4.0609
2.5492,-0.5208,2.2686,-0.0405,0.5599
2.2686,-0.0405,-0.0756,2.9425,3.8243
2.5492,-0.5208,2.0573,0.2561,0.924
2.0573,0.2561,-0.0756,2.9425,3.4601
2.5492,-0.5208,1.8742,0.6079,1.3206
1.8742,0.6079,-0.0756,2.9425,3.0635
2.5492,-0.5208,1.7157,0.8753,1.6314
1.7157,0.8753,-0.0756,2.9425,2.7527
2.5492,-0.5208,1.5305,1.1384,1.9532
1.5305,1.1384,-0.0756,2.9425,2.4309
2.5492,-0.5208,1.3156,1.4496,2.3314
1.3156,1.4496,-0.0756,2.9425,2.0527
2.5492,-0.5208,1.26,1.5242,2.4244
1.26,1.5242,-0.0756,2.9425,1.9597
2.5492,-0.5208,1.0368,1.8259,2.7998
1.0368,1.8259,-0.0756,2.9425,1.5844
2.5492,-0.5208,0.9003,1.9844,3.0089
0.9003,1.9844,-0.0756,2.9425,1.3752
2.5492,-0.5208,0.7874,2.1009,3.1711
0.7874,2.1009,-0.0756,2.9425,1.213
2.5492,-0.5208,0.5675,2.3391,3.4953
0.5675,2.3391,-0.0756,2.9425,0.8888
2.5492,-0.5208,0.43,2.5327,3.7328
0.43,2.5327,-0.0756,2.9425,0.6513
2.5492,-0.5208,0.2054,2.7297,4.0316
0.2054,2.7297,-0.0756,2.9425,0.3525
2.5492,-0.5208,0.0698,2.8289,4.1996
0.0698,2.8289,-0.0756,2.9425,0.1845
2.5492,-0.5208,-0.0756,2.9425,4.3841
-0.0756,2.9425,-0.0756,2.9425,0.0
0.2232,0.8872,0.2232,0.8872,0.0
0.2232,0.8872,2.6873,-1.6041,3.5138
0.2232,0.8872,0.5253,0.6352,0.3935
0.5253,0.6352,2.6873,-1.6041,3.1203
0.2232,0.8872,0.7106,0.4709,0.641
0.7106,0.4709,2.6873,-1.6041,2.8728
0.2232,0.8872,0.9226,0.2737,0.9306
0.9226,0.2737,2.6873,-1.6041,2.5832
0.2232,0.8872,1.1618,0.055,1.2547
1.1618,0.055,2.6873,-1.6041,2.259
0.2232,0.8872,1.2893,-0.0798,1.4403
1.2893,-0.0798,2.6873,-1.6041,2.0735
0.2232,0.8872,1.4797,-0.3125,1.7409
1.4797,-0.3125,2.6873,-1.6041,1.7729
0.2232,0.8872,1.687,-0.539,2.048
1.687,-0.539,2.6873,-1.6041,1.4658
0.2232,0.8872,1.9173,-0.801,2.3967
1.9173,-0.801,2.6873,-1.6041,1.117
0.2232,0.8872,2.1237,-0.9643,2.66
2.1237,-0.9643,2.6873,-1.6041,0.8538
0.2232,0.8872,2.2629,-1.1351,2.8803
2.2629,-1.1351,2.6873,-1.6041,0.6335
0.2232,0.8872,2.4648,-1.3842,3.201
2.4648,-1.3842,2.6873,-1.6041,0.3128
0.2232,0.8872,2.6873,-1.6041,3.5138
2.6873,-1.6041,2.6873,-1.6041,0.0
2.8506,-1.8654,2.8506,-1.8654,0.0
2.8506,-1.8654,-2.1707,2.861,6.9507
2.8506,-1.8654,2.6028,-1.6094,0.3563
2.6028,-1.6094,-2.1707,2.861,6.5945
2.8506,-1.8654,2.3312,-1.3325,0.7441
2.3312,-1.3325,-2.1707,2.861,6.2066
2.8506,-1.8654,2.0538,-1.0567,1.1353
2.0538,-1.0567,-2.1707,2.861,5.8154
2.8506,-1.8654,1.7245,-0.777,1.5674
1.7245,-0.777,-2.1707,2.861,5.3833
2.8506,-1.8654,1.432,-0.4628,1.9967
1.432,-0.4628,-2.1707,2.861,4.9541
2.8506,-1.8654,1.348,-0.3704,2.1215
1.348,-0.3704,-2.1707,2.861,4.8292
2.8506,-1.8654,1.1474,-0.1622,2.4107
1.1474,-0.1622,-2.1707,2.861,4.5401
2.8506,-1.8654,1.0036,0.0522,2.6688
1.0036,0.0522,-2.1707,2.861,4.282
2.8506,-1.8654,0.8272,0.1719,2.8819
0.8272,0.1719,-2.1707,2.861,4.0688
2.8506,-1.8654,0.5787,0.4333,3.2427
0.5787,0.4333,-2.1707,2.861,3.7081
2.8506,-1.8654,0.2676,0.6662,3.6313
0.2676,0.6662,-2.1707,2.861,3.3195
2.8506,-1.8654,0.0617,0.7914,3.8723
0.0617,0.7914,-2.1707,2.861,3.0785
2.8506,-1.8654,-0.1055,0.8939,4.0684
-0.1055,0.8939,-2.1707,2.861,2.8823
2.8506,-1.8654,-0.3126,1.0985,4.3595
-0.3126,1.0985,-2.1707,2.861,2.5912
2.8506,-1.8654,-0.5412,1.3652,4.7107
-0.5412,1.3652,-2.1707,2.861,2.24
2.8506,-1.8654,-0.8582,1.5959,5.1028
-0.8582,1.5959,-2.1707,2.861,1.8479
2.8506,-1.8654,-1.0196,1.7124,5.3019
-1.0196,1.7124,-2.1707,2.861,1.6488
2.8506,-1.8654,-1.1717,1.9996,5.6269
-1.1717,1.9996,-2.1707,2.861,1.3239
2.8506,-1.8654,-1.3204,2.1656,5.8497
-1.3204,2.1656,-2.1707,2.861,1.101
2.8506,-1.8654,-1.5568,2.3665,6.16
-1.5568,2.3665,-2.1707,2.861,0.7908
2.8506,-1.8654,-1.822,2.6075,6.5183
-1.822,2.6075,-2.1707,2.861,0.4325
2.8506,-1.8654,-2.0599,2.7605,6.8012
-2.0599,2.7605,-2.1707,2.861,0.1496
2.8506,-1.8654,-2.1707,2.861,6.9507
-2.1707,2.861,-2.1707,2.861,0.0
0.3041,-2.7398,0.3041,-2.7398,0.0
0.3041,-2.7398,-1.8487,0.7612,4.1154
0.3041,-2.7398,0.1069,-2.41,0.3843
0.1069,-2.41,-1.8487,0.7612,3.7311
0.3041,-2.7398,-0.0891,-2.0105,0.8292
-0.0891,-2.0105,-1.8487,0.7612,3.2862
0.3041,-2.7398,-0.2708,-1.6746,1.2111
-0.2708,-1.6746,-1.8487,0.7612,2.9043
0.3041,-2.7398,-0.5441,-1.265,1.7035
-0.5441,-1.265,-1.8487,0.7612,2.4119
0.3041,-2.7398,-0.7117,-1.0111,2.0078
-0.7117,-1.0111,-1.8487,0.7612,2.1076
0.3041,-2.7398,-0.8098,-0.8438,2.2017
-0.8098,-0.8438,-1.8487,0.7612,1.9137
0.3041,-2.7398,-1.0102,-0.5401,2.5656
-1.0102,-0.5401,-1.8487,0.7612,1.5498
0.3041,-2.7398,-1.177,-0.3182,2.8432
-1.177,-0.3182,-1.8487,0.7612,1.2722
0.3041,-2.7398,-1.372,0.0029,3.2189
-1.372,0.0029,-1.8487,0.7612,0.8965
0.3041,-2.7398,-1.5721,0.358,3.6264
-1.5721,0.358,-1.8487,0.7612,0.4889
0.3041,-2.7398,-1.8487,0.7612,4.1154
-1.8487,0.7612,-1.8487,0.7612,0.0
0.9168,2.1993,0.9168,2.1993,0.0
0.9168,2.1993,0.1151,-2.5252,4.8275
0.9168,2.1993,0.7717,1.7842,0.4398
0.7717,1.7842,0.1151,-2.5252,4.3877
0.9168,2.1993,0.6836,1.5209,0.7174
0.6836,1.5209,0.1151,-2.5252,4.1102
0.9168,2.1993,0.5706,1.2447,1.0158
0.5706,1.2447,0.1151,-2.5252,3.8117
0.9168,2.1993,0.5693,1.0229,1.2376
0.5693,1.0229,0.1151,-2.5252,3.5899
0.9168,2.1993,0.5312,0.7515,1.5117
0.5312,0.7515,0.1151,-2.5252,3.3158
0.9168,2.1993,0.5174,0.4714,1.7921
0.5174,0.4714,0.1151,-2.5252,3.0354
0.9168,2.1993,0.5149,0.0819,2.1817
0.5149,0.0819,0.1151,-2.5252,2.6459
0.9168,2.1993,0.4895,-0.2536,2.5181
0.4895,-0.2536,0.1151,-2.5252,2.3094
0.9168,2.1993,0.4315,-0.595,2.8644
0.4315,-0.595,0.1151,-2.5252,1.9631
0.9168,2.1993,0.3208,-1.0076,3.2916
0.3208,-1.0076,0.1151,-2.5252,1.5359
0.9168,2.1993,0.2808,-1.3187,3.6052
0.2808,-1.3187,0.1151,-2.5252,1.2223
0.9168,2.1993,0.271,-1.6312,3.9179
0.271,-1.6312,0.1151,-2.5252,0.9096
0.9168,2.1993,0.2069,-1.9913,4.2837
0.2069,-1.9913,0.1151,-2.5252,0.5438
0.9168,2.1993,0.1288,-2.3073,4.6092
0.1288,-2.3073,0.1151,-2.5252,0.2183
0.9168,2.1993,0.1151,-2.5252,4.8275
0.1151,-2.5252,0.1151,-2.5252,0.0
-2.814,2.4892,-2.814,2.4892,0.0
-2.814,2.4892,-1.9426,-2.1016,4.6953
-2.814,2.4892,-2.7799,2.179,0.3121
-2.7799,2.179,-1.9426,-2.1016,4.3832
-2.814,2.4892,-2.7567,1.942,0.5502
-2.7567,1.942,-1.9426,-2.1016,4.1451
-2.814,2.4892,-2.709,1.6349,0.861
-2.709,1.6349,-1.9426,-2.1016,3.8343
-2.814,2.4892,-2.6759,1.3769,1.1211
-2.6759,1.3769,-1.9426,-2.1016,3.5742
-2.814,2.4892,-2.5789,0.913,1.595
-2.5789,0.913,-1.9426,-2.1016,3.1003
-2.814,2.4892,-2.5297,0.6752,1.8379
-2.5297,0.6752,-1.9426,-2.1016,2.8574
-2.814,2.4892,-2.4789,0.3614,2.1557
-2.4789,0.3614,-1.9426,-2.1016,2.5396
-2.814,2.4892,-2.4277,0.1024,2.4197
-2.4277,0.1024,-1.9426,-2.1016,2.2756
-2.814,2.4892,-2.3385,-0.302,2.8339
-2.3385,-0.302,-1.9426,-2.1016,1.8614
-2.814,2.4892,-2.2561,-0.6431,3.1848
-2.2561,-0.6431,-1.9426,-2.1016,1.5105
-2.814,2.4892,-2.2172,-0.8583,3.4035
-2.2172,-0.8583,-1.9426,-2.1016,1.2918
-2.814,2.4892,-2.1952,-0.9637,3.5112
-2.1952,-0.9637,-1.9426,-2.1016,1.1841
-2.814,2.4892,-2.1331,-1.2722,3.8258
-2.1331,-1.2722,-1.9426,-2.1016,0.8695
-2.814,2.4892,-2.1077,-1.4739,4.0291
-2.1077,-1.4739,-1.9426,-2.1016,0.6662
-2.814,2.4892,-2.0728,-1.8911,4.4478
-2.0728,-1.8911,-1.9426,-2.1016,0.2475
-2.814,2.4892,-1.9426,-2.1016,4.6953
-1.9426,-2.1016,-1.9426,-2.1016,0.0
0.9834,2.5996,0.9834,2.5996,0.0
0.9834,2.5996,0.8236,-0.3606,3.0669
0.9834,2.5996,0.8787,2.2494,0.3655
0.8787,2.2494,0.8236,-0.3606,2.7015
0.9834,2.5996,0.7856,1.9577,0.6716
0.7856,1.9577,0.8236,-0.3606,2.3953
0.9834,2.5996,0.6615,1.5419,1.1056
0.6615,1.5419,0.8236,-0.3606,1.9614
0.9834,2.5996,0.6012,1.4411,1.2231
0.6012,1.4411,0.8236,-0.3606,1.8439
0.9834,2.5996,0.6467,1.0463,1.6205
0.6467,1.0463,0.8236,-0.3606,1.4465
0.9834,2.5996,0.6152,0.6538,2.0142
0.6152,0.6538,0.8236,-0.3606,1.0527
0.9834,2.5996,0.7622,0.3342,2.366
0.7622,0.3342,0.8236,-0.3606,0.7009
0.9834,2.5996,0.8016,0.0952,2.6083
0.8016,0.0952,0.8236,-0.3606,0.4587
0.9834,2.5996,0.8378,-0.1905,2.8962
0.8378,-0.1905,0.8236,-0.3606,0.1707
0.9834,2.5996,0.8236,-0.3606,3.0669
0.8236,-0.3606,0.8236,-0.3606,0.0
0.3662,-2.2676,0.3662,-2.2676,0.0
0.3662,-2.2676,-2.0881,-0.2061,3.2311
0.3662,-2.2676,-0.0078,-2.0876,0.4151
-0.0078,-2.0876,-2.0881,-0.2061,2.816
0.3662,-2.2676,-0.1878,-1.9392,0.6484
-0.1878,-1.9392,-2.0881,-0.2061,2.5827
0.3662,-2.2676,-0.4025,-1.7557,0.9308
-0.4025,-1.7557,-2.0881,-0.2061,2.3003
0.3662,-2.2676,-0.6462,-1.4866,1.2939
-0.6462,-1.4866,-2.0881,-0.2061,1.9373
0.3662,-2.2676,-0.8653,-1.2365,1.6263
-0.8653,-1.2365,-2.0881,-0.2061,1.6048
0.3662,-2.2676,-1.0651,-1.0145,1.925
-1.0651,-1.0145,-2.0881,-0.2061,1.3061
0.3662,-2.2676,-1.1637,-0.9397,2.0488
-1.1637,-0.9397,-2.0881,-0.2061,1.1824
0.3662,-2.2676,-1.3429,-0.8103,2.2698
-1.3429,-0.8103,-2.0881,-0.2061,0.9613
0.3662,-2.2676,-1.534,-0.632,2.5312
-1.534,-0.632,-2.0881,-0.2061,0.7
0.3662,-2.2676,-1.8226,-0.3858,2.9106
-1.8226,-0.3858,-2.0881,-0.2061,0.3206
0.3662,-2.2676,-2.0881,-0.2061,3.2311
-2.0881,-0.2061,-2.0881,-0.2061,0.0
2.9406,-1.3532,2.9406,-1.3532,0.0
2.9406,-1.3532,0.4526,0.2034,2.9423
2.9406,-1.3532,2.6994,-1.191,0.2908
2.6994,-1.191,0.4526,0.2034,2.6516
2.9406,-1.3532,2.5138,-1.0466,0.5259
2.5138,-1.0466,0.4526,0.2034,2.4165
2.9406,-1.3532,2.2259,-0.8443,0.8777
2.2259,-0.8443,0.4526,0.2034,2.0646
2.9406,-1.3532,1.9519,-0.6567,1.2098
1.9519,-0.6567,0.4526,0.2034,1.7325
2.9406,-1.3532,1.6671,-0.4421,1.5664
1.6671,-0.4421,0.4526,0.2034,1.3759
2.9406,-1.3532,1.2972,-0.2256,1.995
1.2972,-0.2256,0.4526,0.2034,0.9473
2.9406,-1.3532,1.0,-0.0742,2.3286
1.0,-0.0742,0.4526,0.2034,0.6137
2.9406,-1.3532,0.5606,0.1514,2.8225
0.5606,0.1514,0.4526,0.2034,0.1198
2.9406,-1.3532,0.4526,0.2034,2.9423
0.4526,0.2034,0.4526,0.2034,0.0
-1.3111,2.0714,-1.3111,2.0714,0.0
-1.3111,2.0714,-2.1628,1.335,1.1267
-1.3111,2.0714,-1.5434,1.8822,0.2996
-1.5434,1.8822,-2.1628,1.335,0.827
-1.3111,2.0714,-1.8064,1.6316,0.6629
-1.8064,1.6316,-2.1628,1.335,0.4637
-1.3111,2.0714,-1.9118,1.5381,0.8039
-1.9118,1.5381,-2.1628,1.335,0.3228
-1.3111,2.0714,-2.1628,1.335,1.1267
-2.1628,1.335,-2.1628,1.335,0.0
0.5107,-2.7041,0.5107,-2.7041,0.0
0.5107,-2.7041,0.2911,-1.9434,0.7962
0.5107,-2.7041,0.3465,-2.2853,0.4498
0.3465,-2.2853,0.2911,-1.9434,0.3464
0.5107,-2.7041,0.2911,-1.9434,0.7962
0.2911,-1.9434,0.2911,-1.9434,0.0
2.5523,1.3031,2.5523,1.3031,0.0
2.5523,1.3031,-0.9445,-0.4492,4.1738
2.5523,1.3031,2.3943,1.1809,0.1996
2.3943,1.1809,-0.9445,-0.4492,3.9742
2.5523,1.3031,2.1213,0.9543,0.5545
2.1213,0.9543,-0.9445,-0.4492,3.6193
2.5523,1.3031,1.9283,0.8001,0.8016
1.9283,0.8001,-0.9445,-0.4492,3.3723
2.5523,1.3031,1.5932,0.4994,1.2517
1.5932,0.4994,-0.9445,-0.4492,2.9221
2.5523,1.3031,1.4385,0.316,1.4917
1.4385,0.316,-0.9445,-0.4492,2.6822
2.5523,1.3031,1.1126,0.1079,1.8784
1.1126,0.1079,-0.9445,-0.4492,2.2955
2.5523,1.3031,0.8317,-0.136,2.2504
0.8317,-0.136,-0.9445,-0.4492,1.9235
2.5523,1.3031,0.7184,-0.2194,2.3911
0.7184,-0.2194,-0.9445,-0.4492,1.7828
2.5523,1.3031,0.5522,-0.4425,2.6692
0.5522,-0.4425,-0.9445,-0.4492,1.5046
2.5523,1.3031,0.2342,-0.5059,2.9935
0.2342,-0.5059,-0.9445,-0.4492,1.1803
2.5523,1.3031,-0.123,-0.4863,3.3512
-0.123,-0.4863,-0.9445,-0.4492,0.8226
2.5523,1.3031,-0.2049,-0.4778,3.4336
-0.2049,-0.4778,-0.9445,-0.4492,0.7402
2.5523,1.3031,-0.6229,-0.4677,3.8517
-0.6229,-0.4677,-0.9445,-0.4492,0.3222
2.5523,1.3031,-0.9445,-0.4492,4.1738
-0.9445,-0.4492,-0.9445,-0.4492,0.0
-1.62,-0.9136,-1.62,-0.9136,0.0
-1.62,-0.9136,-2.2407,2.6319,3.6038
-1.62,-0.9136,-1.6372,-0.8151,0.1
-1.6372,-0.8151,-2.2407,2.6319,3.5038
-1.62,-0.9136,-1.7149,-0.4502,0.4731
-1.7149,-0.4502,-2.2407,2.6319,3.1308
-1.62,-0.9136,-1.769,-0.1295,0.7983
-1.769,-0.1295,-2.2407,2.6319,2.8056
-1.62,-0.9136,-1.8084,0.147,1.0776
-1.8084,0.147,-2.2407,2.6319,2.5262
-1.62,-0.9136,-1.8534,0.4155,1.3498
-1.8534,0.4155,-2.2407,2.6319,2.254
-1.62,-0.9136,-1.8875,0.7303,1.6665
-1.8875,0.7303,-2.2407,2.6319,1.9373
-1.62,-0.9136,-1.8949,0.887,1.8234
-1.8949,0.887,-2.2407,2.6319,1.7805
-1.62,-0.9136,-1.9347,1.1612,2.1004
-1.9347,1.1612,-2.2407,2.6319,1.5035
-1.62,-0.9136,-1.9592,1.3287,2.2697
-1.9592,1.3287,-2.2407,2.6319,1.3342
-1.62,-0.9136,-2.0213,1.6171,2.5647
-2.0213,1.6171,-2.2407,2.6319,1.0391
-1.62,-0.9136,-2.0981,1.971,2.9269
-2.0981,1.971,-2.2407,2.6319,0.677
-1.62,-0.9136,-2.1388,2.1863,3.146
-2.1388,2.1863,-2.2407,2.6319,0.4579
-1.62,-0.9136,-2.1944,2.3702,3.3381
-2.1944,2.3702,-2.2407,2.6319,0.2658
-1.62,-0.9136,-2.2407,2.6319,3.6038
-2.2407,2.6319,-2.2407,2.6319,0.0
1.3855,0.6694,1.3855,0.6694,0.0
1.3855,0.6694,-0.2409,-1.4239,2.6514
1.3855,0.6694,1.0895,0.2743,0.4937
1.0895,0.2743,-0.2409,-1.4239,2.1577
1.3855,0.6694,0.7864,-0.1008,0.9759
0.7864,-0.1008,-0.2409,-1.4239,1.6755
1.3855,0.6694,0.5015,-0.4518,1.428
0.5015,-0.4518,-0.2409,-1.4239,1.2234
1.3855,0.6694,0.3273,-0.6885,1.7219
0.3273,-0.6885,-0.2409,-1.4239,0.9295
1.3855,0.6694,0.035,-1.0806,2.211
0.035,-1.0806,-0.2409,-1.4239,0.4404
1.3855,0.6694,-0.2409,-1.4239,2.6514
-0.2409,-1.4239,-0.2409,-1.4239,0.0
-0.9052,2.7128,-0.9052,2.7128,0.0
-0.9052,2.7128,2.0511,1.0731,3.3861
-0.9052,2.7128,-0.5999,2.494,0.3756
-0.5999,2.494,2.0511,1.0731,3.0105
-0.9052,2.7128,-0.4762,2.4106,0.5248
-0.4762,2.4106,2.0511,1.0731,2.8613
-0.9052,2.7128,-0.2849,2.2942,0.7487
-0.2849,2.2942,2.0511,1.0731,2.6374
-0.9052,2.7128,-0.0442,2.1718,1.0188
-0.0442,2.1718,2.0511,1.0731,2.3673
-0.9052,2.7128,0.233,2.0346,1.328
0.233,2.0346,2.0511,1.0731,2.0581
-0.9052,2.7128,0.5897,1.8521,1.7287
0.5897,1.8521,2.0511,1.0731,1.6574
-0.9052,2.7128,0.8126,1.7351,1.9804
0.8126,1.7351,2.0511,1.0731,1.4057
-0.9052,2.7128,1.1138,1.5828,2.318
1.1138,1.5828,2.0511,1.0731,1.0681
-0.9052,2.7128,1.2878,1.4801,2.52
1.2878,1.4801,2.0511,1.0731,0.8661
-0.9052,2.7128,1.4933,1.3696,2.7534
1.4933,1.3696,2.0511,1.0731,0.6327
-0.9052,2.7128,1.7406,1.2545,3.0261
1.7406,1.2545,2.0511,1.0731,0.36
-0.9052,2.7128,1.9329,1.1515,3.2443
1.9329,1.1515,2.0511,1.0731,0.1418
-0.9052,2.7128,2.0511,1.0731,3.3861
2.0511,1.0731,2.0511,1.0731,0.0
1.5372,-0.2075,1.5372,-0.2075,0.0
1.5372,-0.2075,-0.9385,0.5357,2.6849
1.5372,-0.2075,1.1312,0.0348,0.4728
1.1312,0.0348,-0.9385,0.5357,2.2121
1.5372,-0.2075,0.8221,0.2364,0.8418
0.8221,0.2364,-0.9385,0.5357,1.843
1.5372,-0.2075,0.5076,0.434,1.2133
0.5076,0.434,-0.9385,0.5357,1.4716
1.5372,-0.2075,0.417,0.5046,1.3281
0.417,0.5046,-0.9385,0.5357,1.3567
1.5372,-0.2075,0.072,0.4943,1.6733
0.072,0.4943,-0.9385,0.5357,1.0116
1.5372,-0.2075,-0.3848,0.5117,2.1304
-0.3848,0.5117,-0.9385,0.5357,0.5544
1.5372,-0.2075,-0.6707,0.5163,2.4164
-0.6707,0.5163,-0.9385,0.5357,0.2685
1.5372,-0.2075,-0.9385,0.5357,2.6849
-0.9385,0.5357,-0.9385,0.5357,0.0
-1.5834,-0.7852,-1.5834,-0.7852,0.0
-1.5834,-0.7852,-2.2034,0.2982,1.2554
-1.5834,-0.7852,-1.8052,-0.4785,0.3784
-1.8052,-0.4785,-2.2034,0.2982,0.877
-1.5834,-0.7852,-2.0264,-0.1395,0.7833
-2.0264,-0.1395,-2.2034,0.2982,0.4722
-1.5834,-0.7852,-2.2034,0.2982,1.2554
-2.2034,0.2982,-2.2034,0.2982,0.0
-2.5158,-1.0834,-2.5158,-1.0834,0.0
-2.5158,-1.0834,0.8071,-1.0552,3.3301
-2.5158,-1.0834,-2.3086,-1.0782,0.2072
-2.3086,-1.0782,0.8071,-1.0552,3.1229
-2.5158,-1.0834,-1.9392,-1.0571,0.5772
-1.9392,-1.0571,0.8071,-1.0552,2.7529
-2.5158,-1.0834,-1.6651,-1.0765,0.852
-1.6651,-1.0765,0.8071,-1.0552,2.4781
-2.5158,-1.0834,-1.3534,-1.1048,1.165
-1.3534,-1.1048,0.8071,-1.0552,2.1651
-2.5158,-1.0834,-1.1437,-1.1119,1.3748
-1.1437,-1.1119,0.8071,-1.0552,1.9553
-2.5158,-1.0834,-0.8184,-1.1142,1.7001
-0.8184,-1.1142,0.8071,-1.0552,1.63
-2.5158,-1.0834,-0.6154,-1.1243,1.9034
-0.6154,-1.1243,0.8071,-1.0552,1.4267
-2.5158,-1.0834,-0.2095,-1.1304,2.3093
-0.2095,-1.1304,0.8071,-1.0552,1.0208
-2.5158,-1.0834,0.0985,-1.1318,2.6173
0.0985,-1.1318,0.8071,-1.0552,0.7128
-2.5158,-1.0834,0.3715,-1.0975,2.8925
0.3715,-1.0975,0.8071,-1.0552,0.4376
-2.5158,-1.0834,0.5897,-1.0748,3.1118
0.5897,-1.0748,0.8071,-1.0552,0.2183
-2.5158,-1.0834,0.8071,-1.0552,3.3301
0.8071,-1.0552,0.8071,-1.0552,0.0
-1.1855,1.876,-1.1855,1.876,0.0
-1.1855,1.876,1.5919,-2.4182,5.2785
-1.1855,1.876,-1.0262,1.7618,0.1961
-1.0262,1.7618,1.5919,-2.4182,5.0824
-1.1855,1.876,-0.77,1.583,0.5085
-0.77,1.583,1.5919,-2.4182,4.77
-1.1855,1.876,-0.4736,1.3645,0.8768
-0.4736,1.3645,1.5919,-2.4182,4.4017
-1.1855,1.876,-0.229,1.1392,1.2092
-0.229,1.1392,1.5919,-2.4182,4.0693
-1.1855,1.876,-0.1301,1.0749,1.3273
-0.1301,1.0749,1.5919,-2.4182,3.9513
-1.1855,1.876,0.115,0.8257,1.6767
0.115,0.8257,1.5919,-2.4182,3.6018
-1.1855,1.876,0.4197,0.5199,2.1085
0.4197,0.5199,1.5919,-2.4182,3.17
-1.1855,1.876,0.5262,0.3169,2.3377
0.5262,0.3169,1.5919,-2.4182,2.9409
-1.1855,1.876,0.7001,-0.0138,2.7114
0.7001,-0.0138,1.5919,-2.4182,2.5672
-1.1855,1.876,0.8438,-0.3243,3.0535
0.8438,-0.3243,1.5919,-2.4182,2.225
-1.1855,1.876,0.9748,-0.657,3.411
0.9748,-0.657,1.5919,-2.4182,1.8675
-1.1855,1.876,1.121,-1.1157,3.8925
1.121,-1.1157,1.5919,-2.4182,1.386
-1.1855,1.876,1.2685,-1.4869,4.2919
1.2685,-1.4869,1.5919,-2.4182,0.9866
-1.1855,1.876,1.4327,-1.9005,4.7369
1.4327,-1.9005,1.5919,-2.4182,0.5416
-1.1855,1.876,1.4621,-1.9961,4.8369
1.4621,-1.9961,1.5919,-2.4182,0.4416
-1.1855,1.876,1.5919,-2.4182,5.2785
1.5919,-2.4182,1.5919,-2.4182,0.0
-2.329,0.6086,-2.329,0.6086,0.0
-2.329,0.6086,1.4542,1.0183,4.0952
-2.329,0.6086,-1.849,0.5873,0.4805
-1.849,0.5873,1.4542,1.0183,3.6147
-2.329,0.6086,-1.4807,0.5789,0.8489
-1.4807,0.5789,1.4542,1.0183,3.2463
-2.329,0.6086,-1.0302,0.5679,1.2996
-1.0302,0.5679,1.4542,1.0183,2.7956
-2.329,0.6086,-0.8843,0.5725,1.4455
-0.8843,0.5725,1.4542,1.0183,2.6497
-2.329,0.6086,-0.4289,0.5875,1.9012
-0.4289,0.5875,1.4542,1.0183,2.194
-2.329,0.6086,-0.0001,0.5858,2.3299
-0.0001,0.5858,1.4542,1.0183,1.7653
-2.329,0.6086,0.4366,0.5981,2.7668
0.4366,0.5981,1.4542,1.0183,1.3284
-2.329,0.6086,0.7556,0.5838,3.0862
0.7556,0.5838,1.4542,1.0183,1.009
-2.329,0.6086,1.1673,0.618,3.4993
1.1673,0.618,1.4542,1.0183,0.5959
-2.329,0.6086,1.3517,0.6199,3.6837
1.3517,0.6199,1.4542,1.0183,0.4115
-2.329,0.6086,1.4072,0.8528,3.9231
1.4072,0.8528,1.4542,1.0183,0.1721
-2.329,0.6086,1.4542,1.0183,4.0952
1.4542,1.0183,1.4542,1.0183,0.0
0.8482,1.4112,0.8482,1.4112,0.0
0.8482,1.4112,2.4582,1.2271,1.6233
0.8482,1.4112,1.1787,1.3744,0.3325
1.1787,1.3744,2.4582,1.2271,1.2908
0.8482,1.4112,1.5894,1.3588,0.7435
1.5894,1.3588,2.4582,1.2271,0.8797
0.8482,1.4112,1.8362,1.3032,0.9965
1.8362,1.3032,2.4582,1.2271,0.6268
0.8482,1.4112,2.1026,1.2649,1.2657
2.1026,1.2649,2.4582,1.2271,0.3576
0.8482,1.4112,2.4582,1.2271,1.6233
2.4582,1.2271,2.4582,1.2271,0.0
-1.7529,1.695,-1.7529,1.695,0.0
-1.7529,1.695,-1.965,-0.6653,2.3834
-1.7529,1.695,-1.8679,1.2996,0.4118
-1.8679,1.2996,-1.965,-0.6653,1.9715
-1.7529,1.695,-1.9239,0.8717,0.8434
-1.9239,0.8717,-1.965,-0.6653,1.54
-1.7529,1.695,-1.951,0.5031,1.2129
-1.951,0.5031,-1.965,-0.6653,1.1704
-1.7529,1.695,-1.929,0.247,1.47
-1.929,0.247,-1.965,-0.6653,0.9134
-1.7529,1.695,-1.9509,-0.0235,1.7413
-1.9509,-0.0235,-1.965,-0.6653,0.642
-1.7529,1.695,-1.9603,-0.5041,2.2221
-1.9603,-0.5041,-1.965,-0.6653,0.1613
-1.7529,1.695,-1.965,-0.6653,2.3834
-1.965,-0.6653,-1.965,-0.6653,0.0
1.4645,-0.9715,1.4645,-0.9715,0.0
1.4645,-0.9715,2.2252,2.4404,3.4997
1.4645,-0.9715,1.5308,-0.699,0.2804
1.5308,-0.699,2.2252,2.4404,3.2193
1.4645,-0.9715,1.6242,-0.2657,0.7237
1.6242,-0.2657,2.2252,2.4404,2.776
1.4645,-0.9715,1.6647,-0.0899,0.9041
1.6647,-0.0899,2.2252,2.4404,2.5956
1.4645,-0.9715,1.7367,0.2153,1.2177
1.7367,0.2153,2.2252,2.4404,2.282
1.4645,-0.9715,1.7994,0.4538,1.4643
1.7994,0.4538,2.2252,2.4404,2.0354
1.4645,-0.9715,1.8512,0.6429,1.6604
1.8512,0.6429,2.2252,2.4404,1.8393
1.4645,-0.9715,1.9134,0.856,1.8824
1.9134,0.856,2.2252,2.4404,1.6173
1.4645,-0.9715,1.9464,1.1108,2.1393
1.9464,1.1108,2.2252,2.4404,1.3604
1.4645,-0.9715,1.999,1.4606,2.493
1.999,1.4606,2.2252,2.4404,1.0067
1.4645,-0.9715,2.1128,1.8491,2.8979
2.1128,1.8491,2.2252,2.4404,0.6018
1.4645,-0.9715,2.1651,2.128,3.1816
2.1651,2.128,2.2252,2.4404,0.3181
1.4645,-0.9715,2.2252,2.4404,3.4997
2.2252,2.4404,2.2252,2.4404,0.0
-1.114,-1.0663,-1.114,-1.0663,0.0
-1.114,-1.0663,-1.9142,-0.6773,0.8897
-1.114,-1.0663,-1.3847,-0.9331,0.3017
-1.3847,-0.9331,-1.9142,-0.6773,0.5881
-1.114,-1.0663,-1.6769,-0.7886,0.6277
-1.6769,-0.7886,-1.9142,-0.6773,0.262
-1.114,-1.0663,-1.9142,-0.6773,0.8897
-1.9142,-0.6773,-1.9142,-0.6773,0.0
2.6376,-2.8893,2.6376,-2.8893,0.0
2.6376,-2.8893,2.0968,-2.4937,0.67
2.6376,-2.8893,2.492,-2.7823,0.1807
2.492,-2.7823,2.0968,-2.4937,0.4893
2.6376,-2.8893,2.0968,-2.4937,0.67
2.0968,-2.4937,2.0968,-2.4937,0.0
-1.1284,-2.2941,-1.1284,-2.2941,0.0
-1.1284,-2.2941,0.1935,1.6636,4.2065
-1.1284,-2.2941,-1.0441,-1.9183,0.3851
-1.0441,-1.9183,0.1935,1.6636,3.8214
-1.1284,-2.2941,-0.9543,-1.5584,0.756
-0.9543,-1.5584,0.1935,1.6636,3.4504
-1.1284,-2.2941,-0.9002,-1.3074,1.0128
-0.9002,-1.3074,0.1935,1.6636,3.1937
-1.1284,-2.2941,-0.8395,-1.0207,1.3059
-0.8395,-1.0207,0.1935,1.6636,2.9006
-1.1284,-2.2941,-0.7778,-0.7433,1.59
-0.7778,-0.7433,0.1935,1.6636,2.6165
-1.1284,-2.2941,-0.7465,-0.5917,1.7449
-0.7465,-0.5917,0.1935,1.6636,2.4616
-1.1284,-2.2941,-0.6919,-0.3416,2.0008
-0.6919,-0.3416,0.1935,1.6636,2.2057
-1.1284,-2.2941,-0.6057,-0.0397,2.3148
-0.6057,-0.0397,0.1935,1.6636,1.8917
-1.1284,-2.2941,-0.4997,0.2958,2.6666
-0.4997,0.2958,0.1935,1.6636,1.5399
-1.1284,-2.2941,-0.4325,0.5244,2.905
-0.4325,0.5244,0.1935,1.6636,1.3015
-1.1284,-2.2941,-0.2494,0.8036,3.2388
-0.2494,0.8036,0.1935,1.6636,0.9677
-1.1284,-2.2941,-0.1517,0.978,3.4387
-0.1517,0.978,0.1935,1.6636,0.7678
-1.1284,-2.2941,0.0411,1.3413,3.85
0.0411,1.3413,0.1935,1.6636,0.3565
-1.1284,-2.2941,0.1935,1.6636,4.2065
0.1935,1.6636,0.1935,1.6636,0.0
2.3687,2.2708,2.3687,2.2708,0.0
2.3687,2.2708,1.72,1.4723,1.0298
2.3687,2.2708,2.1309,2.0053,0.3564
2.1309,2.0053,1.72,1.4723,0.6733
2.3687,2.2708,1.8607,1.6384,0.8121
1.8607,1.6384,1.72,1.4723,0.2177
2.3687,2.2708,1.72,1.4723,1.0298
1.72,1.4723,1.72,1.4723,0.0
-0.9475,-2.8869,-0.9475,-2.8869,0.0
-0.9475,-2.8869,2.2728,1.6274,5.5568
-0.9475,-2.8869,-0.8057,-2.5923,0.3269
-0.8057,-2.5923,2.2728,1.6274,5.2299
-0.9475,-2.8869,-0.5713,-2.2155,0.7707
-0.5713,-2.2155,2.2728,1.6274,4.7861
-0.9475,-2.8869,-0.4195,-1.9965,1.0372
-0.4195,-1.9965,2.2728,1.6274,4.5196
-0.9475,-2.8869,-0.2368,-1.7473,1.3461
-0.2368,-1.7473,2.2728,1.6274,4.2107
-0.9475,-2.8869,-0.0814,-1.5687,1.5829
-0.0814,-1.5687,2.2728,1.6274,3.9739
-0.9475,-2.8869,0.1438,-1.2586,1.9661
0.1438,-1.2586,2.2728,1.6274,3.5907
-0.9475,-2.8869,0.3493,-1.0143,2.2853
0.3493,-1.0143,2.2728,1.6274,3.2715
-0.9475,-2.8869,0.4673,-0.8185,2.514
0.4673,-0.8185,2.2728,1.6274,3.0428
-0.9475,-2.8869,0.7603,-0.4307,3.0
0.7603,-0.4307,2.2728,1.6274,2.5568
-0.9475,-2.8869,0.8754,-0.2744,3.1941
0.8754,-0.2744,2.2728,1.6274,2.3626
-0.9475,-2.8869,1.1274,0.0465,3.6022
1.1274,0.0465,2.2728,1.6274,1.9546
-0.9475,-2.8869,1.3498,0.3339,3.9656
1.3498,0.3339,2.2728,1.6274,1.5912
-0.9475,-2.8869,1.5282,0.5671,4.2592
1.5282,0.5671,2.2728,1.6274,1.2976
-0.9475,-2.8869,1.7733,0.9269,4.6945
1.7733,0.9269,2.2728,1.6274,0.8623
-0.9475,-2.8869,1.8775,1.1121,4.907
1.8775,1.1121,2.2728,1.6274,0.6498
-0.9475,-2.8869,2.0577,1.3624,5.2154
2.0577,1.3624,2.2728,1.6274,0.3414
-0.9475,-2.8869,2.2455,1.5963,5.5154
2.2455,1.5963,2.2728,1.6274,0.0414
-0.9475,-2.8869,2.2728,1.6274,5.5568
2.2728,1.6274,2.2728,1.6274,0.0
-2.2482,0.4851,-2.2482,0.4851,0.0
-2.2482,0.4851,-1.7862,2.2482,1.8341
-2.2482,0.4851,-2.187,0.8511,0.3711
-2.187,0.8511,-1.7862,2.2482,1.463
-2.2482,0.4851,-2.0042,1.2688,0.827
-2.0042,1.2688,-1.7862,2.2482,1.0071
-2.2482,0.4851,-1.9486,1.3927,0.9628
-1.9486,1.3927,-1.7862,2.2482,0.8713
-2.2482,0.4851,-1.8665,1.7529,1.3322
-1.8665,1.7529,-1.7862,2.2482,0.5019
-2.2482,0.4851,-1.8258,2.0394,1.6216
-1.8258,2.0394,-1.7862,2.2482,0.2125
-2.2482,0.4851,-1.7862,2.2482,1.8341
-1.7862,2.2482,-1.7862,2.2482,0.0
-1.5523,-2.8018,-1.5523,-2.8018,0.0
-1.5523,-2.8018,1.4834,1.1307,5.0373
-1.5523,-2.8018,-1.3222,-2.4824,0.3937
-1.3222,-2.4824,1.4834,1.1307,4.6437
-1.5523,-2.8018,-1.0487,-2.1273,0.842
-1.0487,-2.1273,1.4834,1.1307,4.1954
-1.5523,-2.8018,-0.8241,-1.832,1.2129
-0.8241,-1.832,1.4834,1.1307,3.8244
-1.5523,-2.8018,-0.5602,-1.5885,1.572
-0.5602,-1.5885,1.4834,1.1307,3.4653
-1.5523,-2.8018,-0.2314,-1.2648,2.0334
-0.2314,-1.2648,1.4834,1.1307,3.0039
-1.5523,-2.8018,0.0558,-0.9591,2.4529
0.0558,-0.9591,1.4834,1.1307,2.5845
-1.5523,-2.8018,0.3489,-0.6454,2.8821
0.3489,-0.6454,1.4834,1.1307,2.1552
-1.5523,-2.8018,0.619,-0.3047,3.317
0.619,-0.3047,1.4834,1.1307,1.7204
-1.5523,-2.8018,0.909,0.0777,3.7969
0.909,0.0777,1.4834,1.1307,1.2405
-1.5523,-2.8018,1.0662,0.2248,4.0121
1.0662,0.2248,1.4834,1.1307,1.0252
-1.5523,-2.8018,1.2527,0.4731,4.3227
1.2527,0.4731,1.4834,1.1307,0.7146
-1.5523,-2.8018,1.4311,0.7442,4.6472
1.4311,0.7442,1.4834,1.1307,0.3901
-1.5523,-2.8018,1.4537,0.9394,4.8437
1.4537,0.9394,1.4834,1.1307,0.1936
-1.5523,-2.8018,1.4834,1.1307,5.0373
1.4834,1.1307,1.4834,1.1307,0.0
2.8828,-0.7931,2.8828,-0.7931,0.0
2.8828,-0.7931,2.1723,-0.202,0.9247
2.8828,-0.7931,2.5386,-0.488,0.46
2.5386,-0.488,2.1723,-0.202,0.4647
2.8828,-0.7931,2.1723,-0.202,0.9247
2.1723,-0.202,2.1723,-0.202,0.0
1.7622,0.9204,1.7622,0.9204,0.0
1.7622,0.9204,-2.3302,1.5713,4.3205
1.7622,0.9204,1.5429,1.1659,0.3291
1.5429,1.1659,-2.3302,1.5713,3.9914
1.7622,0.9204,1.3289,1.3908,0.6396
1.3289,1.3908,-2.3302,1.5713,3.6809
1.7622,0.9204,1.2021,1.4156,0.7689
1.2021,1.4156,-2.3302,1.5713,3.5517
1.7622,0.9204,0.9144,1.4303,1.0569
0.9144,1.4303,-2.3302,1.5713,3.2636
1.7622,0.9204,0.5967,1.4401,1.3748
0.5967,1.4401,-2.3302,1.5713,2.9457
1.7622,0.9204,0.2646,1.4903,1.7106
0.2646,1.4903,-2.3302,1.5713,2.6099
1.7622,0.9204,0.1826,1.4842,1.7928
0.1826,1.4842,-2.3302,1.5713,2.5277
1.7622,0.9204,-0.1629,1.4597,2.1393
-0.1629,1.4597,-2.3302,1.5713,2.1813
1.7622,0.9204,-0.4688,1.493,2.4469
-0.4688,1.493,-2.3302,1.5713,1.8736
1.7622,0.9204,-0.7435,1.4967,2.7216
-0.7435,1.4967,-2.3302,1.5713,1.5989
1.7622,0.9204,-0.8938,1.5053,2.8722
-0.8938,1.5053,-2.3302,1.5713,1.4484
1.7622,0.9204,-1.1637,1.5789,3.1519
-1.1637,1.5789,-2.3302,1.5713,1.1686
1.7622,0.9204,-1.5896,1.5851,3.5779
-1.5896,1.5851,-2.3302,1.5713,0.7426
1.7622,0.9204,-1.7816,1.5986,3.7704
-1.7816,1.5986,-2.3302,1.5713,0.5501
1.7622,0.9204,-1.9597,1.6023,3.9485
-1.9597,1.6023,-2.3302,1.5713,0.372
1.7622,0.9204,-2.2296,1.5744,4.2199
-2.2296,1.5744,-2.3302,1.5713,0.1007
1.7622,0.9204,-2.3302,1.5713,4.3205
-2.3302,1.5713,-2.3302,1.5713,0.0
0.3433,-2.6846,0.3433,-2.6846,0.0
0.3433,-2.6846,2.987,-1.2108,3.0313
0.3433,-2.6846,0.7597,-2.4413,0.4822
0.7597,-2.4413,2.987,-1.2108,2.549
0.3433,-2.6846,1.1132,-2.2857,0.8685
1.1132,-2.2857,2.987,-1.2108,2.1628
0.3433,-2.6846,1.4059,-2.1483,1.1918
1.4059,-2.1483,2.987,-1.2108,1.8395
0.3433,-2.6846,1.8135,-1.922,1.6581
1.8135,-1.922,2.987,-1.2108,1.3732
0.3433,-2.6846,2.1355,-1.7337,2.0311
2.1355,-1.7337,2.987,-1.2108,1.0001
0.3433,-2.6846,2.3764,-1.6082,2.3027
2.3764,-1.6082,2.987,-1.2108,0.7286
0.3433,-2.6846,2.5647,-1.4886,2.5258
2.5647,-1.4886,2.987,-1.2108,0.5055
0.3433,-2.6846,2.8958,-1.2683,2.9235
2.8958,-1.2683,2.987,-1.2108,0.1078
0.3433,-2.6846,2.987,-1.2108,3.0313
2.987,-1.2108,2.987,-1.2108,0.0
1.4054,2.084,1.4054,2.084,0.0
1.4054,2.084,2.4431,-1.1399,3.3924
1.4054,2.084,1.5159,1.7701,0.3328
1.5159,1.7701,2.4431,-1.1399,3.0597
1.4054,2.084,1.6742,1.3016,0.8273
1.6742,1.3016,2.4431,-1.1399,2.5652
1.4054,2.084,1.7525,0.9527,1.1848
1.7525,0.9527,2.4431,-1.1399,2.2076
1.4054,2.084,1.8178,0.679,1.4662
1.8178,0.679,2.4431,-1.1399,1.9262
1.4054,2.084,1.8561,0.5262,1.6238
1.8561,0.5262,2.4431,-1.1399,1.7686
1.4054,2.084,1.9711,0.2288,1.9426
1.9711,0.2288,2.4431,-1.1399,1.4498
1.4054,2.084,2.0214,0.0764,2.103
2.0214,0.0764,2.4431,-1.1399,1.2894
1.4054,2.084,2.1467,-0.2858,2.4863
2.1467,-0.2858,2.4431,-1.1399,0.9061
1.4054,2.084,2.2547,-0.5667,2.7873
2.2547,-0.5667,2.4431,-1.1399,0.6051
1.4054,2.084,2.2806,-0.7,2.9231
2.2806,-0.7,2.4431,-1.1399,0.4694
1.4054,2.084,2.3585,-0.9385,3.174
2.3585,-0.9385,2.4431,-1.1399,0.2185
1.4054,2.084,2.4431,-1.1399,3.3924
2.4431,-1.1399,2.4431,-1.1399,0.0
2.8614,1.5674,2.8614,1.5674,0.0
2.8614,1.5674,0.2437,1.8674,2.6356
2.8614,1.5674,2.5575,1.5923,0.3049
2.5575,1.5923,0.2437,1.8674,2.3307
2.8614,1.5674,2.1928,1.6207,0.6707
2.1928,1.6207,0.2437,1.8674,1.9649
2.8614,1.5674,1.8789,1.6597,0.987
1.8789,1.6597,0.2437,1.8674,1.6486
2.8614,1.5674,1.403,1.7136,1.466
1.403,1.7136,0.2437,1.8674,1.1697
2.8614,1.5674,1.0652,1.7496,1.8056
1.0652,1.7496,0.2437,1.8674,0.83
2.8614,1.5674,0.6648,1.81,2.2106
0.6648,1.81,0.2437,1.8674,0.425
2.8614,1.5674,0.2437,1.8674,2.6356
0.2437,1.8674,0.2437,1.8674,0.0
0.8381,0.4835,0.8381,0.4835,0.0
0.8381,0.4835,0.3509,1.1659,0.8672
0.8381,0.4835,0.5881,0.6638,0.3083
0.5881,0.6638,0.3509,1.1659,0.5589
0.8381,0.4835,0.4134,0.9618,0.6536
0.4134,0.9618,0.3509,1.1659,0.2136
0.8381,0.4835,0.3509,1.1659,0.8672
0.3509,1.1659,0.3509,1.1659,0.0
-2.4633,-0.6541,-2.4633,-0.6541,0.0
-2.4633,-0.6541,1.6851,-1.2013,4.194
-2.4633,-0.6541,-2.3657,-0.6761,0.1
-2.3657,-0.6761,1.6851,-1.2013,4.094
-2.4633,-0.6541,-1.9088,-0.7794,0.5685
-1.9088,-0.7794,1.6851,-1.2013,3.6255
-2.4633,-0.6541,-1.5904,-0.8469,0.8939
-1.5904,-0.8469,1.6851,-1.2013,3.3001
-2.4633,-0.6541,-1.2692,-0.8914,1.2182
-1.2692,-0.8914,1.6851,-1.2013,2.9758
-2.4633,-0.6541,-0.8277,-0.9552,1.6643
-0.8277,-0.9552,1.6851,-1.2013,2.5297
-2.4633,-0.6541,-0.3518,-1.0271,2.1456
-0.3518,-1.0271,1.6851,-1.2013,2.0484
-2.4633,-0.6541,0.0919,-1.0323,2.5894
0.0919,-1.0323,1.6851,-1.2013,1.6046
-2.4633,-0.6541,0.1964,-1.032,2.6939
0.1964,-1.032,1.6851,-1.2013,1.5001
-2.4633,-0.6541,0.5675,-1.0446,3.0652
0.5675,-1.0446,1.6851,-1.2013,1.1288
-2.4633,-0.6541,0.9728,-1.111,3.4759
0.9728,-1.111,1.6851,-1.2013,0.7181
-2.4633,-0.6541,1.46,-1.1781,3.9676
1.46,-1.1781,1.6851,-1.2013,0.2264
-2.4633,-0.6541,1.6851,-1.2013,4.194
1.6851,-1.2013,1.6851,-1.2013,0.0
-1.0157,-1.8649,-1.0157,-1.8649,0.0
-1.0157,-1.8649,1.91,-1.8472,2.9286
-1.0157,-1.8649,-0.7668,-1.8646,0.2489
-0.7668,-1.8646,1.91,-1.8472,2.6797
-1.0157,-1.8649,-0.5917,-1.8646,0.424
-0.5917,-1.8646,1.91,-1.8472,2.5045
-1.0157,-1.8649,-0.2171,-1.8452,0.7991
-0.2171,-1.8452,1.91,-1.8472,2.1294
-1.0157,-1.8649,0.2336,-1.8423,1.2499
0.2336,-1.8423,1.91,-1.8472,1.6787
-1.0157,-1.8649,0.3337,-1.8311,1.3506
0.3337,-1.8311,1.91,-1.8472,1.578
-1.0157,-1.8649,0.5787,-1.8424,1.5958
0.5787,-1.8424,1.91,-1.8472,1.3327
-1.0157,-1.8649,1.0038,-1.8352,2.021
1.0038,-1.8352,1.91,-1.8472,0.9075
-1.0157,-1.8649,1.29,-1.8163,2.3078
1.29,-1.8163,1.91,-1.8472,0.6208
-1.0157,-1.8649,1.6074,-1.8336,2.6257
1.6074,-1.8336,1.91,-1.8472,0.3028
-1.0157,-1.8649,1.91,-1.8472,2.9286
1.91,-1.8472,1.91,-1.8472,0.0
2.0284,-0.0376,2.0284,-0.0376,0.0
2.0284,-0.0376,-0.2982,-1.6808,2.8502
2.0284,-0.0376,1.6818,-0.2998,0.4346
1.6818,-0.2998,-0.2982,-1.6808,2.4156
2.0284,-0.0376,1.3954,-0.5,0.784
1.3954,-0.5,-0.2982,-1.6808,2.0662
2.0284,-0.0376,1.0422,-0.7334,1.2074
1.0422,-0.7334,-0.2982,-1.6808,1.6428
2.0284,-0.0376,0.6998,-1.0002,1.6415
0.6998,-1.0002,-0.2982,-1.6808,1.2087
2.0284,-0.0376,0.4071,-1.2093,2.0013
0.4071,-1.2093,-0.2982,-1.6808,0.8489
2.0284,-0.0376,0.1888,-1.3643,2.2689
0.1888,-1.3643,-0.2982,-1.6808,0.5813
2.0284,-0.0376,-0.1045,-1.5677,2.6259
-0.1045,-1.5677,-0.2982,-1.6808,0.2243
2.0284,-0.0376,-0.2982,-1.6808,2.8502
-0.2982,-1.6808,-0.2982,-1.6808,0.0
2.1731,1.6462,2.1731,1.6462,0.0
2.1731,1.6462,1.5749,0.9541,0.9155
2.1731,1.6462,1.9456,1.3774,0.3521
1.9456,1.3774,1.5749,0.9541,0.5634
2.1731,1.6462,1.7052,1.1241,0.7013
1.7052,1.1241,1.5749,0.9541,0.2142
2.1731,1.6462,1.5749,0.9541,0.9155
1.5749,0.9541,1.5749,0.9541,0.0
0.5486,1.2683,0.5486,1.2683,0.0
0.5486,1.2683,1.818,0.7009,1.7349
0.5486,1.2683,0.6578,1.363,0.1446
0.6578,1.363,1.818,0.7009,1.5903
0.5486,1.2683,0.9177,1.4284,0.4125
0.9177,1.4284,1.818,0.7009,1.3224
0.5486,1.2683,1.0145,1.4534,0.5125
1.0145,1.4534,1.818,0.7009,1.2224
0.5486,1.2683,1.246,1.4844,0.7461
1.246,1.4844,1.818,0.7009,0.9888
0.5486,1.2683,1.365,1.3624,0.9165
1.365,1.3624,1.818,0.7009,0.8183
0.5486,1.2683,1.3764,1.2487,1.0308
1.3764,1.2487,1.818,0.7009,0.7041
0.5486,1.2683,1.539,1.0572,1.282
1.539,1.0572,1.818,0.7009,0.4529
0.5486,1.2683,1.6175,0.9703,1.3991
1.6175,0.9703,1.818,0.7009,0.3358
0.5486,1.2683,1.818,0.7009,1.7349
1.818,0.7009,1.818,0.7009,0.0
-1.4695,-1.8099,-1.4695,-1.8099,0.0
-1.4695,-1.8099,0.5349,1.8927,4.2326
-1.4695,-1.8099,-1.3096,-1.4496,0.3942
-1.3096,-1.4496,0.5349,1.8927,3.8384
-1.4695,-1.8099,-1.1953,-1.2152,0.655
-1.1953,-1.2152,0.5349,1.8927,3.5776
-1.4695,-1.8099,-1.0496,-0.944,0.9628
-1.0496,-0.944,0.5349,1.8927,3.2697
-1.4695,-1.8099,-0.8817,-0.5715,1.3715
-0.8817,-0.5715,0.5349,1.8927,2.8611
-1.4695,-1.8099,-0.7003,-0.1281,1.8506
-0.7003,-0.1281,0.5349,1.8927,2.382
-1.4695,-1.8099,-0.5174,0.3219,2.3363
-0.5174,0.3219,0.5349,1.8927,1.8962
-1.4695,-1.8099,-0.4778,0.4411,2.4619
-0.4778,0.4411,0.5349,1.8927,1.7707
-1.4695,-1.8099,-0.3202,0.6621,2.7333
-0.3202,0.6621,0.5349,1.8927,1.4992
-1.4695,-1.8099,-0.1623,0.9096,3.0269
-0.1623,0.9096,0.5349,1.8927,1.2056
-1.4695,-1.8099,0.0032,1.1456,3.3152
0.0032,1.1456,0.5349,1.8927,0.9173
-1.4695,-1.8099,0.2101,1.4135,3.6537
0.2101,1.4135,0.5349,1.8927,0.5789
-1.4695,-1.8099,0.3493,1.6229,3.9051
0.3493,1.6229,0.5349,1.8927,0.3275
-1.4695,-1.8099,0.5349,1.8927,4.2326
0.5349,1.8927,0.5349,1.8927,0.0
2.8278,0.5331,2.8278,0.5331,0.0
2.8278,0.5331,1.5112,-2.4713,3.2836
2.8278,0.5331,2.7475,0.3342,0.2145
2.7475,0.3342,1.5112,-2.4713,3.0691
2.8278,0.5331,2.6487,0.0597,0.5062
2.6487,0.0597,1.5112,-2.4713,2.7774
2.8278,0.5331,2.4538,-0.3216,0.9345
2.4538,-0.3216,1.5112,-2.4713,2.3491
2.8278,0.5331,2.3289,-0.6358,1.2726
2.3289,-0.6358,1.5112,-2.4713,2.011
2.8278,0.5331,2.1624,-1.0066,1.679
2.1624,-1.0066,1.5112,-2.4713,1.6046
2.8278,0.5331,1.9675,-1.4176,2.1339
1.9675,-1.4176,1.5112,-2.4713,1.1497
2.8278,0.5331,1.9325,-1.4904,2.2147
1.9325,-1.4904,1.5112,-2.4713,1.0689
2.8278,0.5331,1.8909,-1.5673,2.3021
1.8909,-1.5673,1.5112,-2.4713,0.9815
2.8278,0.5331,1.6856,-2.0015,2.7823
1.6856,-2.0015,1.5112,-2.4713,0.5013
2.8278,0.5331,1.5462,-2.3852,3.1907
1.5462,-2.3852,1.5112,-2.4713,0.0929
2.8278,0.5331,1.5112,-2.4713,3.2836
1.5112,-2.4713,1.5112,-2.4713,0.0
-2.1529,0.2572,-2.1529,0.2572,0.0
-2.1529,0.2572,0.04,0.6796,2.2346
-2.1529,0.2572,-1.7718,0.3252,0.3871
-1.7718,0.3252,0.04,0.6796,1.8476
-2.1529,0.2572,-1.4509,0.367,0.7107
-1.4509,0.367,0.04,0.6796,1.524
-2.1529,0.2572,-1.0766,0.4409,1.0923
-1.0766,0.4409,0.04,0.6796,1.1424
-2.1529,0.2572,-0.6681,0.5146,1.5073
-0.6681,0.5146,0.04,0.6796,0.7273
-2.1529,0.2572,-0.4408,0.5757,1.7427
-0.4408,0.5757,0.04,0.6796,0.4919
-2.1529,0.2572,-0.3927,0.5846,1.7916
-0.3927,0.5846,0.04,0.6796,0.443
-2.1529,0.2572,0.04,0.6796,2.2346
0.04,0.6796,0.04,0.6796,0.0
-2.7919,-1.0033,-2.7919,-1.0033,0.0
-2.7919,-1.0033,0.0607,-1.2336,2.8667
-2.7919,-1.0033,-2.474,-1.0258,0.3187
-2.474,-1.0258,0.0607,-1.2336,2.548
-2.7919,-1.0033,-2.1066,-1.0568,0.6873
-2.1066,-1.0568,0.0607,-1.2336,2.1793
-2.7919,-1.0033,-1.7517,-1.1091,1.0461
-1.7517,-1.1091,0.0607,-1.2336,1.8206
-2.7919,-1.0033,-1.3452,-1.1625,1.4561
-1.3452,-1.1625,0.0607,-1.2336,1.4106
-2.7919,-1.0033,-1.019,-1.1993,1.7843
-1.019,-1.1993,0.0607,-1.2336,1.0823
-2.7919,-1.0033,-0.8323,-1.2301,1.9736
-0.8323,-1.2301,0.0607,-1.2336,0.8931
-2.7919,-1.0033,-0.6175,-1.23,2.1884
-0.6175,-1.23,0.0607,-1.2336,0.6783
-2.7919,-1.0033,-0.3248,-1.2369,2.4812
-0.3248,-1.2369,0.0607,-1.2336,0.3855
-2.7919,-1.0033,0.0607,-1.2336,2.8667
0.0607,-1.2336,0.0607,-1.2336,0.0
1.9285,1.5687,1.9285,1.5687,0.0
1.9285,1.5687,-2.4196,1.3544,4.3584
1.9285,1.5687,1.8114,1.5499,0.1186
1.8114,1.5499,-2.4196,1.3544,4.2397
1.9285,1.5687,1.4328,1.516,0.4987
1.4328,1.516,-2.4196,1.3544,3.8597
1.9285,1.5687,1.1033,1.4801,0.8302
1.1033,1.4801,-2.4196,1.3544,3.5282
1.9285,1.5687,0.805,1.4543,1.1296
0.805,1.4543,-2.4196,1.3544,3.2288
1.9285,1.5687,0.424,1.4445,1.5107
0.424,1.4445,-2.4196,1.3544,2.8476
1.9285,1.5687,0.0164,1.4481,1.9183
0.0164,1.4481,-2.4196,1.3544,2.4401
1.9285,1.5687,-0.2095,1.4396,2.1444
-0.2095,1.4396,-2.4196,1.3544,2.214
1.9285,1.5687,-0.5914,1.4317,2.5264
-0.5914,1.4317,-2.4196,1.3544,1.832
1.9285,1.5687,-0.946,1.4205,2.8811
-0.946,1.4205,-2.4196,1.3544,1.4773
1.9285,1.5687,-1.3522,1.4211,3.2873
-1.3522,1.4211,-2.4196,1.3544,1.0711
1.9285,1.5687,-1.6708,1.4223,3.6059
-1.6708,1.4223,-2.4196,1.3544,0.7524
1.9285,1.5687,-2.0222,1.3756,3.9604
-2.0222,1.3756,-2.4196,1.3544,0.3979
1.9285,1.5687,-2.4196,1.3544,4.3584
-2.4196,1.3544,-2.4196,1.3544,0.0
2.7861,0.0824,2.7861,0.0824,0.0
2.7861,0.0824,1.4125,0.6747,1.5004
2.7861,0.0824,2.6522,0.1701,0.1601
2.6522,0.1701,1.4125,0.6747,1.3403
2.7861,0.0824,2.3199,0.317,0.5234
2.3199,0.317,1.4125,0.6747,0.977
2.7861,0.0824,2.1965,0.3675,0.6567
2.1965,0.3675,1.4125,0.6747,0.8437
2.7861,0.0824,1.9546,0.468,0.9186
1.9546,0.468,1.4125,0.6747,0.5818
2.7861,0.0824,1.7521,0.568,1.1445
1.7521,0.568,1.4125,0.6747,0.3559
2.7861,0.0824,1.4125,0.6747,1.5004
1.4125,0.6747,1.4125,0.6747,0.0
-1.9364,1.0106,-1.9364,1.0106,0.0
-1.9364,1.0106,2.2087,1.5424,4.3388
-1.9364,1.0106,-1.6006,1.3217,0.4577
-1.6006,1.3217,2.2087,1.5424,3.8811
-1.9364,1.0106,-1.3595,1.4214,0.7186
-1.3595,1.4214,2.2087,1.5424,3.6203
-1.9364,1.0106,-1.0893,1.4863,0.9964
-1.0893,1.4863,2.2087,1.5424,3.3424
-1.9364,1.0106,-0.792,1.589,1.311
-0.792,1.589,2.2087,1.5424,3.0278
-1.9364,1.0106,-0.4956,1.6208,1.6091
-0.4956,1.6208,2.2087,1.5424,2.7297
-1.9364,1.0106,-0.1998,1.6033,1.9054
-0.1998,1.6033,2.2087,1.5424,2.4334
-1.9364,1.0106,-0.0448,1.5852,2.0615
-0.0448,1.5852,2.2087,1.5424,2.2773
-1.9364,1.0106,0.2627,1.5757,2.3691
0.2627,1.5757,2.2087,1.5424,1.9697
-1.9364,1.0106,0.511,1.5657,2.6176
0.511,1.5657,2.2087,1.5424,1.7212
-1.9364,1.0106,0.6725,1.5566,2.7794
0.6725,1.5566,2.2087,1.5424,1.5594
-1.9364,1.0106,1.0481,1.4907,3.1607
1.0481,1.4907,2.2087,1.5424,1.1781
-1.9364,1.0106,1.164,1.4657,3.2793
1.164,1.4657,2.2087,1.5424,1.0595
-1.9364,1.0106,1.5328,1.5579,3.6594
1.5328,1.5579,2.2087,1.5424,0.6794
-1.9364,1.0106,1.9063,1.5824,4.0337
1.9063,1.5824,2.2087,1.5424,0.3051
-1.9364,1.0106,2.2087,1.5424,4.3388
2.2087,1.5424,2.2087,1.5424,0.0
2.7783,0.9828,2.7783,0.9828,0.0
2.7783,0.9828,-0.6473,-2.3849,4.8141
2.7783,0.9828,2.5856,0.8137,0.2563
2.5856,0.8137,-0.6473,-2.3849,4.5577
2.7783,0.9828,2.2637,0.5591,0.6668
2.2637,0.5591,-0.6473,-2.3849,4.1473
2.7783,0.9828,2.1464,0.4594,0.8207
2.1464,0.4594,-0.6473,-2.3849,3.9934
2.7783,0.9828,1.8699,0.2116,1.192
1.8699,0.2116,-0.6473,-2.3849,3.6221
2.7783,0.9828,1.7991,0.141,1.292
1.7991,0.141,-0.6473,-2.3849,3.5221
2.7783,0.9828,1.467,-0.1872,1.7588
1.467,-0.1872,-0.6473,-2.3849,3.0552
2.7783,0.9828,1.1928,-0.4743,2.1559
1.1928,-0.4743,-0.6473,-2.3849,2.6582
2.7783,0.9828,1.1177,-0.5352,2.2526
1.1177,-0.5352,-0.6473,-2.3849,2.5615
2.7783,0.9828,0.9188,-0.7544,2.5486
0.9188,-0.7544,-0.6473,-2.3849,2.2655
2.7783,0.9828,0.701,-0.9798,2.862
0.701,-0.9798,-0.6473,-2.3849,1.9521
2.7783,0.9828,0.6472,-1.02,2.9291
0.6472,-1.02,-0.6473,-2.3849,1.885
2.7783,0.9828,0.4372,-1.2733,3.2581
0.4372,-1.2733,-0.6473,-2.3849,1.5559
2.7783,0.9828,0.2913,-1.3853,3.4421
0.2913,-1.3853,-0.6473,-2.3849,1.372
2.7783,0.9828,0.1206,-1.546,3.6766
0.1206,-1.546,-0.6473,-2.3849,1.1375
2.7783,0.9828,0.0035,-1.6758,3.8514
0.0035,-1.6758,-0.6473,-2.3849,0.9627
2.7783,0.9828,-0.2219,-1.9301,4.1911
-0.2219,-1.9301,-0.6473,-2.3849,0.6229
2.7783,0.9828,-0.4719,-2.1888,4.5509
-0.4719,-2.1888,-0.6473,-2.3849,0.2632
2.7783,0.9828,-0.5385,-2.2634,4.6509
-0.5385,-2.2634,-0.6473,-2.3849,0.1632
2.7783,0.9828,-0.6473,-2.3849,4.8141
-0.6473,-2.3849,-0.6473,-2.3849,0.0
1.8574,1.1154,1.8574,1.1154,0.0
1.8574,1.1154,0.5356,-0.4081,2.0215
1.8574,1.1154,1.6454,0.9042,0.2993
1.6454,0.9042,0.5356,-0.4081,1.7223
1.8574,1.1154,1.3456,0.5125,0.7925
1.3456,0.5125,0.5356,-0.4081,1.229
1.8574,1.1154,1.2376,0.3834,0.9609
1.2376,0.3834,0.5356,-0.4081,1.0607
1.8574,1.1154,1.0721,0.1523,1.2451
1.0721,0.1523,0.5356,-0.4081,0.7765
1.8574,1.1154,0.902,-0.0389,1.5011
0.902,-0.0389,0.5356,-0.4081,0.5205
1.8574,1.1154,0.7572,-0.1978,1.716
0.7572,-0.1978,0.5356,-0.4081,0.3055
1.8574,1.1154,0.5356,-0.4081,2.0215
0.5356,-0.4081,0.5356,-0.4081,0.0
-2.9961,0.5445,-2.9961,0.5445,0.0
-2.9961,0.5445,1.7924,0.8048,4.83
-2.9961,0.5445,-2.6704,0.5242,0.3263
-2.6704,0.5242,1.7924,0.8048,4.5036
-2.9961,0.5445,-2.1887,0.4918,0.8091
-2.1887,0.4918,1.7924,0.8048,4.0209
-2.9961,0.5445,-2.0174,0.4831,0.9807
-2.0174,0.4831,1.7924,0.8048,3.8493
-2.9961,0.5445,-1.608,0.4431,1.392
-1.608,0.4431,1.7924,0.8048,3.438
-2.9961,0.5445,-1.2674,0.4646,1.7333
-1.2674,0.4646,1.7924,0.8048,3.0967
-2.9961,0.5445,-0.9291,0.4937,2.0729
-0.9291,0.4937,1.7924,0.8048,2.7571
-2.9961,0.5445,-0.5463,0.5032,2.4558
-0.5463,0.5032,1.7924,0.8048,2.3742
-2.9961,0.5445,-0.1305,0.5336,2.8727
-0.1305,0.5336,1.7924,0.8048,1.9573
-2.9961,0.5445,0.1859,0.5596,3.1902
0.1859,0.5596,1.7924,0.8048,1.6398
-2.9961,0.5445,0.3725,0.5767,3.3775
0.3725,0.5767,1.7924,0.8048,1.4525
-2.9961,0.5445,0.6394,0.6101,3.6465
0.6394,0.6101,1.7924,0.8048,1.1835
-2.9961,0.5445,0.9639,0.6201,3.9712
0.9639,0.6201,1.7924,0.8048,0.8588
-2.9961,0.5445,1.161,0.6205,4.1682
1.161,0.6205,1.7924,0.8048,0.6618
-2.9961,0.5445,1.3926,0.6519,4.402
1.3926,0.6519,1.7924,0.8048,0.428
-2.9961,0.5445,1.6251,0.7427,4.6516
1.6251,0.7427,1.7924,0.8048,0.1784
-2.9961,0.5445,1.7924,0.8048,4.83
1.7924,0.8048,1.7924,0.8048,0.0
0.5815,1.2017,0.5815,1.2017,0.0
0.5815,1.2017,2.8436,-2.4329,4.3573
0.5815,1.2017,0.6084,0.8323,0.3703
0.6084,0.8323,2.8436,-2.4329,3.987
0.5815,1.2017,0.6267,0.6374,0.5661
0.6267,0.6374,2.8436,-2.4329,3.7913
0.5815,1.2017,0.9302,0.2608,1.0498
0.9302,0.2608,2.8436,-2.4329,3.3075
0.5815,1.2017,1.1973,-0.1147,1.5106
1.1973,-0.1147,2.8436,-2.4329,2.8467
0.5815,1.2017,1.3661,-0.3624,1.8103
1.3661,-0.3624,2.8436,-2.4329,2.547
0.5815,1.2017,1.4882,-0.5276,2.0158
1.4882,-0.5276,2.8436,-2.4329,2.3415
0.5815,1.2017,1.6099,-0.7346,2.2559
1.6099,-0.7346,2.8436,-2.4329,2.1014
0.5815,1.2017,1.7751,-1.0046,2.5725
1.7751,-1.0046,2.8436,-2.4329,1.7849
0.5815,1.2017,1.9394,-1.2261,2.8482
1.9394,-1.2261,2.8436,-2.4329,1.5091
0.5815,1.2017,2.0628,-1.3873,3.0512
2.0628,-1.3873,2.8436,-2.4329,1.3061
0.5815,1.2017,2.144,-1.5225,3.2089
2.144,-1.5225,2.8436,-2.4329,1.1484
0.5815,1.2017,2.4254,-1.8942,3.6751
2.4254,-1.8942,2.8436,-2.4329,0.6822
0.5815,1.2017,2.6136,-2.1498,3.9926
2.6136,-2.1498,2.8436,-2.4329,0.3648
0.5815,1.2017,2.8436,-2.4329,4.3573
2.8436,-2.4329,2.8436,-2.4329,0.0
0.4801,1.2805,0.4801,1.2805,0.0
0.4801,1.2805,-2.8515,-2.4587,5.0291
0.4801,1.2805,0.2104,1.0356,0.3642
0.2104,1.0356,-2.8515,-2.4587,4.6648
0.4801,1.2805,0.0027,0.8535,0.6405
0.0027,0.8535,-2.8515,-2.4587,4.3886
0.4801,1.2805,-0.2274,0.6736,0.9325
-0.2274,0.6736,-2.8515,-2.4587,4.0965
0.4801,1.2805,-0.5695,0.3459,1.4063
-0.5695,0.3459,-2.8515,-2.4587,3.6227
0.4801,1.2805,-0.7533,0.1126,1.7033
-0.7533,0.1126,-2.8515,-2.4587,3.3258
0.4801,1.2805,-1.0621,-0.2505,2.1799
-1.0621,-0.2505,-2.8515,-2.4587,2.8492
0.4801,1.2805,-1.3487,-0.595,2.628
-1.3487,-0.595,-2.8515,-2.4587,2.4011
0.4801,1.2805,-1.4723,-0.7554,2.8306
-1.4723,-0.7554,-2.8515,-2.4587,2.1985
0.4801,1.2805,-1.6353,-0.9735,3.1029
-1.6353,-0.9735,-2.8515,-2.4587,1.9262
0.4801,1.2805,-1.8478,-1.1599,3.3855
-1.8478,-1.1599,-2.8515,-2.4587,1.6436
0.4801,1.2805,-2.159,-1.5468,3.882
-2.159,-1.5468,-2.8515,-2.4587,1.147
0.4801,1.2805,-2.3834,-1.8344,4.2469
-2.3834,-1.8344,-2.8515,-2.4587,0.7822
0.4801,1.2805,-2.7011,-2.2135,4.7415
-2.7011,-2.2135,-2.8515,-2.4587,0.2876
0.4801,1.2805,-2.8515,-2.4587,5.0291
-2.8515,-2.4587,-2.8515,-2.4587,0.0
1.4977,-0.5642,1.4977,-0.5642,0.0
1.4977,-0.5642,2.0179,-0.0124,0.7583
1.4977,-0.5642,1.6813,-0.3709,0.2666
1.6813,-0.3709,2.0179,-0.0124,0.4917
1.4977,-0.5642,2.0179,-0.0124,0.7583
2.0179,-0.0124,2.0179,-0.0124,0.0
-0.443,-0.6046,-0.443,-0.6046,0.0
-0.443,-0.6046,-2.9896,-2.8358,3.394
-0.443,-0.6046,-0.5593,-0.7005,0.1508
-0.5593,-0.7005,-2.9896,-2.8358,3.2432
-0.443,-0.6046,-0.8467,-0.9076,0.505
-0.8467,-0.9076,-2.9896,-2.8358,2.889
-0.443,-0.6046,-0.9454,-0.9903,0.6337
-0.9454,-0.9903,-2.9896,-2.8358,2.7603
-0.443,-0.6046,-1.0409,-1.0723,0.7596
-1.0409,-1.0723,-2.9896,-2.8358,2.6344
-0.443,-0.6046,-1.2373,-1.2274,1.0099
-1.2373,-1.2274,-2.9896,-2.8358,2.3841
-0.443,-0.6046,-1.4862,-1.4404,1.3375
-1.4862,-1.4404,-2.9896,-2.8358,2.0565
-0.443,-0.6046,-1.7192,-1.6481,1.6496
-1.7192,-1.6481,-2.9896,-2.8358,1.7445
-0.443,-0.6046,-1.948,-1.8567,1.9593
-1.948,-1.8567,-2.9896,-2.8358,1.4348
-0.443,-0.6046,-2.1515,-2.0615,2.248
-2.1515,-2.0615,-2.9896,-2.8358,1.1461
-0.443,-0.6046,-2.4165,-2.33,2.6252
-2.4165,-2.33,-2.9896,-2.8358,0.7688
-0.443,-0.6046,-2.6611,-2.4964,2.921
-2.6611,-2.4964,-2.9896,-2.8358,0.473
-0.443,-0.6046,-2.9066,-2.7346,3.2631
-2.9066,-2.7346,-2.9896,-2.8358,0.131
-0.443,-0.6046,-2.9896,-2.8358,3.394
-2.9896,-2.8358,-2.9896,-2.8358,0.0
0.0349,1.0317,0.0349,1.0317,0.0
0.0349,1.0317,2.5209,0.0341,2.7008
0.0349,1.0317,0.3775,0.8025,0.4122
0.3775,0.8025,2.5209,0.0341,2.2885
0.0349,1.0317,0.6469,0.6294,0.7325
0.6469,0.6294,2.5209,0.0341,1.9683
0.0349,1.0317,0.9106,0.5546,1.0065
0.9106,0.5546,2.5209,0.0341,1.6943
0.0349,1.0317,1.1249,0.472,1.2362
1.1249,0.472,2.5209,0.0341,1.4646
0.0349,1.0317,1.4196,0.3887,1.5424
1.4196,0.3887,2.5209,0.0341,1.1583
0.0349,1.0317,1.6866,0.2778,1.8316
1.6866,0.2778,2.5209,0.0341,0.8692
0.0349,1.0317,1.9687,0.1889,2.1273
1.9687,0.1889,2.5209,0.0341,0.5734
0.0349,1.0317,2.2115,0.1193,2.3799
2.2115,0.1193,2.5209,0.0341,0.3208
0.0349,1.0317,2.5209,0.0341,2.7008
2.5209,0.0341,2.5209,0.0341,0.0
-2.9944,0.2171,-2.9944,0.2171,0.0
-2.9944,0.2171,0.023,1.6728,3.461
-2.9944,0.2171,-2.8866,0.2892,0.1297
-2.8866,0.2892,0.023,1.6728,3.3313
-2.9944,0.2171,-2.5296,0.539,0.5654
-2.5296,0.539,0.023,1.6728,2.8955
-2.9944,0.2171,-2.2909,0.7005,0.8536
-2.2909,0.7005,0.023,1.6728,2.6074
-2.9944,0.2171,-2.1737,0.7893,1.0006
-2.1737,0.7893,0.023,1.6728,2.4604
-2.9944,0.2171,-1.9268,0.9972,1.3234
-1.9268,0.9972,0.023,1.6728,2.1376
-2.9944,0.2171,-1.7964,1.1088,1.495
-1.7964,1.1088,0.023,1.6728,1.966
-2.9944,0.2171,-1.4316,1.3745,1.9463
-1.4316,1.3745,0.023,1.6728,1.5146
-2.9944,0.2171,-1.2986,1.4867,2.1203
-1.2986,1.4867,0.023,1.6728,1.3407
-2.9944,0.2171,-1.0125,1.4965,2.4066
-1.0125,1.4965,0.023,1.6728,1.0543
-2.9944,0.2171,-0.6492,1.5149,2.7704
-0.6492,1.5149,0.023,1.6728,0.6906
-2.9944,0.2171,-0.2116,1.6107,3.2183
-0.2116,1.6107,0.023,1.6728,0.2427
-2.9944,0.2171,0.023,1.6728,3.461
0.023,1.6728,0.023,1.6728,0.0
-0.5763,-1.8242,-0.5763,-1.8242,0.0
-0.5763,-1.8242,-1.1312,-0.8899,1.088
-0.5763,-1.8242,-0.8098,-1.4321,0.4563
-0.8098,-1.4321,-1.1312,-0.8899,0.6317
-0.5763,-1.8242,-0.8882,-1.2986,0.6112
-0.8882,-1.2986,-1.1312,-0.8899,0.4768
-0.5763,-1.8242,-1.0835,-1.0006,0.9674
-1.0835,-1.0006,-1.1312,-0.8899,0.1205
-0.5763,-1.8242,-1.1312,-0.8899,1.088
-1.1312,-0.8899,-1.1312,-0.8899,0.0
-0.4504,1.0378,-0.4504,1.0378,0.0
-0.4504,1.0378,1.2756,-2.8601,4.4641
-0.4504,1.0378,-0.4553,0.7967,0.2412
-0.4553,0.7967,1.2756,-2.8601,4.2229
-0.4504,1.0378,-0.4751,0.3999,0.6385
-0.4751,0.3999,1.2756,-2.8601,3.8256
-0.4504,1.0378,-0.4645,0.0683,0.9703
-0.4645,0.0683,1.2756,-2.8601,3.4938
-0.4504,1.0378,-0.4718,-0.3747,1.4134
-0.4718,-0.3747,1.2756,-2.8601,3.0507
-0.4504,1.0378,-0.445,-0.4711,1.5134
-0.445,-0.4711,1.2756,-2.8601,2.9507
-0.4504,1.0378,-0.3194,-0.7199,1.7921
-0.3194,-0.7199,1.2756,-2.8601,2.672
-0.4504,1.0378,-0.0706,-1.0236,2.1846
-0.0706,-1.0236,1.2756,-2.8601,2.2795
-0.4504,1.0378,0.1439,-1.2662,2.5085
0.1439,-1.2662,1.2756,-2.8601,1.9556
-0.4504,1.0378,0.4055,-1.6322,2.9584
0.4055,-1.6322,1.2756,-2.8601,1.5057
-0.4504,1.0378,0.4881,-1.7522,3.1041
0.4881,-1.7522,1.2756,-2.8601,1.36
-0.4504,1.0378,0.7055,-2.0272,3.4546
0.7055,-2.0272,1.2756,-2.8601,1.0095
-0.4504,1.0378,0.8748,-2.2662,3.7475
0.8748,-2.2662,1.2756,-2.8601,0.7166
-0.4504,1.0378,1.1096,-2.6224,4.1741
1.1096,-2.6224,1.2756,-2.8601,0.29
-0.4504,1.0378,1.2756,-2.8601,4.4641
1.2756,-2.8601,1.2756,-2.8601,0.0
2.4201,2.0281,2.4201,2.0281,0.0
2.4201,2.0281,1.7974,-2.8632,4.9373
2.4201,2.0281,2.3946,1.7199,0.3092
2.3946,1.7199,1.7974,-2.8632,4.6281
2.4201,2.0281,2.3922,1.5374,0.4918
2.3922,1.5374,1.7974,-2.8632,4.4456
2.4201,2.0281,2.3244,1.0928,0.9415
2.3244,1.0928,1.7974,-2.8632,3.9958
2.4201,2.0281,2.2528,0.7658,1.2763
2.2528,0.7658,1.7974,-2.8632,3.6611
2.4201,2.0281,2.2051,0.3797,1.6653
2.2051,0.3797,1.7974,-2.8632,3.2721
2.4201,2.0281,2.1696,0.0117,2.0349
2.1696,0.0117,1.7974,-2.8632,2.9024
2.4201,2.0281,2.1269,-0.2505,2.3006
2.1269,-0.2505,1.7974,-2.8632,2.6367
2.4201,2.0281,2.118,-0.4695,2.5198
2.118,-0.4695,1.7974,-2.8632,2.4175
2.4201,2.0281,2.0803,-0.8243,2.8766
2.0803,-0.8243,1.7974,-2.8632,2.0608
2.4201,2.0281,2.0643,-1.0105,3.0635
2.0643,-1.0105,1.7974,-2.8632,1.8739
2.4201,2.0281,2.0296,-1.2676,3.3229
2.0296,-1.2676,1.7974,-2.8632,1.6144
2.4201,2.0281,1.9899,-1.622,3.6796
1.9899,-1.622,1.7974,-2.8632,1.2578
2.4201,2.0281,1.9269,-1.9512,4.0148
1.9269,-1.9512,1.7974,-2.8632,0.9226
2.4201,2.0281,1.8978,-2.338,4.4026
1.8978,-2.338,1.7974,-2.8632,0.5347
2.4201,2.0281,1.8142,-2.7646,4.8373
1.8142,-2.7646,1.7974,-2.8632,0.1
2.4201,2.0281,1.7974,-2.8632,4.9373
1.7974,-2.8632,1.7974,-2.8632,0.0
-2.1139,-2.9201,-2.1139,-2.9201,0.0
-2.1139,-2.9201,-0.8365,0.0353,3.2262
-2.1139,-2.9201,-1.929,-2.4565,0.4991
-1.929,-2.4565,-0.8365,0.0353,2.7272
-2.1139,-2.9201,-1.8663,-2.3172,0.6519
-1.8663,-2.3172,-0.8365,0.0353,2.5743
-2.1139,-2.9201,-1.6866,-1.9076,1.0992
-1.6866,-1.9076,-0.8365,0.0353,2.1271
-2.1139,-2.9201,-1.5986,-1.7117,1.3139
-1.5986,-1.7117,-0.8365,0.0353,1.9123
-2.1139,-2.9201,-1.4641,-1.3016,1.7455
-1.4641,-1.3016,-0.8365,0.0353,1.4807
-2.1139,-2.9201,-1.3897,-1.1523,1.9123
-1.3897,-1.1523,-0.8365,0.0353,1.3139
-2.1139,-2.9201,-1.2565,-0.8347,2.2567
-1.2565,-0.8347,-0.8365,0.0353,0.9695
-2.1139,-2.9201,-1.1689,-0.6057,2.5019
-1.1689,-0.6057,-0.8365,0.0353,0.7244
-2.1139,-2.9201,-0.9812,-0.1838,2.9637
-0.9812,-0.1838,-0.8365,0.0353,0.2626
-2.1139,-2.9201,-0.8365,0.0353,3.2262
-0.8365,0.0353,-0.8365,0.0353,0.0
0.7753,2.244,0.7753,2.244,0.0
0.7753,2.244,-0.0082,2.3227,0.7884
0.7753,2.244,0.3997,2.2638,0.3762
0.3997,2.2638,-0.0082,2.3227,0.4123
0.7753,2.244,0.0582,2.3172,0.7218
0.0582,2.3172,-0.0082,2.3227,0.0666
0.7753,2.244,-0.0082,2.3227,0.7884
-0.0082,2.3227,-0.0082,2.3227,0.0
-2.0433,-1.7326,-2.0433,-1.7326,0.0
-2.0433,-1.7326,2.7062,-2.9447,4.9331
-2.0433,-1.7326,-1.7773,-1.764,0.2678
-1.7773,-1.764,2.7062,-2.9447,4.6653
-2.0433,-1.7326,-1.3452,-1.8591,0.7102
-1.3452,-1.8591,2.7062,-2.9447,4.2229
-2.0433,-1.7326,-1.1847,-1.8913,0.874
-1.1847,-1.8913,2.7062,-2.9447,4.0591
-2.0433,-1.7326,-0.7875,-1.9691,1.2787
-0.7875,-1.9691,2.7062,-2.9447,3.6544
-2.0433,-1.7326,-0.5108,-2.0403,1.5644
-0.5108,-2.0403,2.7062,-2.9447,3.3687
-2.0433,-1.7326,-0.1028,-2.1369,1.9837
-0.1028,-2.1369,2.7062,-2.9447,2.9494
-2.0433,-1.7326,0.0788,-2.1787,2.1701
0.0788,-2.1787,2.7062,-2.9447,2.763
-2.0433,-1.7326,0.3682,-2.2503,2.4682
0.3682,-2.2503,2.7062,-2.9447,2.4649
-2.0433,-1.7326,0.6101,-2.2996,2.7151
0.6101,-2.2996,2.7062,-2.9447,2.218
-2.0433,-1.7326,0.8141,-2.3749,2.9325
0.8141,-2.3749,2.7062,-2.9447,2.0006
-2.0433,-1.7326,1.0152,-2.4369,3.1429
1.0152,-2.4369,2.7062,-2.9447,1.7902
-2.0433,-1.7326,1.223,-2.4936,3.3583
1.223,-2.4936,2.7062,-2.9447,1.5748
-2.0433,-1.7326,1.5418,-2.5636,3.6847
1.5418,-2.5636,2.7062,-2.9447,1.2484
-2.0433,-1.7326,1.8465,-2.6867,4.0134
1.8465,-2.6867,2.7062,-2.9447,0.9197
-2.0433,-1.7326,2.1525,-2.7101,4.3202
2.1525,-2.7101,2.7062,-2.9447,0.6129
-2.0433,-1.7326,2.5642,-2.8258,4.7479
2.5642,-2.8258,2.7062,-2.9447,0.1852
-2.0433,-1.7326,2.7062,-2.9447,4.9331
2.7062,-2.9447,2.7062,-2.9447,0.0
-2.0589,2.5653,-2.0589,2.5653,0.0
-2.0589,2.5653,1.1917,-0.8063,4.77
-2.0589,2.5653,-1.7004,2.288,0.4533
-1.7004,2.288,1.1917,-0.8063,4.3167
-2.0589,2.5653,-1.4336,2.0595,0.8045
-1.4336,2.0595,1.1917,-0.8063,3.9655
-2.0589,2.5653,-1.2357,1.8761,1.0744
-1.2357,1.8761,1.1917,-0.8063,3.6956
-2.0589,2.5653,-0.9906,1.6904,1.3818
-0.9906,1.6904,1.1917,-0.8063,3.3882
-2.0589,2.5653,-0.7833,1.5117,1.6556
-0.7833,1.5117,1.1917,-0.8063,3.1144
-2.0589,2.5653,-0.5326,1.3782,1.9396
-0.5326,1.3782,1.1917,-0.8063,2.8304
-2.0589,2.5653,-0.3534,1.2221,2.1773
-0.3534,1.2221,1.1917,-0.8063,2.5927
-2.0589,2.5653,-0.2814,1.0953,2.3231
-0.2814,1.0953,1.1917,-0.8063,2.4469
-2.0589,2.5653,-0.1012,0.898,2.5903
-0.1012,0.898,1.1917,-0.8063,2.1797
-2.0589,2.5653,0.1656,0.682,2.9335
0.1656,0.682,1.1917,-0.8063,1.8365
-2.0589,2.5653,0.2793,0.5927,3.0781
0.2793,0.5927,1.1917,-0.8063,1.6919
-2.0589,2.5653,0.5034,0.4236,3.3589
0.5034,0.4236,1.1917,-0.8063,1.4111
-2.0589,2.5653,0.5658,0.2659,3.5285
0.5658,0.2659,1.1917,-0.8063,1.2415
-2.0589,2.5653,0.6925,0.05,3.7787
0.6925,0.05,1.1917,-0.8063,0.9913
-2.0589,2.5653,0.8314,-0.1901,4.0561
0.8314,-0.1901,1.1917,-0.8063,0.7139
-2.0589,2.5653,1.0423,-0.5444,4.4685
1.0423,-0.5444,1.1917,-0.8063,0.3015
-2.0589,2.5653,1.1917,-0.8063,4.77
1.1917,-0.8063,1.1917,-0.8063,0.0
-1.3654,0.4716,-1.3654,0.4716,0.0
-1.3654,0.4716,-2.101,1.1094,0.974
-1.3654,0.4716,-1.4928,0.5838,0.1697
-1.4928,0.5838,-2.101,1.1094,0.8043
-1.3654,0.4716,-1.7468,0.818,0.5153
-1.7468,0.818,-2.101,1.1094,0.4587
-1.3654,0.4716,-1.9645,0.9998,0.7989
-1.9645,0.9998,-2.101,1.1094,0.175
-1.3654,0.4716,-2.101,1.1094,0.974
-2.101,1.1094,-2.101,1.1094,0.0
1.7496,1.2525,1.7496,1.2525,0.0
1.7496,1.2525,-2.7215,2.5041,4.6503
1.7496,1.2525,1.5893,1.3223,0.1749
1.5893,1.3223,-2.7215,2.5041,4.4754
1.7496,1.2525,1.2921,1.41,0.4847
1.2921,1.41,-2.7215,2.5041,4.1655
1.7496,1.2525,1.0161,1.5222,0.7827
1.0161,1.5222,-2.7215,2.5041,3.8676
1.7496,1.2525,0.6519,1.6372,1.1646
0.6519,1.6372,-2.7215,2.5041,3.4856
1.7496,1.2525,0.4099,1.7147,1.4187
0.4099,1.7147,-2.7215,2.5041,3.2316
1.7496,1.2525,0.1362,1.7898,1.7026
0.1362,1.7898,-2.7215,2.5041,2.9477
1.7496,1.2525,-0.2057,1.8616,2.0519
-0.2057,1.8616,-2.7215,2.5041,2.5984
1.7496,1.2525,-0.5068,1.9371,2.3623
-0.5068,1.9371,-2.7215,2.5041,2.2879
1.7496,1.2525,-0.7745,2.0144,2.641
-0.7745,2.0144,-2.7215,2.5041,2.0093
1.7496,1.2525,-1.0637,2.0751,2.9364
-1.0637,2.0751,-2.7215,2.5041,1.7138
1.7496,1.2525,-1.3204,2.1575,3.206
-1.3204,2.1575,-2.7215,2.5041,1.4442
1.7496,1.2525,-1.5973,2.2346,3.4935
-1.5973,2.2346,-2.7215,2.5041,1.1568
1.7496,1.2525,-1.9701,2.317,3.8753
-1.9701,2.317,-2.7215,2.5041,0.775
1.7496,1.2525,-2.149,2.3702,4.0619
-2.149,2.3702,-2.7215,2.5041,0.5883
1.7496,1.2525,-2.4164,2.4214,4.3342
-2.4164,2.4214,-2.7215,2.5041,0.3161
1.7496,1.2525,-2.7215,2.5041,4.6503
-2.7215,2.5041,-2.7215,2.5041,0.0
0.3065,1.5026,0.3065,1.5026,0.0
0.3065,1.5026,-2.1391,1.9445,2.4963
0.3065,1.5026,-0.0934,1.593,0.41
-0.0934,1.593,-2.1391,1.9445,2.0863
0.3065,1.5026,-0.3439,1.6587,0.669
-0.3439,1.6587,-2.1391,1.9445,1.8274
0.3065,1.5026,-0.6167,1.7247,0.9496
-0.6167,1.7247,-2.1391,1.9445,1.5467
0.3065,1.5026,-0.8335,1.7856,1.1748
-0.8335,1.7856,-2.1391,1.9445,1.3215
0.3065,1.5026,-1.1223,1.8745,1.477
-1.1223,1.8745,-2.1391,1.9445,1.0193
0.3065,1.5026,-1.5109,1.9018,1.8666
-1.5109,1.9018,-2.1391,1.9445,0.6297
0.3065,1.5026,-1.9875,1.9389,2.3446
-1.9875,1.9389,-2.1391,1.9445,0.1517
0.3065,1.5026,-2.1391,1.9445,2.4963
-2.1391,1.9445,-2.1391,1.9445,0.0
1.7003,0.7889,1.7003,0.7889,0.0
1.7003,0.7889,-2.2607,0.044,4.0688
1.7003,0.7889,1.3344,0.6128,0.4061
1.3344,0.6128,-2.2607,0.044,3.6628
1.7003,0.7889,0.8516,0.6174,0.8889
0.8516,0.6174,-2.2607,0.044,3.1799
1.7003,0.7889,0.4105,0.5787,1.3317
0.4105,0.5787,-2.2607,0.044,2.7371
1.7003,0.7889,0.0002,0.534,1.7444
0.0002,0.534,-2.2607,0.044,2.3245
1.7003,0.7889,-0.1903,0.5206,1.9353
-0.1903,0.5206,-2.2607,0.044,2.1335
1.7003,0.7889,-0.474,0.4588,2.2257
-0.474,0.4588,-2.2607,0.044,1.8431
1.7003,0.7889,-0.6595,0.3884,2.4242
-0.6595,0.3884,-2.2607,0.044,1.6447
1.7003,0.7889,-0.8811,0.3451,2.6499
-0.8811,0.3451,-2.2607,0.044,1.4189
1.7003,0.7889,-1.1017,0.3268,2.8713
-1.1017,0.3268,-2.2607,0.044,1.1975
1.7003,0.7889,-1.2592,0.3013,3.0308
-1.2592,0.3013,-2.2607,0.044,1.038
1.7003,0.7889,-1.5012,0.2765,3.2741
-1.5012,0.2765,-2.2607,0.044,0.7947
1.7003,0.7889,-1.8183,0.1853,3.604
-1.8183,0.1853,-2.2607,0.044,0.4648
1.7003,0.7889,-2.0489,0.121,3.8434
-2.0489,0.121,-2.2607,0.044,0.2254
1.7003,0.7889,-2.2607,0.044,4.0688
-2.2607,0.044,-2.2607,0.044,0.0
2.9747,-0.5845,2.9747,-0.5845,0.0
2.9747,-0.5845,-1.6516,-0.8382,4.6494
2.9747,-0.5845,2.6984,-0.6116,0.2776
2.6984,-0.6116,-1.6516,-0.8382,4.3718
2.9747,-0.5845,2.2759,-0.6625,0.7032
2.2759,-0.6625,-1.6516,-0.8382,3.9462
2.9747,-0.5845,2.0525,-0.6789,0.9272
2.0525,-0.6789,-1.6516,-0.8382,3.7222
2.9747,-0.5845,1.9179,-0.6759,1.0619
1.9179,-0.6759,-1.6516,-0.8382,3.5875
2.9747,-0.5845,1.6371,-0.6765,1.3426
1.6371,-0.6765,-1.6516,-0.8382,3.3068
2.9747,-0.5845,1.1947,-0.6449,1.7862
1.1947,-0.6449,-1.6516,-0.8382,2.8632
2.9747,-0.5845,1.0369,-0.6741,1.9467
1.0369,-0.6741,-1.6516,-0.8382,2.7027
2.9747,-0.5845,0.9308,-0.7024,2.0565
0.9308,-0.7024,-1.6516,-0.8382,2.593
2.9747,-0.5845,0.5098,-0.6917,2.4776
0.5098,-0.6917,-1.6516,-0.8382,2.1718
2.9747,-0.5845,0.1319,-0.7202,2.8566
0.1319,-0.7202,-1.6516,-0.8382,1.7928
2.9747,-0.5845,-0.2614,-0.7266,3.25
-0.2614,-0.7266,-1.6516,-0.8382,1.3994
2.9747,-0.5845,-0.7302,-0.7505,3.7193
-0.7302,-0.7505,-1.6516,-0.8382,0.9301
2.9747,-0.5845,-1.1503,-0.7685,4.1398
-1.1503,-0.7685,-1.6516,-0.8382,0.5096
2.9747,-0.5845,-1.3957,-0.7727,4.3853
-1.3957,-0.7727,-1.6516,-0.8382,0.2641
2.9747,-0.5845,-1.6516,-0.8382,4.6494
-1.6516,-0.8382,-1.6516,-0.8382,0.0
-2.1612,0.576,-2.1612,0.576,0.0
-2.1612,0.576,-0.5007,-1.3712,2.5679
-2.1612,0.576,-1.8048,0.2359,0.4926
-1.8048,0.2359,-0.5007,-1.3712,2.0753
-2.1612,0.576,-1.5106,-0.0632,0.9122
-1.5106,-0.0632,-0.5007,-1.3712,1.6557
-2.1612,0.576,-1.3322,-0.2648,1.1814
-1.3322,-0.2648,-0.5007,-1.3712,1.3865
-2.1612,0.576,-1.1989,-0.4392,1.4009
-1.1989,-0.4392,-0.5007,-1.3712,1.1671
-2.1612,0.576,-0.9649,-0.7381,1.7805
-0.9649,-0.7381,-0.5007,-1.3712,0.7874
-2.1612,0.576,-0.8673,-0.9165,1.9838
-0.8673,-0.9165,-0.5007,-1.3712,0.5841
-2.1612,0.576,-0.7102,-1.1089,2.2322
-0.7102,-1.1089,-0.5007,-1.3712,0.3357
-2.1612,0.576,-0.5007,-1.3712,2.5679
-0.5007,-1.3712,-0.5007,-1.3712,0.0
1.0827,2.1949,1.0827,2.1949,0.0
1.0827,2.1949,2.779,2.2455,1.6988
1.0827,2.1949,1.4442,2.1918,0.3615
1.4442,2.1918,2.779,2.2455,1.3374
1.0827,2.1949,1.7967,2.1926,0.714
1.7967,2.1926,2.779,2.2455,0.9848
1.0827,2.1949,2.1821,2.1975,1.0994
2.1821,2.1975,2.779,2.2455,0.5994
1.0827,2.1949,2.445,2.2314,1.3645
2.445,2.2314,2.779,2.2455,0.3344
1.0827,2.1949,2.779,2.2455,1.6988
2.779,2.2455,2.779,2.2455,0.0
-1.9522,2.9223,-1.9522,2.9223,0.0
-1.9522,2.9223,0.0503,-0.9639,4.5645
-1.9522,2.9223,-1.8589,2.5227,0.4103
-1.8589,2.5227,0.0503,-0.9639,4.1541
-1.9522,2.9223,-1.7891,2.266,0.6764
-1.7891,2.266,0.0503,-0.9639,3.8881
-1.9522,2.9223,-1.6862,1.8605,1.0947
-1.6862,1.8605,0.0503,-0.9639,3.4698
-1.9522,2.9223,-1.623,1.5123,1.4486
-1.623,1.5123,0.0503,-0.9639,3.1159
-1.9522,2.9223,-1.563,1.227,1.7402
-1.563,1.227,0.0503,-0.9639,2.8242
-1.9522,2.9223,-1.4979,0.9184,2.0555
-1.4979,0.9184,0.0503,-0.9639,2.5089
-1.9522,2.9223,-1.4414,0.6714,2.3089
-1.4414,0.6714,0.0503,-0.9639,2.2555
-1.9522,2.9223,-1.3474,0.4267,2.571
-1.3474,0.4267,0.0503,-0.9639,1.9934
-1.9522,2.9223,-1.1407,0.2045,2.8745
-1.1407,0.2045,0.0503,-0.9639,1.6899
-1.9522,2.9223,-1.0565,0.1153,2.9972
-1.0565,0.1153,0.0503,-0.9639,1.5672
-1.9522,2.9223,-0.8099,-0.1365,3.3497
-0.8099,-0.1365,0.0503,-0.9639,1.2148
-1.9522,2.9223,-0.7842,-0.1548,3.3812
-0.7842,-0.1548,0.0503,-0.9639,1.1833
-1.9522,2.9223,-0.5512,-0.3656,3.6954
-0.5512,-0.3656,0.0503,-0.9639,0.869
-1.9522,2.9223,-0.403,-0.6347,4.0026
-0.403,-0.6347,0.0503,-0.9639,0.5618
-1.9522,2.9223,-0.0322,-0.9232,4.4725
-0.0322,-0.9232,0.0503,-0.9639,0.092
-1.9522,2.9223,0.0503,-0.9639,4.5645
0.0503,-0.9639,0.0503,-0.9639,0.0
-0.3475,-2.1147,-0.3475,-2.1147,0.0
-0.3475,-2.1147,-0.2401,-1.4021,0.7207
-0.3475,-2.1147,-0.3093,-1.8311,0.2861
-0.3093,-1.8311,-0.2401,-1.4021,0.4346
-0.3475,-2.1147,-0.2401,-1.4021,0.7207
-0.2401,-1.4021,-0.2401,-1.4021,0.0
1.1313,0.3708,1.1313,0.3708,0.0
1.1313,0.3708,-1.698,2.0958,3.3391
1.1313,0.3708,0.8986,0.4728,0.254
0.8986,0.4728,-1.698,2.0958,3.0851
1.1313,0.3708,0.5283,0.7155,0.6969
0.5283,0.7155,-1.698,2.0958,2.6422
1.1313,0.3708,0.2016,0.9492,1.0985
0.2016,0.9492,-1.698,2.0958,2.2406
1.1313,0.3708,-0.0615,1.1528,1.4312
-0.0615,1.1528,-1.698,2.0958,1.9079
1.1313,0.3708,-0.2214,1.252,1.6193
-0.2214,1.252,-1.698,2.0958,1.7198
1.1313,0.3708,-0.4642,1.4909,1.96
-0.4642,1.4909,-1.698,2.0958,1.3791
1.1313,0.3708,-0.6266,1.6013,2.1563
-0.6266,1.6013,-1.698,2.0958,1.1828
1.1313,0.3708,-0.8895,1.7346,2.4512
-0.8895,1.7346,-1.698,2.0958,0.8879
1.1313,0.3708,-1.1206,1.8668,2.7173
-1.1206,1.8668,-1.698,2.0958,0.6218
1.1313,0.3708,-1.2187,1.8943,2.8192
-1.2187,1.8943,-1.698,2.0958,0.5199
1.1313,0.3708,-1.5085,2.0164,3.1337
-1.5085,2.0164,-1.698,2.0958,0.2054
1.1313,0.3708,-1.698,2.0958,3.3391
-1.698,2.0958,-1.698,2.0958,0.0
-2.8445,2.6085,-2.8445,2.6085,0.0
-2.8445,2.6085,2.9469,-1.7816,7.3454
-2.8445,2.6085,-2.6828,2.5248,0.1821
-2.6828,2.5248,2.9469,-1.7816,7.1633
-2.8445,2.6085,-2.3994,2.3562,0.5118
-2.3994,2.3562,2.9469,-1.7816,6.8336
-2.8445,2.6085,-2.0092,2.157,0.95
-2.0092,2.157,2.9469,-1.7816,6.3954
-2.8445,2.6085,-1.7341,2.0041,1.2647
-1.7341,2.0041,2.9469,-1.7816,6.0807
-2.8445,2.6085,-1.4822,1.8459,1.5621
-1.4822,1.8459,2.9469,-1.7816,5.7833
-2.8445,2.6085,-1.1901,1.6961,1.8904
-1.1901,1.6961,2.9469,-1.7816,5.455
-2.8445,2.6085,-1.1646,1.686,1.9179
-1.1646,1.686,2.9469,-1.7816,5.4275
-2.8445,2.6085,-0.9961,1.5962,2.1088
-0.9961,1.5962,2.9469,-1.7816,5.2366
-2.8445,2.6085,-0.7694,1.516,2.3492
-0.7694,1.516,2.9469,-1.7816,4.9962
-2.8445,2.6085,-0.5729,1.3814,2.5875
-0.5729,1.3814,2.9469,-1.7816,4.7579
-2.8445,2.6085,-0.4426,1.2124,2.8009
-0.4426,1.2124,2.9469,-1.7816,4.5446
-2.8445,2.6085,-0.2879,1.0861,3.0006
-0.2879,1.0861,2.9469,-1.7816,4.3448
-2.8445,2.6085,-0.1158,0.9781,3.2037
-0.1158,0.9781,2.9469,-1.7816,4.1417
-2.8445,2.6085,0.1952,0.7067,3.6166
0.1952,0.7067,2.9469,-1.7816,3.7289
-2.8445,2.6085,0.5164,0.4557,4.0242
0.5164,0.4557,2.9469,-1.7816,3.3213
-2.8445,2.6085,0.7222,0.295,4.2853
0.7222,0.295,2.9469,-1.7816,3.0602
-2.8445,2.6085,0.9664,0.0188,4.6539
0.9664,0.0188,2.9469,-1.7816,2.6915
-2.8445,2.6085,1.1929,-0.2293,4.9899
1.1929,-0.2293,2.9469,-1.7816,2.3555
-2.8445,2.6085,1.3408,-0.4136,5.2262
1.3408,-0.4136,2.9469,-1.7816,2.1192
-2.8445,2.6085,1.4565,-0.546,5.402
1.4565,-0.546,2.9469,-1.7816,1.9434
-2.8445,2.6085,1.6788,-0.7647,5.7139
1.6788,-0.7647,2.9469,-1.7816,1.6315
-2.8445,2.6085,1.9892,-1.0698,6.1491
1.9892,-1.0698,2.9469,-1.7816,1.1963
-2.8445,2.6085,2.3232,-1.3636,6.594
2.3232,-1.3636,2.9469,-1.7816,0.7515
-2.8445,2.6085,2.6921,-1.6288,7.0483
2.6921,-1.6288,2.9469,-1.7816,0.2971
-2.8445,2.6085,2.9469,-1.7816,7.3454
2.9469,-1.7816,2.9469,-1.7816,0.0
-1.0735,-1.6843,-1.0735,-1.6843,0.0
-1.0735,-1.6843,-2.7463,-1.4597,1.6932
-1.0735,-1.6843,-1.4851,-1.6395,0.414
-1.4851,-1.6395,-2.7463,-1.4597,1.2793
-1.0735,-1.6843,-1.7742,-1.6323,0.7032
-1.7742,-1.6323,-2.7463,-1.4597,0.99
-1.0735,-1.6843,-2.0202,-1.619,0.9495
-2.0202,-1.619,-2.7463,-1.4597,0.7437
-1.0735,-1.6843,-2.3442,-1.5378,1.2836
-2.3442,-1.5378,-2.7463,-1.4597,0.4096
-1.0735,-1.6843,-2.7463,-1.4597,1.6932
-2.7463,-1.4597,-2.7463,-1.4597,0.0
-2.7561,1.5853,-2.7561,1.5853,0.0
-2.7561,1.5853,-0.4146,-1.7573,4.0926
-2.7561,1.5853,-2.712,1.508,0.089
-2.712,1.508,-0.4146,-1.7573,4.0036
-2.7561,1.5853,-2.474,1.1259,0.5391
-2.474,1.1259,-0.4146,-1.7573,3.5535
-2.7561,1.5853,-2.3036,0.8792,0.839
-2.3036,0.8792,-0.4146,-1.7573,3.2536
-2.7561,1.5853,-2.0597,0.4897,1.2985
-2.0597,0.4897,-0.4146,-1.7573,2.7941
-2.7561,1.5853,-1.8521,0.1393,1.7058
-1.8521,0.1393,-0.4146,-1.7573,2.3868
-2.7561,1.5853,-1.7026,-0.1112,1.9976
-1.7026,-0.1112,-0.4146,-1.7573,2.095
-2.7561,1.5853,-1.4988,-0.4633,2.4044
-1.4988,-0.4633,-0.4146,-1.7573,1.6882
-2.7561,1.5853,-1.2345,-0.7798,2.8168
-1.2345,-0.7798,-0.4146,-1.7573,1.2758
-2.7561,1.5853,-0.9158,-1.1524,3.3071
-0.9158,-1.1524,-0.4146,-1.7573,0.7855
-2.7561,1.5853,-0.6614,-1.4514,3.6996
-0.6614,-1.4514,-0.4146,-1.7573,0.393
-2.7561,1.5853,-0.4146,-1.7573,4.0926
-0.4146,-1.7573,-0.4146,-1.7573,0.0
-1.1383,0.5981,-1.1383,0.5981,0.0
-1.1383,0.5981,1.8184,1.6193,3.2148
-1.1383,0.5981,-0.7537,0.5808,0.385
-0.7537,0.5808,1.8184,1.6193,2.8298
-1.1383,0.5981,-0.5435,0.6049,0.5966
-0.5435,0.6049,1.8184,1.6193,2.6182
-1.1383,0.5981,-0.1646,0.8689,1.0584
-0.1646,0.8689,1.8184,1.6193,2.1564
-1.1383,0.5981,0.2293,1.1138,1.5222
0.2293,1.1138,1.8184,1.6193,1.6926
-1.1383,0.5981,0.5483,1.3425,1.9147
0.5483,1.3425,1.8184,1.6193,1.3001
-1.1383,0.5981,0.8523,1.4173,2.2278
0.8523,1.4173,1.8184,1.6193,0.987
-1.1383,0.5981,1.1792,1.4865,2.5619
1.1792,1.4865,1.8184,1.6193,0.6529
-1.1383,0.5981,1.6269,1.5785,3.019
1.6269,1.5785,1.8184,1.6193,0.1958
-1.1383,0.5981,1.8184,1.6193,3.2148
1.8184,1.6193,1.8184,1.6193,0.0
-0.9666,-0.4717,-0.9666,-0.4717,0.0
-0.9666,-0.4717,-2.0593,0.5814,1.5205
-0.9666,-0.4717,-1.039,-0.4027,0.1
-1.039,-0.4027,-2.0593,0.5814,1.4205
-0.9666,-0.4717,-1.3348,-0.077,0.5401
-1.3348,-0.077,-2.0593,0.5814,0.9804
-0.9666,-0.4717,-1.5882,0.1853,0.9047
-1.5882,0.1853,-2.0593,0.5814,0.6157
-0.9666,-0.4717,-1.8591,0.4244,1.266
-1.8591,0.4244,-2.0593,0.5814,0.2545
-0.9666,-0.4717,-2.0593,0.5814,1.5205
-2.0593,0.5814,-2.0593,0.5814,0.0
-1.4229,-2.7501,-1.4229,-2.7501,0.0
-1.4229,-2.7501,2.9552,-2.3673,4.4077
-1.4229,-2.7501,-0.9906,-2.7053,0.4346
-0.9906,-2.7053,2.9552,-2.3673,3.9731
-1.4229,-2.7501,-0.6117,-2.6883,0.8139
-0.6117,-2.6883,2.9552,-2.3673,3.5938
-1.4229,-2.7501,-0.4496,-2.6898,0.976
-0.4496,-2.6898,2.9552,-2.3673,3.4317
-1.4229,-2.7501,-0.0403,-2.6716,1.3857
-0.0403,-2.6716,2.9552,-2.3673,3.022
-1.4229,-2.7501,0.3505,-2.6628,1.7767
0.3505,-2.6628,2.9552,-2.3673,2.6311
-1.4229,-2.7501,0.4658,-2.6463,1.8931
0.4658,-2.6463,2.9552,-2.3673,2.5146
-1.4229,-2.7501,0.8768,-2.5907,2.3079
0.8768,-2.5907,2.9552,-2.3673,2.0998
-1.4229,-2.7501,1.1603,-2.5865,2.5914
1.1603,-2.5865,2.9552,-2.3673,1.8163
-1.4229,-2.7501,1.3834,-2.5892,2.8145
1.3834,-2.5892,2.9552,-2.3673,1.5932
-1.4229,-2.7501,1.6489,-2.5552,3.0821
1.6489,-2.5552,2.9552,-2.3673,1.3256
-1.4229,-2.7501,1.9192,-2.5183,3.355
1.9192,-2.5183,2.9552,-2.3673,1.0528
-1.4229,-2.7501,2.2913,-2.4264,3.7382
2.2913,-2.4264,2.9552,-2.3673,0.6695
-1.4229,-2.7501,2.5994,-2.3745,4.0507
2.5994,-2.3745,2.9552,-2.3673,0.3571
-1.4229,-2.7501,2.7614,-2.3861,4.213
2.7614,-2.3861,2.9552,-2.3673,0.1947
-1.4229,-2.7501,2.9552,-2.3673,4.4077
2.9552,-2.3673,2.9552,-2.3673,0.0
2.7549,-2.5217,2.7549,-2.5217,0.0
2.7549,-2.5217,2.5526,0.9493,3.4813
2.7549,-2.5217,2.7253,-2.1541,0.3688
2.7253,-2.1541,2.5526,0.9493,3.1125
2.7549,-2.5217,2.6778,-1.7772,0.7487
2.6778,-1.7772,2.5526,0.9493,2.7326
2.7549,-2.5217,2.6888,-1.4855,1.0406
2.6888,-1.4855,2.5526,0.9493,2.4407
2.7549,-2.5217,2.694,-1.3322,1.194
2.694,-1.3322,2.5526,0.9493,2.2873
2.7549,-2.5217,2.6919,-1.0056,1.5207
2.6919,-1.0056,2.5526,0.9493,1.9607
2.7549,-2.5217,2.6827,-0.8926,1.6339
2.6827,-0.8926,2.5526,0.9493,1.8474
2.7549,-2.5217,2.6675,-0.5062,2.0206
2.6675,-0.5062,2.5526,0.9493,1.4607
2.7549,-2.5217,2.6309,-0.1508,2.3779
2.6309,-0.1508,2.5526,0.9493,1.1034
2.7549,-2.5217,2.6166,-0.0361,2.4935
2.6166,-0.0361,2.5526,0.9493,0.9878
2.7549,-2.5217,2.5865,0.2806,2.8116
2.5865,0.2806,2.5526,0.9493,0.6697
2.7549,-2.5217,2.5792,0.5354,3.0666
2.5792,0.5354,2.5526,0.9493,0.4147
2.7549,-2.5217,2.5526,0.9493,3.4813
2.5526,0.9493,2.5526,0.9493,0.0
-1.9572,-2.3703,-1.9572,-2.3703,0.0
-1.9572,-2.3703,1.9634,-2.1162,3.9567
-1.9572,-2.3703,-1.5618,-2.3138,0.3994
-1.5618,-2.3138,1.9634,-2.1162,3.5573
-1.9572,-2.3703,-1.295,-2.2772,0.6687
-1.295,-2.2772,1.9634,-2.1162,3.2881
-1.9572,-2.3703,-0.8549,-2.2301,1.1113
-0.8549,-2.2301,1.9634,-2.1162,2.8454
-1.9572,-2.3703,-0.5974,-2.2244,1.3689
-0.5974,-2.2244,1.9634,-2.1162,2.5878
-1.9572,-2.3703,-0.3413,-2.2218,1.625
-0.3413,-2.2218,1.9634,-2.1162,2.3317
-1.9572,-2.3703,0.0668,-2.2304,2.0332
0.0668,-2.2304,1.9634,-2.1162,1.9235
-1.9572,-2.3703,0.4281,-2.1694,2.3996
0.4281,-2.1694,1.9634,-2.1162,1.5571
-1.9572,-2.3703,0.7892,-2.1811,2.7608
0.7892,-2.1811,1.9634,-2.1162,1.1959
-1.9572,-2.3703,1.0885,-2.1869,3.0602
1.0885,-2.1869,1.9634,-2.1162,0.8965
-1.9572,-2.3703,1.4831,-2.2459,3.4592
1.4831,-2.2459,1.9634,-2.1162,0.4975
-1.9572,-2.3703,1.9634,-2.1162,3.9567
1.9634,-2.1162,1.9634,-2.1162,0.0
2.2124,0.6343,2.2124,0.6343,0.0
2.2124,0.6343,-0.2112,-1.234,3.0636
2.2124,0.6343,1.9404,0.3836,0.3699
1.9404,0.3836,-0.2112,-1.234,2.6937
2.2124,0.6343,1.7199,0.2291,0.6391
1.7199,0.2291,-0.2112,-1.234,2.4245
2.2124,0.6343,1.4709,0.0537,0.9438
1.4709,0.0537,-0.2112,-1.234,2.1199
2.2124,0.6343,1.1566,-0.1526,1.3197
1.1566,-0.1526,-0.2112,-1.234,1.7439
2.2124,0.6343,0.8011,-0.4185,1.7636
0.8011,-0.4185,-0.2112,-1.234,1.3
2.2124,0.6343,0.4965,-0.6697,2.1585
0.4965,-0.6697,-0.2112,-1.234,0.9052
2.2124,0.6343,0.3274,-0.801,2.3726
0.3274,-0.801,-0.2112,-1.234,0.6911
2.2124,0.6343,-0.0227,-1.0879,2.8252
-0.0227,-1.0879,-0.2112,-1.234,0.2385
2.2124,0.6343,-0.2112,-1.234,3.0636
-0.2112,-1.234,-0.2112,-1.234,0.0
2.7233,1.1951,2.7233,1.1951,0.0
2.7233,1.1951,-1.7804,2.7072,4.7683
2.7233,1.1951,2.5898,1.2256,0.1369
2.5898,1.2256,-1.7804,2.7072,4.6314
2.7233,1.1951,2.1064,1.3378,0.6332
2.1064,1.3378,-1.7804,2.7072,4.1351
2.7233,1.1951,1.8349,1.3881,0.9093
1.8349,1.3881,-1.7804,2.7072,3.859
2.7233,1.1951,1.5448,1.483,1.2145
1.5448,1.483,-1.7804,2.7072,3.5539
2.7233,1.1951,1.4035,1.5295,1.3632
1.4035,1.5295,-1.7804,2.7072,3.4051
2.7233,1.1951,1.0512,1.6339,1.7307
1.0512,1.6339,-1.7804,2.7072,3.0376
2.7233,1.1951,0.6235,1.763,2.1774
0.6235,1.763,-1.7804,2.7072,2.5909
2.7233,1.1951,0.2132,1.8964,2.6088
0.2132,1.8964,-1.7804,2.7072,2.1595
2.7233,1.1951,0.2086,1.9043,2.618
0.2086,1.9043,-1.7804,2.7072,2.1503
2.7233,1.1951,0.0671,1.9839,2.7804
0.0671,1.9839,-1.7804,2.7072,1.9879
2.7233,1.1951,-0.3209,2.0976,3.1847
-0.3209,2.0976,-1.7804,2.7072,1.5836
2.7233,1.1951,-0.699,2.2748,3.6023
-0.699,2.2748,-1.7804,2.7072,1.1661
2.7233,1.1951,-1.0246,2.388,3.9469
-1.0246,2.388,-1.7804,2.7072,0.8214
2.7233,1.1951,-1.3119,2.4908,4.2521
-1.3119,2.4908,-1.7804,2.7072,0.5162
2.7233,1.1951,-1.6283,2.6302,4.5978
-1.6283,2.6302,-1.7804,2.7072,0.1705
2.7233,1.1951,-1.7804,2.7072,4.7683
-1.7804,2.7072,-1.7804,2.7072,0.0
2.3825,-2.9337,2.3825,-2.9337,0.0
2.3825,-2.9337,-2.3633,0.0036,5.5877
2.3825,-2.9337,1.9887,-2.7186,0.4487
1.9887,-2.7186,-2.3633,0.0036,5.139
2.3825,-2.9337,1.7964,-2.5954,0.6771
1.7964,-2.5954,-2.3633,0.0036,4.9107
2.3825,-2.9337,1.5268,-2.4391,0.9887
1.5268,-2.4391,-2.3633,0.0036,4.599
2.3825,-2.9337,1.2945,-2.271,1.2755
1.2945,-2.271,-2.3633,0.0036,4.3123
2.3825,-2.9337,1.0134,-2.0847,1.6127
1.0134,-2.0847,-2.3633,0.0036,3.975
2.3825,-2.9337,0.9221,-2.0229,1.723
0.9221,-2.0229,-2.3633,0.0036,3.8647
2.3825,-2.9337,0.6815,-1.8642,2.0112
0.6815,-1.8642,-2.3633,0.0036,3.5766
2.3825,-2.9337,0.3895,-1.6789,2.357
0.3895,-1.6789,-2.3633,0.0036,3.2308
2.3825,-2.9337,0.145,-1.532,2.6423
0.145,-1.532,-2.3633,0.0036,2.9455
2.3825,-2.9337,-0.0745,-1.3736,2.913
-0.0745,-1.3736,-2.3633,0.0036,2.6747
2.3825,-2.9337,-0.2068,-1.2784,3.0759
-0.2068,-1.2784,-2.3633,0.0036,2.5118
2.3825,-2.9337,-0.455,-1.0925,3.386
-0.455,-1.0925,-2.3633,0.0036,2.2017
2.3825,-2.9337,-0.7801,-0.8964,3.7657
-0.7801,-0.8964,-2.3633,0.0036,1.822
2.3825,-2.9337,-0.9628,-0.7919,3.9762
-0.9628,-0.7919,-2.3633,0.0036,1.6116
2.3825,-2.9337,-1.2538,-0.629,4.3097
-1.2538,-0.629,-2.3633,0.0036,1.278
2.3825,-2.9337,-1.496,-0.4804,4.5938
-1.496,-0.4804,-2.3633,0.0036,0.9939
2.3825,-2.9337,-1.6329,-0.4186,4.744
-1.6329,-0.4186,-2.3633,0.0036,0.8437
2.3825,-2.9337,-1.9907,-0.2189,5.1538
-1.9907,-0.2189,-2.3633,0.0036,0.434
2.3825,-2.9337,-2.3633,0.0036,5.5877
-2.3633,0.0036,-2.3633,0.0036,0.0
-2.4156,1.0209,-2.4156,1.0209,0.0
-2.4156,1.0209,1.8046,-0.0186,4.4166
-2.4156,1.0209,-2.0514,0.8168,0.4174
-2.0514,0.8168,1.8046,-0.0186,3.9991
-2.4156,1.0209,-1.6077,0.6363,0.8965
-1.6077,0.6363,1.8046,-0.0186,3.5201
-2.4156,1.0209,-1.224,0.568,1.2862
-1.224,0.568,1.8046,-0.0186,3.1304
-2.4156,1.0209,-1.124,0.5659,1.3862
-1.124,0.5659,1.8046,-0.0186,3.0304
-2.4156,1.0209,-0.782,0.5652,1.7282
-0.782,0.5652,1.8046,-0.0186,2.6884
-2.4156,1.0209,-0.5098,0.5634,2.0004
-0.5098,0.5634,1.8046,-0.0186,2.4161
-2.4156,1.0209,-0.212,0.544,2.2988
-0.212,0.544,1.8046,-0.0186,2.1177
-2.4156,1.0209,-0.1521,0.5243,2.3619
-0.1521,0.5243,1.8046,-0.0186,2.0547
-2.4156,1.0209,0.138,0.5075,2.6526
0.138,0.5075,1.8046,-0.0186,1.764
-2.4156,1.0209,0.4668,0.4966,2.9815
0.4668,0.4966,1.8046,-0.0186,1.4351
-2.4156,1.0209,0.7419,0.3697,3.2845
0.7419,0.3697,1.8046,-0.0186,1.1321
-2.4156,1.0209,0.9773,0.2833,3.5352
0.9773,0.2833,1.8046,-0.0186,0.8814
-2.4156,1.0209,1.2752,0.1882,3.848
1.2752,0.1882,1.8046,-0.0186,0.5686
-2.4156,1.0209,1.5282,0.0994,4.1161
1.5282,0.0994,1.8046,-0.0186,0.3005
-2.4156,1.0209,1.8046,-0.0186,4.4166
1.8046,-0.0186,1.8046,-0.0186,0.0
1.3593,-1.7774,1.3593,-1.7774,0.0
1.3593,-1.7774,-1.4768,-2.0451,2.8526
1.3593,-1.7774,1.0829,-1.7841,0.2764
1.0829,-1.7841,-1.4768,-2.0451,2.5762
1.3593,-1.7774,0.6491,-1.8218,0.7119
0.6491,-1.8218,-1.4768,-2.0451,2.1407
1.3593,-1.7774,0.2334,-1.8406,1.128
0.2334,-1.8406,-1.4768,-2.0451,1.7246
1.3593,-1.7774,-0.2248,-1.8621,1.5867
-0.2248,-1.8621,-1.4768,-2.0451,1.2659
1.3593,-1.7774,-0.6698,-1.9414,2.0387
-0.6698,-1.9414,-1.4768,-2.0451,0.8139
1.3593,-1.7774,-1.0808,-1.984,2.4519
-1.0808,-1.984,-1.4768,-2.0451,0.4007
1.3593,-1.7774,-1.4768,-2.0451,2.8526
-1.4768,-2.0451,-1.4768,-2.0451,0.0
1.187,2.3856,1.187,2.3856,0.0
1.187,2.3856,2.6761,-2.3129,4.938
1.187,2.3856,1.3503,1.9722,0.4445
1.3503,1.9722,2.6761,-2.3129,4.4935
1.187,2.3856,1.441,1.6901,0.7407
1.441,1.6901,2.6761,-2.3129,4.1973
1.187,2.3856,1.5339,1.3964,1.0488
1.5339,1.3964,2.6761,-2.3129,3.8892
1.187,2.3856,1.6129,1.148,1.3095
1.6129,1.148,2.6761,-2.3129,3.6285
1.187,2.3856,1.6912,0.9261,1.5448
1.6912,0.9261,2.6761,-2.3129,3.3933
1.187,2.3856,1.774,0.6754,1.8088
1.774,0.6754,2.6761,-2.3129,3.1292
1.187,2.3856,1.9267,0.2921,2.2214
1.9267,0.2921,2.6761,-2.3129,2.7166
1.187,2.3856,1.9825,0.009,2.5099
1.9825,0.009,2.6761,-2.3129,2.4281
1.187,2.3856,2.0627,-0.2878,2.8174
2.0627,-0.2878,2.6761,-2.3129,2.1206
1.187,2.3856,2.1209,-0.5645,3.1002
2.1209,-0.5645,2.6761,-2.3129,1.8378
1.187,2.3856,2.1954,-0.8425,3.388
2.1954,-0.8425,2.6761,-2.3129,1.55
1.187,2.3856,2.3121,-1.2304,3.793
2.3121,-1.2304,2.6761,-2.3129,1.145
1.187,2.3856,2.4279,-1.5552,4.1379
2.4279,-1.5552,2.6761,-2.3129,0.8001
1.187,2.3856,2.554,-1.8759,4.4825
2.554,-1.8759,2.6761,-2.3129,0.4556
1.187,2.3856,2.6193,-2.0368,4.6561
2.6193,-2.0368,2.6761,-2.3129,0.2819
1.187,2.3856,2.6761,-2.3129,4.938
2.6761,-2.3129,2.6761,-2.3129,0.0
2.4904,-2.1584,2.4904,-2.1584,0.0
2.4904,-2.1584,0.1588,-1.8209,2.3622
2.4904,-2.1584,2.2298,-2.1256,0.2627
2.2298,-2.1256,0.1588,-1.8209,2.0995
2.4904,-2.1584,1.843,-2.0666,0.654
1.843,-2.0666,0.1588,-1.8209,1.7082
2.4904,-2.1584,1.5619,-2.0261,0.9379
1.5619,-2.0261,0.1588,-1.8209,1.4242
2.4904,-2.1584,1.2596,-1.9803,1.2437
1.2596,-1.9803,0.1588,-1.8209,1.1185
2.4904,-2.1584,0.9701,-1.9364,1.5365
0.9701,-1.9364,0.1588,-1.8209,0.8257
2.4904,-2.1584,0.7731,-1.9311,1.7336
0.7731,-1.9311,0.1588,-1.8209,0.6286
2.4904,-2.1584,0.562,-1.876,1.9518
0.562,-1.876,0.1588,-1.8209,0.4104
2.4904,-2.1584,0.4604,-1.8386,2.06
0.4604,-1.8386,0.1588,-1.8209,0.3021
2.4904,-2.1584,0.1588,-1.8209,2.3622
0.1588,-1.8209,0.1588,-1.8209,0.0
0.8416,-2.9243,0.8416,-2.9243,0.0
0.8416,-2.9243,1.562,1.8102,4.816
0.8416,-2.9243,0.9465,-2.4914,0.4454
0.9465,-2.4914,1.562,1.8102,4.3706
0.8416,-2.9243,0.988,-2.182,0.7575
0.988,-2.182,1.562,1.8102,4.0585
0.8416,-2.9243,1.0258,-1.9108,1.0314
1.0258,-1.9108,1.562,1.8102,3.7846
0.8416,-2.9243,1.1475,-1.5075,1.4527
1.1475,-1.5075,1.562,1.8102,3.3634
0.8416,-2.9243,1.1911,-1.3314,1.6341
1.1911,-1.3314,1.562,1.8102,3.182
0.8416,-2.9243,1.295,-0.9493,2.0301
1.295,-0.9493,1.562,1.8102,2.786
0.8416,-2.9243,1.3566,-0.6284,2.3568
1.3566,-0.6284,1.562,1.8102,2.4592
0.8416,-2.9243,1.3949,-0.321,2.6666
1.3949,-0.321,1.562,1.8102,2.1494
0.8416,-2.9243,1.411,-0.1318,2.8564
1.411,-0.1318,1.562,1.8102,1.9596
0.8416,-2.9243,1.3812,0.0565,3.0472
1.3812,0.0565,1.562,1.8102,1.7689
0.8416,-2.9243,1.4199,0.3497,3.3429
1.4199,0.3497,1.562,1.8102,1.4732
0.8416,-2.9243,1.4321,0.449,3.4429
1.4321,0.449,1.562,1.8102,1.3732
0.8416,-2.9243,1.445,0.7814,3.7756
1.445,0.7814,1.562,1.8102,1.0404
0.8416,-2.9243,1.4492,0.9563,3.9505
1.4492,0.9563,1.562,1.8102,0.8655
0.8416,-2.9243,1.5001,1.1635,4.1639
1.5001,1.1635,1.562,1.8102,0.6522
0.8416,-2.9243,1.5202,1.4571,4.4582
1.5202,1.4571,1.562,1.8102,0.3579
0.8416,-2.9243,1.568,1.7049,4.7105
1.568,1.7049,1.562,1.8102,0.1055
0.8416,-2.9243,1.562,1.8102,4.816
1.562,1.8102,1.562,1.8102,0.0
0.2202,-1.2549,0.2202,-1.2549,0.0
0.2202,-1.2549,-1.5326,2.7193,4.5411
0.2202,-1.2549,0.0276,-1.0226,0.3018
0.0276,-1.0226,-1.5326,2.7193,4.2394
0.2202,-1.2549,-0.2338,-0.7169,0.7039
-0.2338,-0.7169,-1.5326,2.7193,3.8372
0.2202,-1.2549,-0.2851,-0.6702,0.7734
-0.2851,-0.6702,-1.5326,2.7193,3.7678
0.2202,-1.2549,-0.4715,-0.4602,1.0541
-0.4715,-0.4602,-1.5326,2.7193,3.487
0.2202,-1.2549,-0.5012,-0.2517,1.2648
-0.5012,-0.2517,-1.5326,2.7193,3.2764
0.2202,-1.2549,-0.5194,0.0318,1.5489
-0.5194,0.0318,-1.5326,2.7193,2.9923
0.2202,-1.2549,-0.5305,0.0872,1.6054
-0.5305,0.0872,-1.5326,2.7193,2.9358
0.2202,-1.2549,-0.5527,0.5168,2.0355
-0.5527,0.5168,-1.5326,2.7193,2.5056
0.2202,-1.2549,-0.5627,0.7912,2.3101
-0.5627,0.7912,-1.5326,2.7193,2.231
0.2202,-1.2549,-0.5764,1.059,2.5782
-0.5764,1.059,-1.5326,2.7193,1.9629
0.2202,-1.2549,-0.6,1.4096,2.9296
-0.6,1.4096,-1.5326,2.7193,1.6115
0.2202,-1.2549,-0.7121,1.5912,3.1431
-0.7121,1.5912,-1.5326,2.7193,1.3981
0.2202,-1.2549,-0.7934,1.736,3.3091
-0.7934,1.736,-1.5326,2.7193,1.232
0.2202,-1.2549,-0.7987,1.7441,3.3188
-0.7987,1.7441,-1.5326,2.7193,1.2223
0.2202,-1.2549,-1.0543,2.0504,3.7177
-1.0543,2.0504,-1.5326,2.7193,0.8234
0.2202,-1.2549,-1.1991,2.2256,3.945
-1.1991,2.2256,-1.5326,2.7193,0.5961
0.2202,-1.2549,-1.3484,2.4634,4.2258
-1.3484,2.4634,-1.5326,2.7193,0.3153
0.2202,-1.2549,-1.5326,2.7193,4.5411
-1.5326,2.7193,-1.5326,2.7193,0.0
-0.5198,-1.7591,-0.5198,-1.7591,0.0
-0.5198,-1.7591,-0.3073,1.6961,3.471
-0.5198,-1.7591,-0.5207,-1.608,0.151
-0.5207,-1.608,-0.3073,1.6961,3.3199
-0.5198,-1.7591,-0.5117,-1.275,0.4842
-0.5117,-1.275,-0.3073,1.6961,2.9868
-0.5198,-1.7591,-0.4931,-0.9836,0.7762
-0.4931,-0.9836,-0.3073,1.6961,2.6948
-0.5198,-1.7591,-0.4947,-0.5974,1.1624
-0.4947,-0.5974,-0.3073,1.6961,2.3086
-0.5198,-1.7591,-0.4917,-0.2646,1.4952
-0.4917,-0.2646,-0.3073,1.6961,1.9758
-0.5198,-1.7591,-0.5073,-0.0246,1.7357
-0.5073,-0.0246,-0.3073,1.6961,1.7353
-0.5198,-1.7591,-0.5065,0.2039,1.9643
-0.5065,0.2039,-0.3073,1.6961,1.5067
-0.5198,-1.7591,-0.4699,0.5149,2.2773
-0.4699,0.5149,-0.3073,1.6961,1.1937
-0.5198,-1.7591,-0.4665,0.5895,2.352
-0.4665,0.5895,-0.3073,1.6961,1.119
-0.5198,-1.7591,-0.406,0.8721,2.6411
-0.406,0.8721,-0.3073,1.6961,0.8299
-0.5198,-1.7591,-0.3594,1.2809,3.0525
-0.3594,1.2809,-0.3073,1.6961,0.4185
-0.5198,-1.7591,-0.3073,1.6961,3.471
-0.3073,1.6961,-0.3073,1.6961,0.0
-2.3464,-1.1648,-2.3464,-1.1648,0.0
-2.3464,-1.1648,-1.418,0.2764,1.7235
-2.3464,-1.1648,-2.149,-0.9493,0.2922
-2.149,-0.9493,-1.418,0.2764,1.4313
-2.3464,-1.1648,-1.9959,-0.7303,0.5594
-1.9959,-0.7303,-1.418,0.2764,1.1641
-2.3464,-1.1648,-1.8351,-0.5147,0.8284
-1.8351,-0.5147,-1.418,0.2764,0.895
-2.3464,-1.1648,-1.6412,-0.1857,1.2102
-1.6412,-0.1857,-1.418,0.2764,0.5132
-2.3464,-1.1648,-1.4653,0.1764,1.6128
-1.4653,0.1764,-1.418,0.2764,0.1107
-2.3464,-1.1648,-1.418,0.2764,1.7235
-1.418,0.2764,-1.418,0.2764,0.0
-1.9925,2.6911,-1.9925,2.6911,0.0
-1.9925,2.6911,1.8101,2.0894,3.8599
-1.9925,2.6911,-1.6145,2.5929,0.3906
-1.6145,2.5929,1.8101,2.0894,3.4694
-1.9925,2.6911,-1.2714,2.5079,0.744
-1.2714,2.5079,1.8101,2.0894,3.1159
-1.9925,2.6911,-0.9951,2.4642,1.0238
-0.9951,2.4642,1.8101,2.0894,2.8361
-1.9925,2.6911,-0.6497,2.4052,1.3741
-0.6497,2.4052,1.8101,2.0894,2.4858
-1.9925,2.6911,-0.3522,2.3452,1.6776
-0.3522,2.3452,1.8101,2.0894,2.1823
-1.9925,2.6911,-0.0683,2.2982,1.9654
-0.0683,2.2982,1.8101,2.0894,1.8945
-1.9925,2.6911,0.1663,2.2334,2.2088
0.1663,2.2334,1.8101,2.0894,1.6512
-1.9925,2.6911,0.5367,2.1889,2.5819
0.5367,2.1889,1.8101,2.0894,1.278
-1.9925,2.6911,0.8173,2.1707,2.8631
0.8173,2.1707,1.8101,2.0894,0.9968
-1.9925,2.6911,1.3081,2.1499,3.3543
1.3081,2.1499,1.8101,2.0894,0.5056
-1.9925,2.6911,1.3705,2.1421,3.4172
1.3705,2.1421,1.8101,2.0894,0.4427
-1.9925,2.6911,1.7052,2.1021,3.7543
1.7052,2.1021,1.8101,2.0894,0.1056
-1.9925,2.6911,1.8101,2.0894,3.8599
1.8101,2.0894,1.8101,2.0894,0.0
-0.2584,-1.8714,-0.2584,-1.8714,0.0
-0.2584,-1.8714,-1.554,1.5359,3.6872
-0.2584,-1.8714,-0.4147,-1.4802,0.4212
-0.4147,-1.4802,-1.554,1.5359,3.2659
-0.2584,-1.8714,-0.5676,-1.1243,0.8086
-0.5676,-1.1243,-1.554,1.5359,2.8785
-0.2584,-1.8714,-0.645,-0.9238,1.0236
-0.645,-0.9238,-1.554,1.5359,2.6636
-0.2584,-1.8714,-0.7938,-0.6364,1.3472
-0.7938,-0.6364,-1.554,1.5359,2.34
-0.2584,-1.8714,-0.8727,-0.458,1.5423
-0.8727,-0.458,-1.554,1.5359,2.1449
-0.2584,-1.8714,-1.0646,-0.0518,1.9915
-1.0646,-0.0518,-1.554,1.5359,1.6957
-0.2584,-1.8714,-1.2123,0.1994,2.2829
-1.2123,0.1994,-1.554,1.5359,1.4043
-0.2584,-1.8714,-1.4428,0.6038,2.7484
-1.4428,0.6038,-1.554,1.5359,0.9388
-0.2584,-1.8714,-1.4823,0.9867,3.1333
-1.4823,0.9867,-1.554,1.5359,0.5538
-0.2584,-1.8714,-1.5123,1.2002,3.3489
-1.5123,1.2002,-1.554,1.5359,0.3383
-0.2584,-1.8714,-1.554,1.5359,3.6872
-1.554,1.5359,-1.554,1.5359,0.0
-2.936,0.8955,-2.936,0.8955,0.0
-2.936,0.8955,-0.3987,-1.3134,3.3844
-2.936,0.8955,-2.609,0.6261,0.4237
-2.609,0.6261,-0.3987,-1.3134,2.9607
-2.936,0.8955,-2.2881,0.332,0.859
-2.2881,0.332,-0.3987,-1.3134,2.5254
-2.936,0.8955,-2.1003,0.1508,1.1199
-2.1003,0.1508,-0.3987,-1.3134,2.2645
-2.936,0.8955,-1.8873,-0.1089,1.4558
-1.8873,-0.1089,-0.3987,-1.3134,1.9286
-2.936,0.8955,-1.7299,-0.2973,1.7012
-1.7299,-0.2973,-0.3987,-1.3134,1.6831
-2.936,0.8955,-1.4115,-0.4952,2.0761
-1.4115,-0.4952,-0.3987,-1.3134,1.3082
-2.936,0.8955,-1.1672,-0.6822,2.3838
-1.1672,-0.6822,-0.3987,-1.3134,1.0005
-2.936,0.8955,-1.0159,-0.8052,2.5788
-1.0159,-0.8052,-0.3987,-1.3134,0.8056
-2.936,0.8955,-0.7731,-1.0084,2.8954
-0.7731,-1.0084,-0.3987,-1.3134,0.4889
-2.936,0.8955,-0.5672,-1.2241,3.1936
-0.5672,-1.2241,-0.3987,-1.3134,0.1908
-2.936,0.8955,-0.3987,-1.3134,3.3844
-0.3987,-1.3134,-0.3987,-1.3134,0.0
-2.5984,-1.1469,-2.5984,-1.1469,0.0
-2.5984,-1.1469,-2.5409,-2.5132,1.3687
-2.5984,-1.1469,-2.5574,-1.5278,0.3831
-2.5574,-1.5278,-2.5409,-2.5132,0.9857
-2.5984,-1.1469,-2.5446,-1.8628,0.7183
-2.5446,-1.8628,-2.5409,-2.5132,0.6504
-2.5984,-1.1469,-2.542,-2.1596,1.0151
-2.542,-2.1596,-2.5409,-2.5132,0.3536
-2.5984,-1.1469,-2.5409,-2.5132,1.3687
-2.5409,-2.5132,-2.5409,-2.5132,0.0
1.0789,0.1261,1.0789,0.1261,0.0
1.0789,0.1261,1.7879,1.1378,1.2356
1.0789,0.1261,1.302,0.4259,0.3737
1.302,0.4259,1.7879,1.1378,0.8619
1.0789,0.1261,1.4209,0.6038,0.5877
1.4209,0.6038,1.7879,1.1378,0.6479
1.0789,0.1261,1.5847,0.8372,0.8728
1.5847,0.8372,1.7879,1.1378,0.3628
1.0789,0.1261,1.7879,1.1378,1.2356
1.7879,1.1378,1.7879,1.1378,0.0
-1.577,-0.7603,-1.577,-0.7603,0.0
-1.577,-0.7603,-1.4701,0.1099,0.8773
-1.577,-0.7603,-1.5051,-0.3019,0.464
-1.5051,-0.3019,-1.4701,0.1099,0.4132
-1.577,-0.7603,-1.4701,0.1099,0.8773
-1.4701,0.1099,-1.4701,0.1099,0.0
-1.5715,-0.9056,-1.5715,-0.9056,0.0
-1.5715,-0.9056,-1.671,1.4505,2.3642
-1.5715,-0.9056,-1.5879,-0.5707,0.3353
-1.5879,-0.5707,-1.671,1.4505,2.0288
-1.5715,-0.9056,-1.6229,-0.1768,0.7308
-1.6229,-0.1768,-1.671,1.4505,1.6333
-1.5715,-0.9056,-1.6319,0.023,0.9308
-1.6319,0.023,-1.671,1.4505,1.4334
-1.5715,-0.9056,-1.6363,0.3034,1.2113
-1.6363,0.3034,-1.671,1.4505,1.1529
-1.5715,-0.9056,-1.6338,0.6194,1.5272
-1.6338,0.6194,-1.671,1.4505,0.8369
-1.5715,-0.9056,-1.6331,0.7599,1.6677
-1.6331,0.7599,-1.671,1.4505,0.6964
-1.5715,-0.9056,-1.6446,0.9655,1.8737
-1.6446,0.9655,-1.671,1.4505,0.4905
-1.5715,-0.9056,-1.6944,1.2719,2.1841
-1.6944,1.2719,-1.671,1.4505,0.1801
-1.5715,-0.9056,-1.671,1.4505,2.3642
-1.671,1.4505,-1.671,1.4505,0.0
-2.839,0.1379,-2.839,0.1379,0.0
-2.839,0.1379,1.492,-2.5492,5.113
-2.839,0.1379,-2.5705,-0.0486,0.3269
-2.5705,-0.0486,1.492,-2.5492,4.7861
-2.839,0.1379,-2.3346,-0.2398,0.6306
-2.3346,-0.2398,1.492,-2.5492,4.4824
-2.839,0.1379,-1.9375,-0.5219,1.1176
-1.9375,-0.5219,1.492,-2.5492,3.9954
-2.839,0.1379,-1.8458,-0.5867,1.2299
-1.8458,-0.5867,1.492,-2.5492,3.8831
-2.839,0.1379,-1.5093,-0.8604,1.6637
-1.5093,-0.8604,1.492,-2.5492,3.4493
-2.839,0.1379,-1.376,-0.936,1.8169
-1.376,-0.936,1.492,-2.5492,3.2961
-2.839,0.1379,-1.1081,-1.1084,2.1354
-1.1081,-1.1084,1.492,-2.5492,2.9776
-2.839,0.1379,-0.8273,-1.2386,2.445
-0.8273,-1.2386,1.492,-2.5492,2.668
-2.839,0.1379,-0.5927,-1.3427,2.7017
-0.5927,-1.3427,1.492,-2.5492,2.4113
-2.839,0.1379,-0.4372,-1.4404,2.8854
-0.4372,-1.4404,1.492,-2.5492,2.2276
-2.839,0.1379,-0.0174,-1.6361,3.3485
-0.0174,-1.6361,1.492,-2.5492,1.7645
-2.839,0.1379,0.1197,-1.7132,3.5059
0.1197,-1.7132,1.492,-2.5492,1.6071
-2.839,0.1379,0.3978,-1.8794,3.8298
0.3978,-1.8794,1.492,-2.5492,1.2832
-2.839,0.1379,0.6002,-1.9965,4.0636
0.6002,-1.9965,1.492,-2.5492,1.0494
-2.839,0.1379,0.8027,-2.115,4.2982
0.8027,-2.115,1.492,-2.5492,0.8147
-2.839,0.1379,1.0239,-2.2487,4.5567
1.0239,-2.2487,1.492,-2.5492,0.5563
-2.839,0.1379,1.3164,-2.4331,4.9025
1.3164,-2.4331,1.492,-2.5492,0.2105
-2.839,0.1379,1.492,-2.5492,5.113
1.492,-2.5492,1.492,-2.5492,0.0
-0.0643,1.7025,-0.0643,1.7025,0.0
-0.0643,1.7025,1.3067,-0.6663,2.7588
-0.0643,1.7025,-0.0311,1.6081,0.1
-0.0311,1.6081,1.3067,-0.6663,2.6588
-0.0643,1.7025,0.1215,1.2125,0.524
0.1215,1.2125,1.3067,-0.6663,2.2348
-0.0643,1.7025,0.1886,1.0413,0.7079
0.1886,1.0413,1.3067,-0.6663,2.0509
-0.0643,1.7025,0.3377,0.7473,1.0375
0.3377,0.7473,1.3067,-0.6663,1.7213
-0.0643,1.7025,0.5286,0.4488,1.3919
0.5286,0.4488,1.3067,-0.6663,1.3669
-0.0643,1.7025,0.5755,0.328,1.5215
0.5755,0.328,1.3067,-0.6663,1.2373
-0.0643,1.7025,0.736,0.0823,1.815
0.736,0.0823,1.3067,-0.6663,0.9438
-0.0643,1.7025,0.9415,-0.1387,2.1168
0.9415,-0.1387,1.3067,-0.6663,0.642
-0.0643,1.7025,1.0996,-0.3866,2.4108
1.0996,-0.3866,1.3067,-0.6663,0.348
-0.0643,1.7025,1.3067,-0.6663,2.7588
1.3067,-0.6663,1.3067,-0.6663,0.0
-2.5077,2.3534,-2.5077,2.3534,0.0
-2.5077,2.3534,0.1781,1.4941,2.8274
-2.5077,2.3534,-2.1795,2.2412,0.3468
-2.1795,2.2412,0.1781,1.4941,2.4805
-2.5077,2.3534,-1.9334,2.1399,0.6129
-1.9334,2.1399,0.1781,1.4941,2.2144
-2.5077,2.3534,-1.7034,2.0477,0.8608
-1.7034,2.0477,0.1781,1.4941,1.9666
-2.5077,2.3534,-1.382,1.9182,1.2073
-1.382,1.9182,0.1781,1.4941,1.6201
-2.5077,2.3534,-1.2906,1.8883,1.3035
-1.2906,1.8883,0.1781,1.4941,1.5239
-2.5077,2.3534,-1.0609,1.8352,1.5392
-1.0609,1.8352,0.1781,1.4941,1.2882
-2.5077,2.3534,-0.842,1.76,1.7707
-0.842,1.76,0.1781,1.4941,1.0567
-2.5077,2.3534,-0.6371,1.6976,1.9848
-0.6371,1.6976,0.1781,1.4941,0.8425
-2.5077,2.3534,-0.3443,1.6218,2.2873
-0.3443,1.6218,0.1781,1.4941,0.5401
-2.5077,2.3534,-0.0256,1.5192,2.6221
-0.0256,1.5192,0.1781,1.4941,0.2053
-2.5077,2.3534,0.1781,1.4941,2.8274
0.1781,1.4941,0.1781,1.4941,0.0
-2.3756,-0.4205,-2.3756,-0.4205,0.0
-2.3756,-0.4205,1.369,2.6011,4.894
-2.3756,-0.4205,-1.9653,-0.1853,0.4729
-1.9653,-0.1853,1.369,2.6011,4.4211
-2.3756,-0.4205,-1.8728,-0.134,0.5786
-1.8728,-0.134,1.369,2.6011,4.3153
-2.3756,-0.4205,-1.4943,0.0649,1.0063
-1.4943,0.0649,1.369,2.6011,3.8877
-2.3756,-0.4205,-1.2882,0.1734,1.2392
-1.2882,0.1734,1.369,2.6011,3.6548
-2.3756,-0.4205,-1.0789,0.2854,1.4766
-1.0789,0.2854,1.369,2.6011,3.4173
-2.3756,-0.4205,-0.9223,0.3613,1.6506
-0.9223,0.3613,1.369,2.6011,3.2434
-2.3756,-0.4205,-0.7461,0.4479,1.8469
-0.7461,0.4479,1.369,2.6011,3.047
-2.3756,-0.4205,-0.4918,0.6881,2.1967
-0.4918,0.6881,1.369,2.6011,2.6973
-2.3756,-0.4205,-0.2372,0.9355,2.5517
-0.2372,0.9355,1.369,2.6011,2.3423
-2.3756,-0.4205,0.008,1.1233,2.8606
0.008,1.1233,1.369,2.6011,2.0334
-2.3756,-0.4205,0.067,1.2237,2.9771
0.067,1.2237,1.369,2.6011,1.9169
-2.3756,-0.4205,0.1651,1.2911,3.096
0.1651,1.2911,1.369,2.6011,1.7979
-2.3756,-0.4205,0.5218,1.597,3.566
0.5218,1.597,1.369,2.6011,1.328
-2.3756,-0.4205,0.7129,1.7837,3.8331
0.7129,1.7837,1.369,2.6011,1.0608
-2.3756,-0.4205,0.9588,1.9779,4.1464
0.9588,1.9779,1.369,2.6011,0.7476
-2.3756,-0.4205,1.0914,2.1864,4.3936
1.0914,2.1864,1.369,2.6011,0.5004
-2.3756,-0.4205,1.2537,2.3962,4.6587
1.2537,2.3962,1.369,2.6011,0.2352
-2.3756,-0.4205,1.369,2.6011,4.894
1.369,2.6011,1.369,2.6011,0.0
1.5213,-0.6407,1.5213,-0.6407,0.0
1.5213,-0.6407,0.5874,2.9932,3.8381
1.5213,-0.6407,1.5351,-0.3527,0.2883
1.5351,-0.3527,0.5874,2.9932,3.5497
1.5213,-0.6407,1.5439,0.1002,0.7413
1.5439,0.1002,0.5874,2.9932,3.0967
1.5213,-0.6407,1.5354,0.5372,1.1784
1.5354,0.5372,0.5874,2.9932,2.6597
1.5213,-0.6407,1.5315,0.6355,1.2768
1.5315,0.6355,0.5874,2.9932,2.5612
1.5213,-0.6407,1.4976,0.9174,1.5608
1.4976,0.9174,0.5874,2.9932,2.2773
1.5213,-0.6407,1.4512,1.1682,1.8158
1.4512,1.1682,0.5874,2.9932,2.0222
1.5213,-0.6407,1.2867,1.5161,2.2006
1.2867,1.5161,0.5874,2.9932,1.6374
1.5213,-0.6407,1.217,1.6876,2.3857
1.217,1.6876,0.5874,2.9932,1.4523
1.5213,-0.6407,1.0904,2.0188,2.7403
1.0904,2.0188,0.5874,2.9932,1.0978
1.5213,-0.6407,0.9297,2.3826,3.138
0.9297,2.3826,0.5874,2.9932,0.7
1.5213,-0.6407,0.7535,2.7081,3.5082
0.7535,2.7081,0.5874,2.9932,0.3299
1.5213,-0.6407,0.5874,2.9932,3.8381
0.5874,2.9932,0.5874,2.9932,0.0
-1.7563,1.3408,-1.7563,1.3408,0.0
-1.7563,1.3408,-1.4107,0.1877,1.204
-1.7563,1.3408,-1.6693,1.0693,0.2852
-1.6693,1.0693,-1.4107,0.1877,0.9189
-1.7563,1.3408,-1.5438,0.6636,0.7098
-1.5438,0.6636,-1.4107,0.1877,0.4942
-1.7563,1.3408,-1.4107,0.1877,1.204
-1.4107,0.1877,-1.4107,0.1877,0.0
2.3088,-0.1009,2.3088,-0.1009,0.0
2.3088,-0.1009,0.39,-1.5118,2.3838
2.3088,-0.1009,1.9466,-0.3807,0.4577
1.9466,-0.3807,0.39,-1.5118,1.9262
2.3088,-0.1009,1.6878,-0.5414,0.7623
1.6878,-0.5414,0.39,-1.5118,1.6215
2.3088,-0.1009,1.4259,-0.7409,1.0915
1.4259,-0.7409,0.39,-1.5118,1.2923
2.3088,-0.1009,1.2256,-0.8708,1.3303
1.2256,-0.8708,0.39,-1.5118,1.0536
2.3088,-0.1009,0.9322,-1.0783,1.6896
0.9322,-1.0783,0.39,-1.5118,0.6942
2.3088,-0.1009,0.6761,-1.2816,2.0166
0.6761,-1.2816,0.39,-1.5118,0.3672
2.3088,-0.1009,0.39,-1.5118,2.3838
0.39,-1.5118,0.39,-1.5118,0.0
2.5325,-1.2881,2.5325,-1.2881,0.0
2.5325,-1.2881,1.0164,1.5266,3.3076
2.5325,-1.2881,2.4128,-0.8112,0.4916
2.4128,-0.8112,1.0164,1.5266,2.816
2.5325,-1.2881,2.2975,-0.4876,0.8352
2.2975,-0.4876,1.0164,1.5266,2.4724
2.5325,-1.2881,2.2269,-0.3146,1.022
2.2269,-0.3146,1.0164,1.5266,2.2856
2.5325,-1.2881,2.1085,-0.0159,1.3433
2.1085,-0.0159,1.0164,1.5266,1.9643
2.5325,-1.2881,2.0052,0.1867,1.5707
2.0052,0.1867,1.0164,1.5266,1.7369
2.5325,-1.2881,1.9476,0.3011,1.6988
1.9476,0.3011,1.0164,1.5266,1.6088
2.5325,-1.2881,1.7624,0.5317,1.9946
1.7624,0.5317,1.0164,1.5266,1.3131
2.5325,-1.2881,1.6555,0.7885,2.2728
1.6555,0.7885,1.0164,1.5266,1.0349
2.5325,-1.2881,1.5329,1.0087,2.5248
1.5329,1.0087,1.0164,1.5266,0.7828
2.5325,-1.2881,1.373,1.3114,2.8671
1.373,1.3114,1.0164,1.5266,0.4405
2.5325,-1.2881,1.3309,1.4012,2.9663
1.3309,1.4012,1.0164,1.5266,0.3413
2.5325,-1.2881,1.0528,1.5262,3.2712
1.0528,1.5262,1.0164,1.5266,0.0364
2.5325,-1.2881,1.0164,1.5266,3.3076
1.0164,1.5266,1.0164,1.5266,0.0
0.675,1.7424,0.675,1.7424,0.0
0.675,1.7424,-1.1152,-0.3234,2.7384
0.675,1.7424,0.3908,1.3943,0.4494
0.3908,1.3943,-1.1152,-0.3234,2.289
0.675,1.7424,0.142,1.0851,0.8462
0.142,1.0851,-1.1152,-0.3234,1.8922
0.675,1.7424,-0.1505,0.8268,1.2365
-0.1505,0.8268,-1.1152,-0.3234,1.5019
0.675,1.7424,-0.1576,0.8214,1.2454
-0.1576,0.8214,-1.1152,-0.3234,1.493
0.675,1.7424,-0.3401,0.5874,1.5422
-0.3401,0.5874,-1.1152,-0.3234,1.1962
0.675,1.7424,-0.5063,0.3964,1.7953
-0.5063,0.3964,-1.1152,-0.3234,0.9431
0.675,1.7424,-0.6731,0.2074,2.0474
-0.6731,0.2074,-1.1152,-0.3234,0.691
0.675,1.7424,-0.9513,-0.1155,2.4736
-0.9513,-0.1155,-1.1152,-0.3234,0.2648
0.675,1.7424,-1.1152,-0.3234,2.7384
-1.1152,-0.3234,-1.1152,-0.3234,0.0
1.7474,-2.7171,1.7474,-2.7171,0.0
1.7474,-2.7171,-1.5821,-1.5339,3.5401
1.7474,-2.7171,1.3212,-2.5829,0.4468
1.3212,-2.5829,-1.5821,-1.5339,3.0932
1.7474,-2.7171,0.9531,-2.4355,0.8433
0.9531,-2.4355,-1.5821,-1.5339,2.6967
1.7474,-2.7171,0.6934,-2.3227,1.1264
0.6934,-2.3227,-1.5821,-1.5339,2.4137
1.7474,-2.7171,0.3844,-2.1803,1.4667
0.3844,-2.1803,-1.5821,-1.5339,2.0734
1.7474,-2.7171,-0.0017,-2.0517,1.8737
-0.0017,-2.0517,-1.5821,-1.5339,1.6664
1.7474,-2.7171,-0.3604,-1.9397,2.2494
-0.3604,-1.9397,-1.5821,-1.5339,1.2907
1.7474,-2.7171,-0.6304,-1.8795,2.526
-0.6304,-1.8795,-1.5821,-1.5339,1.0141
1.7474,-2.7171,-0.9274,-1.7982,2.8339
-0.9274,-1.7982,-1.5821,-1.5339,0.7062
1.7474,-2.7171,-1.1828,-1.6906,3.1111
-1.1828,-1.6906,-1.5821,-1.5339,0.429
1.7474,-2.7171,-1.5821,-1.5339,3.5401
-1.5821,-1.5339,-1.5821,-1.5339,0.0
-0.2718,2.7914,-0.2718,2.7914,0.0
-0.2718,2.7914,1.2815,2.4438,1.5934
-0.2718,2.7914,-0.0832,2.7289,0.1986
-0.0832,2.7289,1.2815,2.4438,1.3948
-0.2718,2.7914,0.1699,2.664,0.46
0.1699,2.664,1.2815,2.4438,1.1335
-0.2718,2.7914,0.3376,2.6275,0.6316
0.3376,2.6275,1.2815,2.4438,0.9618
-0.2718,2.7914,0.8192,2.523,1.1244
0.8192,2.523,1.2815,2.4438,0.4691
-0.2718,2.7914,1.2815,2.4438,1.5934
1.2815,2.4438,1.2815,2.4438,0.0
-0.9831,-1.8228,-0.9831,-1.8228,0.0
-0.9831,-1.8228,-0.5383,1.0525,2.9138
-0.9831,-1.8228,-0.9215,-1.4583,0.3697
-0.9215,-1.4583,-0.5383,1.0525,2.5441
-0.9831,-1.8228,-0.8951,-1.2776,0.5523
-0.8951,-1.2776,-0.5383,1.0525,2.3615
-0.9831,-1.8228,-0.8058,-0.8629,0.9765
-0.8058,-0.8629,-0.5383,1.0525,1.9373
-0.9831,-1.8228,-0.7909,-0.6307,1.2091
-0.7909,-0.6307,-0.5383,1.0525,1.7046
-0.9831,-1.8228,-0.7515,-0.3497,1.4929
-0.7515,-0.3497,-0.5383,1.0525,1.4208
-0.9831,-1.8228,-0.6673,0.1346,1.9845
-0.6673,0.1346,-0.5383,1.0525,0.9293
-0.9831,-1.8228,-0.6052,0.4868,2.3421
-0.6052,0.4868,-0.5383,1.0525,0.5716
-0.9831,-1.8228,-0.606,0.5069,2.3622
-0.606,0.5069,-0.5383,1.0525,0.5515
-0.9831,-1.8228,-0.5517,0.7655,2.6265
-0.5517,0.7655,-0.5383,1.0525,0.2873
-0.9831,-1.8228,-0.5383,1.0525,2.9138
-0.5383,1.0525,-0.5383,1.0525,0.0
-0.8634,1.5432,-0.8634,1.5432,0.0
-0.8634,1.5432,-1.1829,-1.0252,2.9027
-0.8634,1.5432,-0.5784,1.4419,0.3025
-0.5784,1.4419,-1.1829,-1.0252,2.6003
-0.8634,1.5432,-0.4983,1.2154,0.5427
-0.4983,1.2154,-1.1829,-1.0252,2.3601
-0.8634,1.5432,-0.5526,0.8384,0.9236
-0.5526,0.8384,-1.1829,-1.0252,1.9791
-0.8634,1.5432,-0.5842,0.5014,1.2621
-0.5842,0.5014,-1.1829,-1.0252,1.6407
-0.8634,1.5432,-0.6817,0.1991,1.5798
-0.6817,0.1991,-1.1829,-1.0252,1.323
-0.8634,1.5432,-0.8598,-0.2181,2.0333
-0.8598,-0.2181,-1.1829,-1.0252,0.8694
-0.8634,1.5432,-1.0134,-0.6034,2.4481
-1.0134,-0.6034,-1.1829,-1.0252,0.4546
-0.8634,1.5432,-1.1829,-1.0252,2.9027
-1.1829,-1.0252,-1.1829,-1.0252,0.0
0.8337,0.1679,0.8337,0.1679,0.0
0.8337,0.1679,1.1113,-1.416,1.611
0.8337,0.1679,0.8558,-0.1425,0.3111
0.8558,-0.1425,1.1113,-1.416,1.2998
0.8337,0.1679,0.9084,-0.3839,0.5582
0.9084,-0.3839,1.1113,-1.416,1.0528
0.8337,0.1679,0.9808,-0.8572,1.0371
0.9808,-0.8572,1.1113,-1.416,0.5739
0.8337,0.1679,1.0374,-1.1243,1.3101
1.0374,-1.1243,1.1113,-1.416,0.3009
0.8337,0.1679,1.1113,-1.416,1.611
1.1113,-1.416,1.1113,-1.416,0.0
1.5215,-0.6262,1.5215,-0.6262,0.0
1.5215,-0.6262,1.9732,-1.7126,1.1876
1.5215,-0.6262,1.6064,-0.873,0.261
1.6064,-0.873,1.9732,-1.7126,0.9266
1.5215,-0.6262,1.6935,-1.0534,0.4614
1.6935,-1.0534,1.9732,-1.7126,0.7262
1.5215,-0.6262,1.7266,-1.2611,0.6717
1.7266,-1.2611,1.9732,-1.7126,0.5159
1.5215,-0.6262,1.849,-1.5249,0.9625
1.849,-1.5249,1.9732,-1.7126,0.2251
1.5215,-0.6262,1.9732,-1.7126,1.1876
1.9732,-1.7126,1.9732,-1.7126,0.0
1.3193,-1.8118,1.3193,-1.8118,0.0
1.3193,-1.8118,-2.318,2.4747,5.7737
1.3193,-1.8118,1.0979,-1.6808,0.2573
1.0979,-1.6808,-2.318,2.4747,5.5164
1.3193,-1.8118,0.7891,-1.4781,0.6267
0.7891,-1.4781,-2.318,2.4747,5.147
1.3193,-1.8118,0.4707,-1.2582,1.0137
0.4707,-1.2582,-2.318,2.4747,4.76
1.3193,-1.8118,0.228,-1.1172,1.2943
0.228,-1.1172,-2.318,2.4747,4.4794
1.3193,-1.8118,0.0565,-1.0232,1.4898
0.0565,-1.0232,-2.318,2.4747,4.2839
1.3193,-1.8118,-0.1684,-0.8379,1.7813
-0.1684,-0.8379,-2.318,2.4747,3.9924
1.3193,-1.8118,-0.394,-0.5876,2.1182
-0.394,-0.5876,-2.318,2.4747,3.6554
1.3193,-1.8118,-0.5498,-0.4067,2.357
-0.5498,-0.4067,-2.318,2.4747,3.4167
1.3193,-1.8118,-0.7528,-0.188,2.6554
-0.7528,-0.188,-2.318,2.4747,3.1183
1.3193,-1.8118,-0.8254,-0.125,2.7515
-0.8254,-0.125,-2.318,2.4747,3.0222
1.3193,-1.8118,-0.9477,-0.002,2.9249
-0.9477,-0.002,-2.318,2.4747,2.8488
1.3193,-1.8118,-1.2134,0.3172,3.3403
-1.2134,0.3172,-2.318,2.4747,2.4334
1.3193,-1.8118,-1.3774,0.5626,3.6354
-1.3774,0.5626,-2.318,2.4747,2.1383
1.3193,-1.8118,-1.5725,0.8607,3.9917
-1.5725,0.8607,-2.318,2.4747,1.782
1.3193,-1.8118,-1.6636,1.0996,4.2473
-1.6636,1.0996,-2.318,2.4747,1.5263
1.3193,-1.8118,-1.8107,1.4442,4.6221
-1.8107,1.4442,-2.318,2.4747,1.1516
1.3193,-1.8118,-1.9723,1.7578,4.9749
-1.9723,1.7578,-2.318,2.4747,0.7988
1.3193,-1.8118,-2.0693,1.9021,5.1487
-2.0693,1.9021,-2.318,2.4747,0.625
1.3193,-1.8118,-2.224,2.2908,5.5671
-2.224,2.2908,-2.318,2.4747,0.2066
1.3193,-1.8118,-2.318,2.4747,5.7737
-2.318,2.4747,-2.318,2.4747,0.0
-0.8077,-0.3113,-0.8077,-0.3113,0.0
-0.8077,-0.3113,-2.9376,-0.3838,2.1352
-0.8077,-0.3113,-1.1942,-0.2743,0.3883
-1.1942,-0.2743,-2.9376,-0.3838,1.7469
-0.8077,-0.3113,-1.3567,-0.285,0.5512
-1.3567,-0.285,-2.9376,-0.3838,1.5841
-0.8077,-0.3113,-1.7169,-0.308,0.9121
-1.7169,-0.308,-2.9376,-0.3838,1.2231
-0.8077,-0.3113,-2.1691,-0.3311,1.3648
-2.1691,-0.3311,-2.9376,-0.3838,0.7704
-0.8077,-0.3113,-2.5198,-0.356,1.7165
-2.5198,-0.356,-2.9376,-0.3838,0.4187
-0.8077,-0.3113,-2.9376,-0.3838,2.1352
-2.9376,-0.3838,-2.9376,-0.3838,0.0
0.3433,1.4281,0.3433,1.4281,0.0
0.3433,1.4281,-1.7317,2.6955,2.433
0.3433,1.4281,0.1046,1.5826,0.2843
0.1046,1.5826,-1.7317,2.6955,2.1487
0.3433,1.4281,-0.222,1.8004,0.6768
-0.222,1.8004,-1.7317,2.6955,1.7562
0.3433,1.4281,-0.3898,1.9128,0.8788
-0.3898,1.9128,-1.7317,2.6955,1.5542
0.3433,1.4281,-0.6912,2.0981,1.2327
-0.6912,2.0981,-1.7317,2.6955,1.2004
0.3433,1.4281,-1.0063,2.2771,1.5951
-1.0063,2.2771,-1.7317,2.6955,0.838
0.3433,1.4281,-1.2239,2.4097,1.8498
-1.2239,2.4097,-1.7317,2.6955,0.5832
0.3433,1.4281,-1.594,2.6302,2.2806
-1.594,2.6302,-1.7317,2.6955,0.1524
0.3433,1.4281,-1.7317,2.6955,2.433
-1.7317,2.6955,-1.7317,2.6955,0.0
-2.9438,0.1051,-2.9438,0.1051,0.0
-2.9438,0.1051,2.3077,-0.0601,5.3702
-2.9438,0.1051,-2.5385,0.1952,0.4152
-2.5385,0.1952,2.3077,-0.0601,4.955
-2.9438,0.1051,-2.2716,0.2269,0.684
-2.2716,0.2269,2.3077,-0.0601,4.6862
-2.9438,0.1051,-1.9616,0.2454,0.9946
-1.9616,0.2454,2.3077,-0.0601,4.3756
-2.9438,0.1051,-1.6348,0.2854,1.3238
-1.6348,0.2854,2.3077,-0.0601,4.0464
-2.9438,0.1051,-1.4436,0.3242,1.5189
-1.4436,0.3242,2.3077,-0.0601,3.8512
-2.9438,0.1051,-1.2037,0.4003,1.7706
-1.2037,0.4003,2.3077,-0.0601,3.5996
-2.9438,0.1051,-0.867,0.4353,2.109
-0.867,0.4353,2.3077,-0.0601,3.2611
-2.9438,0.1051,-0.7888,0.4529,2.1892
-0.7888,0.4529,2.3077,-0.0601,3.1809
-2.9438,0.1051,-0.3564,0.4948,2.6236
-0.3564,0.4948,2.3077,-0.0601,2.7465
-2.9438,0.1051,0.0344,0.5359,3.0166
0.0344,0.5359,2.3077,-0.0601,2.3535
-2.9438,0.1051,0.2733,0.4828,3.2613
0.2733,0.4828,2.3077,-0.0601,2.1088
-2.9438,0.1051,0.6731,0.4218,3.6657
0.6731,0.4218,2.3077,-0.0601,1.7044
-2.9438,0.1051,0.889,0.3577,3.891
0.889,0.3577,2.3077,-0.0601,1.4792
-2.9438,0.1051,1.2629,0.242,4.2823
1.2629,0.242,2.3077,-0.0601,1.0878
-2.9438,0.1051,1.5963,0.1546,4.627
1.5963,0.1546,2.3077,-0.0601,0.7432
-2.9438,0.1051,1.8894,0.0705,4.9319
1.8894,0.0705,2.3077,-0.0601,0.4382
-2.9438,0.1051,2.2284,-0.0362,5.2874
2.2284,-0.0362,2.3077,-0.0601,0.0827
-2.9438,0.1051,2.3077,-0.0601,5.3702
2.3077,-0.0601,2.3077,-0.0601,0.0
-0.802,0.4407,-0.802,0.4407,0.0
-0.802,0.4407,-1.6617,-0.0004,0.967
-0.802,0.4407,-1.1624,0.2743,0.397
-1.1624,0.2743,-1.6617,-0.0004,0.57
-0.802,0.4407,-1.3318,0.1733,0.5942
-1.3318,0.1733,-1.6617,-0.0004,0.3728
-0.802,0.4407,-1.6617,-0.0004,0.967
-1.6617,-0.0004,-1.6617,-0.0004,0.0
-2.5457,1.031,-2.5457,1.031,0.0
-2.5457,1.031,-0.558,1.661,2.099
-2.5457,1.031,-2.3387,1.1585,0.2431
-2.3387,1.1585,-0.558,1.661,1.8559
-2.5457,1.031,-2.0145,1.2809,0.5896
-2.0145,1.2809,-0.558,1.661,1.5094
-2.5457,1.031,-1.593,1.372,1.0209
-1.593,1.372,-0.558,1.661,1.0781
-2.5457,1.031,-1.1815,1.5184,1.4577
-1.1815,1.5184,-0.558,1.661,0.6413
-2.5457,1.031,-0.8014,1.5811,1.8429
-0.8014,1.5811,-0.558,1.661,0.2561
-2.5457,1.031,-0.558,1.661,2.099
-0.558,1.661,-0.558,1.661,0.0
-0.9949,-1.6283,-0.9949,-1.6283,0.0
-0.9949,-1.6283,-0.0373,-2.9284,1.6232
-0.9949,-1.6283,-0.7816,-1.8499,0.3076
-0.7816,-1.8499,-0.0373,-2.9284,1.3156
-0.9949,-1.6283,-0.6148,-2.0585,0.5747
-0.6148,-2.0585,-0.0373,-2.9284,1.0485
-0.9949,-1.6283,-0.4334,-2.2916,0.8701
-0.4334,-2.2916,-0.0373,-2.9284,0.7531
-0.9949,-1.6283,-0.1561,-2.6738,1.3422
-0.1561,-2.6738,-0.0373,-2.9284,0.281
-0.9949,-1.6283,-0.0373,-2.9284,1.6232
-0.0373,-2.9284,-0.0373,-2.9284,0.0
2.038,-0.904,2.038,-0.904,0.0
2.038,-0.904,2.552,-2.8219,1.9938
2.038,-0.904,2.1338,-1.0697,0.1914
2.1338,-1.0697,2.552,-2.8219,1.8024
2.038,-0.904,2.2407,-1.4787,0.6141
2.2407,-1.4787,2.552,-2.8219,1.3797
2.038,-0.904,2.3647,-1.9445,1.0962
2.3647,-1.9445,2.552,-2.8219,0.8976
2.038,-0.904,2.4482,-2.3007,1.4621
2.4482,-2.3007,2.552,-2.8219,0.5318
2.038,-0.904,2.5395,-2.7173,1.8885
2.5395,-2.7173,2.552,-2.8219,0.1053
2.038,-0.904,2.552,-2.8219,1.9938
2.552,-2.8219,2.552,-2.8219,0.0
2.7766,0.6385,2.7766,0.6385,0.0
2.7766,0.6385,2.3066,-2.8931,3.5719
2.7766,0.6385,2.7115,0.3632,0.2829
2.7115,0.3632,2.3066,-2.8931,3.289
2.7766,0.6385,2.621,-0.0026,0.6597
2.621,-0.0026,2.3066,-2.8931,2.9122
2.7766,0.6385,2.5489,-0.4231,1.0864
2.5489,-0.4231,2.3066,-2.8931,2.4855
2.7766,0.6385,2.5178,-0.806,1.4706
2.5178,-0.806,2.3066,-2.8931,2.1013
2.7766,0.6385,2.4899,-1.0467,1.7128
2.4899,-1.0467,2.3066,-2.8931,1.8591
2.7766,0.6385,2.4629,-1.3783,2.0456
2.4629,-1.3783,2.3066,-2.8931,1.5263
2.7766,0.6385,2.424,-1.6013,2.2719
2.424,-1.6013,2.3066,-2.8931,1.3
2.7766,0.6385,2.4095,-1.7281,2.3996
2.4095,-1.7281,2.3066,-2.8931,1.1723
2.7766,0.6385,2.376,-2.041,2.7142
2.376,-2.041,2.3066,-2.8931,0.8577
2.7766,0.6385,2.3449,-2.1943,2.8706
2.3449,-2.1943,2.3066,-2.8931,0.7013
2.7766,0.6385,2.3328,-2.2316,2.9099
2.3328,-2.2316,2.3066,-2.8931,0.662
2.7766,0.6385,2.3098,-2.7102,3.389
2.3098,-2.7102,2.3066,-2.8931,0.1829
2.7766,0.6385,2.3066,-2.8931,3.5719
2.3066,-2.8931,2.3066,-2.8931,0.0
0.0502,-2.5597,0.0502,-2.5597,0.0
0.0502,-2.5597,-2.9401,2.2454,5.6816
0.0502,-2.5597,-0.1262,-2.2589,0.3487
-0.1262,-2.2589,-2.9401,2.2454,5.3329
0.0502,-2.5597,-0.3486,-1.8897,0.7798
-0.3486,-1.8897,-2.9401,2.2454,4.9018
0.0502,-2.5597,-0.5215,-1.6091,1.1093
-0.5215,-1.6091,-2.9401,2.2454,4.5723
0.0502,-2.5597,-0.6716,-1.3757,1.3869
-0.6716,-1.3757,-2.9401,2.2454,4.2947
0.0502,-2.5597,-0.8293,-1.1425,1.6684
-0.8293,-1.1425,-2.9401,2.2454,4.0132
0.0502,-2.5597,-1.0433,-0.8889,2.0002
-1.0433,-0.8889,-2.9401,2.2454,3.6814
0.0502,-2.5597,-1.2312,-0.6315,2.3189
-1.2312,-0.6315,-2.9401,2.2454,3.3627
0.0502,-2.5597,-1.3562,-0.4113,2.5721
-1.3562,-0.4113,-2.9401,2.2454,3.1095
0.0502,-2.5597,-1.5387,-0.1601,2.8826
-1.5387,-0.1601,-2.9401,2.2454,2.799
0.0502,-2.5597,-1.6472,0.0634,3.131
-1.6472,0.0634,-2.9401,2.2454,2.5506
0.0502,-2.5597,-1.832,0.3043,3.4346
-1.832,0.3043,-2.9401,2.2454,2.247
0.0502,-2.5597,-1.9493,0.5618,3.7176
-1.9493,0.5618,-2.9401,2.2454,1.964
0.0502,-2.5597,-2.0439,0.7764,3.9522
-2.0439,0.7764,-2.9401,2.2454,1.7294
0.0502,-2.5597,-2.179,0.9982,4.2119
-2.179,0.9982,-2.9401,2.2454,1.4697
0.0502,-2.5597,-2.3258,1.1772,4.4433
-2.3258,1.1772,-2.9401,2.2454,1.2383
0.0502,-2.5597,-2.457,1.372,4.6782
-2.457,1.372,-2.9401,2.2454,1.0034
0.0502,-2.5597,-2.6414,1.6159,4.984
-2.6414,1.6159,-2.9401,2.2454,0.6976
0.0502,-2.5597,-2.8049,1.921,5.3301
-2.8049,1.921,-2.9401,2.2454,0.3515
0.0502,-2.5597,-2.9401,2.2454,5.6816
-2.9401,2.2454,-2.9401,2.2454,0.0
1.7696,1.4206,1.7696,1.4206,0.0
1.7696,1.4206,2.8371,-2.8347,4.3994
1.7696,1.4206,1.7991,1.1598,0.2624
1.7991,1.1598,2.8371,-2.8347,4.137
1.7696,1.4206,1.8557,0.8096,0.6172
1.8557,0.8096,2.8371,-2.8347,3.7822
1.7696,1.4206,1.9813,0.5032,0.9483
1.9813,0.5032,2.8371,-2.8347,3.4511
1.7696,1.4206,2.0621,0.1391,1.3212
2.0621,0.1391,2.8371,-2.8347,3.0782
1.7696,1.4206,2.1107,-0.0879,1.5534
2.1107,-0.0879,2.8371,-2.8347,2.846
1.7696,1.4206,2.1753,-0.3544,1.8276
2.1753,-0.3544,2.8371,-2.8347,2.5718
1.7696,1.4206,2.2091,-0.5274,2.0039
2.2091,-0.5274,2.8371,-2.8347,2.3955
1.7696,1.4206,2.2944,-0.8737,2.3606
2.2944,-0.8737,2.8371,-2.8347,2.0388
1.7696,1.4206,2.3527,-1.0559,2.5519
2.3527,-1.0559,2.8371,-2.8347,1.8475
1.7696,1.4206,2.4539,-1.3623,2.8746
2.4539,-1.3623,2.8371,-2.8347,1.5248
1.7696,1.4206,2.4911,-1.6238,3.1387
2.4911,-1.6238,2.8371,-2.8347,1.2608
1.7696,1.4206,2.5817,-2.0365,3.5612
2.5817,-2.0365,2.8371,-2.8347,0.8382
1.7696,1.4206,2.6781,-2.334,3.874
2.6781,-2.334,2.8371,-2.8347,0.5254
1.7696,1.4206,2.6941,-2.3724,3.9155
2.6941,-2.3724,2.8371,-2.8347,0.4839
1.7696,1.4206,2.8371,-2.8347,4.3994
2.8371,-2.8347,2.8371,-2.8347,0.0
-0.5312,2.0672,-0.5312,2.0672,0.0
-0.5312,2.0672,2.9272,-0.873,4.6011
-0.5312,2.0672,-0.3403,1.8211,0.3115
-0.3403,1.8211,2.9272,-0.873,4.2896
-0.5312,2.0672,-0.153,1.5993,0.6018
-0.153,1.5993,2.9272,-0.873,3.9993
-0.5312,2.0672,0.0522,1.3594,0.9175
0.0522,1.3594,2.9272,-0.873,3.6836
-0.5312,2.0672,0.2451,1.1357,1.2128
0.2451,1.1357,2.9272,-0.873,3.3883
-0.5312,2.0672,0.4217,0.9335,1.4814
0.4217,0.9335,2.9272,-0.873,3.1197
-0.5312,2.0672,0.5549,0.7053,1.7456
0.5549,0.7053,2.9272,-0.873,2.8555
-0.5312,2.0672,0.6564,0.6456,1.8633
0.6564,0.6456,2.9272,-0.873,2.7378
-0.5312,2.0672,0.7812,0.5764,2.006
0.7812,0.5764,2.9272,-0.873,2.5951
-0.5312,2.0672,1.0202,0.407,2.299
1.0202,0.407,2.9272,-0.873,2.3021
-0.5312,2.0672,1.2456,0.2693,2.5631
1.2456,0.2693,2.9272,-0.873,2.038
-0.5312,2.0672,1.5065,0.1015,2.8733
1.5065,0.1015,2.9272,-0.873,1.7278
-0.5312,2.0672,1.6504,0.0021,3.0482
1.6504,0.0021,2.9272,-0.873,1.5529
-0.5312,2.0672,1.7678,-0.1039,3.2064
1.7678,-0.1039,2.9272,-0.873,1.3947
-0.5312,2.0672,1.9724,-0.2216,3.4424
1.9724,-0.2216,2.9272,-0.873,1.1587
-0.5312,2.0672,2.1829,-0.3781,3.7047
2.1829,-0.3781,2.9272,-0.873,0.8964
-0.5312,2.0672,2.2758,-0.4289,3.8106
2.2758,-0.4289,2.9272,-0.873,0.7905
-0.5312,2.0672,2.5743,-0.6141,4.1619
2.5743,-0.6141,2.9272,-0.873,0.4392
-0.5312,2.0672,2.7704,-0.7353,4.3924
2.7704,-0.7353,2.9272,-0.873,0.2087
-0.5312,2.0672,2.9272,-0.873,4.6011
2.9272,-0.873,2.9272,-0.873,0.0
2.7364,2.4371,2.7364,2.4371,0.0
2.7364,2.4371,2.8729,-1.6046,4.0495
2.7364,2.4371,2.7551,2.275,0.1631
2.7551,2.275,2.8729,-1.6046,3.8863
2.7364,2.4371,2.7938,1.8736,0.5664
2.7938,1.8736,2.8729,-1.6046,3.4831
2.7364,2.4371,2.8178,1.5753,0.8657
2.8178,1.5753,2.8729,-1.6046,3.1838
2.7364,2.4371,2.8456,1.2405,1.2017
2.8456,1.2405,2.8729,-1.6046,2.8478
2.7364,2.4371,2.8551,1.0058,1.4365
2.8551,1.0058,2.8729,-1.6046,2.6129
2.7364,2.4371,2.88,0.7749,1.6688
2.88,0.7749,2.8729,-1.6046,2.3807
2.7364,2.4371,2.8907,0.5941,1.8499
2.8907,0.5941,2.8729,-1.6046,2.1995
2.7364,2.4371,2.8928,0.2989,2.1451
2.8928,0.2989,2.8729,-1.6046,1.9043
2.7364,2.4371,2.8895,-0.0115,2.4555
2.8895,-0.0115,2.8729,-1.6046,1.594
2.7364,2.4371,2.8809,-0.2717,2.7159
2.8809,-0.2717,2.8729,-1.6046,1.3336
2.7364,2.4371,2.8914,-0.7197,3.164
2.8914,-0.7197,2.8729,-1.6046,0.8855
2.7364,2.4371,2.8823,-0.8901,3.3346
2.8823,-0.8901,2.8729,-1.6046,0.7148
2.7364,2.4371,2.8679,-1.2706,3.7154
2.8679,-1.2706,2.8729,-1.6046,0.3341
2.7364,2.4371,2.8729,-1.6046,4.0495
2.8729,-1.6046,2.8729,-1.6046,0.0
-2.1125,-0.6552,-2.1125,-0.6552,0.0
-2.1125,-0.6552,0.0103,1.8645,3.3914
-2.1125,-0.6552,-1.7858,-0.4251,0.3996
-1.7858,-0.4251,0.0103,1.8645,2.9918
-2.1125,-0.6552,-1.4139,-0.1263,0.8766
-1.4139,-0.1263,0.0103,1.8645,2.5148
-2.1125,-0.6552,-1.1476,0.0981,1.2248
-1.1476,0.0981,0.0103,1.8645,2.1666
-2.1125,-0.6552,-0.9435,0.279,1.4976
-0.9435,0.279,0.0103,1.8645,1.8938
-2.1125,-0.6552,-0.6811,0.4376,1.8042
-0.6811,0.4376,0.0103,1.8645,1.5872
-2.1125,-0.6552,-0.5367,0.6837,2.0895
-0.5367,0.6837,0.0103,1.8645,1.3019
-2.1125,-0.6552,-0.3821,0.9931,2.4354
-0.3821,0.9931,0.0103,1.8645,0.956
-2.1125,-0.6552,-0.2356,1.3443,2.8159
-0.2356,1.3443,0.0103,1.8645,0.5755
-2.1125,-0.6552,-0.1769,1.4683,2.9531
-0.1769,1.4683,0.0103,1.8645,0.4383
-2.1125,-0.6552,-0.0283,1.7776,3.2963
-0.0283,1.7776,0.0103,1.8645,0.0951
-2.1125,-0.6552,0.0103,1.8645,3.3914
0.0103,1.8645,0.0103,1.8645,0.0
-2.4308,0.3458,-2.4308,0.3458,0.0
-2.4308,0.3458,2.3419,0.4876,4.792
-2.4308,0.3458,-2.2296,0.3548,0.2013
-2.2296,0.3548,2.3419,0.4876,4.5906
-2.4308,0.3458,-1.7627,0.4256,0.6737
-1.7627,0.4256,2.3419,0.4876,4.1183
-2.4308,0.3458,-1.615,0.4524,0.8237
-1.615,0.4524,2.3419,0.4876,3.9682
-2.4308,0.3458,-1.2499,0.4953,1.1914
-1.2499,0.4953,2.3419,0.4876,3.6006
-2.4308,0.3458,-0.8878,0.5222,1.5544
-0.8878,0.5222,2.3419,0.4876,3.2376
-2.4308,0.3458,-0.7121,0.5455,1.7317
-0.7121,0.5455,2.3419,0.4876,3.0603
-2.4308,0.3458,-0.3513,0.5287,2.0929
-0.3513,0.5287,2.3419,0.4876,2.6991
-2.4308,0.3458,0.0042,0.531,2.4484
0.0042,0.531,2.3419,0.4876,2.3436
-2.4308,0.3458,0.168,0.5291,2.6122
0.168,0.5291,2.3419,0.4876,2.1798
-2.4308,0.3458,0.6204,0.5199,3.0646
0.6204,0.5199,2.3419,0.4876,1.7274
-2.4308,0.3458,0.8641,0.5104,3.3085
0.8641,0.5104,2.3419,0.4876,1.4835
-2.4308,0.3458,1.2029,0.5144,3.6474
1.2029,0.5144,2.3419,0.4876,1.1446
-2.4308,0.3458,1.4083,0.5519,3.8562
1.4083,0.5519,2.3419,0.4876,0.9358
-2.4308,0.3458,1.775,0.5275,4.2237
1.775,0.5275,2.3419,0.4876,0.5683
-2.4308,0.3458,1.9591,0.5145,4.4083
1.9591,0.5145,2.3419,0.4876,0.3837
-2.4308,0.3458,2.1495,0.5032,4.599
2.1495,0.5032,2.3419,0.4876,0.193
-2.4308,0.3458,2.3419,0.4876,4.792
2.3419,0.4876,2.3419,0.4876,0.0
-1.3806,-1.0655,-1.3806,-1.0655,0.0
-1.3806,-1.0655,-0.0002,-1.7976,1.5752
-1.3806,-1.0655,-1.1734,-1.1479,0.223
-1.1734,-1.1479,-0.0002,-1.7976,1.3522
-1.3806,-1.0655,-0.757,-1.2978,0.6656
-0.757,-1.2978,-0.0002,-1.7976,0.9096
-1.3806,-1.0655,-0.6288,-1.4092,0.8354
-0.6288,-1.4092,-0.0002,-1.7976,0.7398
-1.3806,-1.0655,-0.3749,-1.5469,1.1242
-0.3749,-1.5469,-0.0002,-1.7976,0.451
-1.3806,-1.0655,-0.2232,-1.6555,1.3108
-0.2232,-1.6555,-0.0002,-1.7976,0.2644
-1.3806,-1.0655,-0.0002,-1.7976,1.5752
-0.0002,-1.7976,-0.0002,-1.7976,0.0
1.4358,0.8125,1.4358,0.8125,0.0
1.4358,0.8125,-0.059,-1.5073,2.7647
1.4358,0.8125,1.4054,0.7172,0.1
1.4054,0.7172,-0.059,-1.5073,2.6647
1.4358,0.8125,1.1902,0.4158,0.4703
1.1902,0.4158,-0.059,-1.5073,2.2944
1.4358,0.8125,0.9589,0.0991,0.8625
0.9589,0.0991,-0.059,-1.5073,1.9022
1.4358,0.8125,0.7076,-0.274,1.3124
0.7076,-0.274,-0.059,-1.5073,1.4523
1.4358,0.8125,0.5364,-0.5408,1.6294
0.5364,-0.5408,-0.059,-1.5073,1.1353
1.4358,0.8125,0.3057,-0.9103,2.065
0.3057,-0.9103,-0.059,-1.5073,0.6997
1.4358,0.8125,0.0996,-1.2351,2.4497
0.0996,-1.2351,-0.059,-1.5073,0.315
1.4358,0.8125,-0.059,-1.5073,2.7647
-0.059,-1.5073,-0.059,-1.5073,0.0
-2.2175,2.4972,-2.2175,2.4972,0.0
-2.2175,2.4972,0.5991,2.2781,2.8318
-2.2175,2.4972,-1.8484,2.4781,0.3696
-1.8484,2.4781,0.5991,2.2781,2.4621
-2.2175,2.4972,-1.3911,2.4771,0.8269
-1.3911,2.4771,0.5991,2.2781,2.0049
-2.2175,2.4972,-1.1143,2.4091,1.1119
-1.1143,2.4091,0.5991,2.2781,1.7199
-2.2175,2.4972,-0.6463,2.3717,1.5814
-0.6463,2.3717,0.5991,2.2781,1.2503
-2.2175,2.4972,-0.2071,2.337,2.022
-0.2071,2.337,0.5991,2.2781,0.8098
-2.2175,2.4972,0.1269,2.3175,2.3566
0.1269,2.3175,0.5991,2.2781,0.4752
-2.2175,2.4972,0.3603,2.3158,2.59
0.3603,2.3158,0.5991,2.2781,0.2418
-2.2175,2.4972,0.5991,2.2781,2.8318
0.5991,2.2781,0.5991,2.2781,0.0
-0.0381,-2.0277,-0.0381,-2.0277,0.0
-0.0381,-2.0277,-2.2677,-0.4718,2.7275
-0.0381,-2.0277,-0.4126,-1.8086,0.4338
-0.4126,-1.8086,-2.2677,-0.4718,2.2937
-0.0381,-2.0277,-0.6843,-1.6285,0.7599
-0.6843,-1.6285,-2.2677,-0.4718,1.9677
-0.0381,-2.0277,-0.907,-1.4814,1.0268
-0.907,-1.4814,-2.2677,-0.4718,1.7008
-0.0381,-2.0277,-1.2484,-1.2442,1.4425
-1.2484,-1.2442,-2.2677,-0.4718,1.2851
-0.0381,-2.0277,-1.4343,-1.0584,1.7053
-1.4343,-1.0584,-2.2677,-0.4718,1.0223
-0.0381,-2.0277,-1.7013,-0.879,2.0269
-1.7013,-0.879,-2.2677,-0.4718,0.7006
-0.0381,-2.0277,-1.8246,-0.7582,2.1996
-1.8246,-0.7582,-2.2677,-0.4718,0.5279
-0.0381,-2.0277,-2.2277,-0.4914,2.683
-2.2277,-0.4914,-2.2677,-0.4718,0.0446
-0.0381,-2.0277,-2.2677,-0.4718,2.7275
-2.2677,-0.4718,-2.2677,-0.4718,0.0
2.0609,-2.3144,2.0609,-2.3144,0.0
2.0609,-2.3144,-2.3763,-0.4478,4.8211
2.0609,-2.3144,1.6295,-2.1323,0.4683
1.6295,-2.1323,-2.3763,-0.4478,4.3528
2.0609,-2.3144,1.4817,-2.0557,0.6348
1.4817,-2.0557,-2.3763,-0.4478,4.1862
2.0609,-2.3144,1.1418,-1.8991,1.009
1.1418,-1.8991,-2.3763,-0.4478,3.812
2.0609,-2.3144,0.9899,-1.8292,1.1762
0.9899,-1.8292,-2.3763,-0.4478,3.6448
2.0609,-2.3144,0.6077,-1.6555,1.596
0.6077,-1.6555,-2.3763,-0.4478,3.225
2.0609,-2.3144,0.2642,-1.4665,1.9881
0.2642,-1.4665,-2.3763,-0.4478,2.833
2.0609,-2.3144,-0.0503,-1.3304,2.3307
-0.0503,-1.3304,-2.3763,-0.4478,2.4903
2.0609,-2.3144,-0.3724,-1.2019,2.6776
-0.3724,-1.2019,-2.3763,-0.4478,2.1435
2.0609,-2.3144,-0.4327,-1.1893,2.7392
-0.4327,-1.1893,-2.3763,-0.4478,2.0819
2.0609,-2.3144,-0.7422,-1.0854,3.0656
-0.7422,-1.0854,-2.3763,-0.4478,1.7554
2.0609,-2.3144,-0.8822,-1.0262,3.2176
-0.8822,-1.0262,-2.3763,-0.4478,1.6034
2.0609,-2.3144,-1.1528,-0.9159,3.5099
-1.1528,-0.9159,-2.3763,-0.4478,1.3112
2.0609,-2.3144,-1.5204,-0.763,3.908
-1.5204,-0.763,-2.3763,-0.4478,0.9131
2.0609,-2.3144,-1.8929,-0.606,4.3122
-1.8929,-0.606,-2.3763,-0.4478,0.5088
2.0609,-2.3144,-2.2827,-0.4726,4.7242
-2.2827,-0.4726,-2.3763,-0.4478,0.0969
2.0609,-2.3144,-2.3763,-0.4478,4.8211
-2.3763,-0.4478,-2.3763,-0.4478,0.0
-0.5745,2.6623,-0.5745,2.6623,0.0
-0.5745,2.6623,0.0575,-0.5919,3.7381
-0.5745,2.6623,-0.5901,2.4858,0.1772
-0.5901,2.4858,0.0575,-0.5919,3.5608
-0.5745,2.6623,-0.5363,2.0146,0.6515
-0.5363,2.0146,0.0575,-0.5919,3.0866
-0.5745,2.6623,-0.5513,1.7321,0.9344
-0.5513,1.7321,0.0575,-0.5919,2.8037
-0.5745,2.6623,-0.5568,1.297,1.3695
-0.5568,1.297,0.0575,-0.5919,2.3686
-0.5745,2.6623,-0.5373,0.8471,1.8199
-0.5373,0.8471,0.0575,-0.5919,1.9182
-0.5745,2.6623,-0.534,0.5826,2.0844
-0.534,0.5826,0.0575,-0.5919,1.6537
-0.5745,2.6623,-0.5086,0.1078,2.5598
-0.5086,0.1078,0.0575,-0.5919,1.1783
-0.5745,2.6623,-0.5002,-0.1722,2.84
-0.5002,-0.1722,0.0575,-0.5919,0.8981
-0.5745,2.6623,-0.5091,-0.3279,2.9959
-0.5091,-0.3279,0.0575,-0.5919,0.7422
-0.5745,2.6623,-0.4405,-0.5611,3.239
-0.4405,-0.5611,0.0575,-0.5919,0.499
-0.5745,2.6623,-0.1607,-0.581,3.5196
-0.1607,-0.581,0.0575,-0.5919,0.2185
-0.5745,2.6623,0.0575,-0.5919,3.7381
0.0575,-0.5919,0.0575,-0.5919,0.0
0.9454,0.2424,0.9454,0.2424,0.0
0.9454,0.2424,-2.4877,-0.7068,3.815
0.9454,0.2424,0.6644,0.4173,0.331
0.6644,0.4173,-2.4877,-0.7068,3.484
0.9454,0.2424,0.2529,0.483,0.7477
0.2529,0.483,-2.4877,-0.7068,3.0673
0.9454,0.2424,-0.0369,0.4774,1.0376
-0.0369,0.4774,-2.4877,-0.7068,2.7774
0.9454,0.2424,-0.4323,0.4574,1.4335
-0.4323,0.4574,-2.4877,-0.7068,2.3815
0.9454,0.2424,-0.828,0.3504,1.8434
-0.828,0.3504,-2.4877,-0.7068,1.9716
0.9454,0.2424,-1.1527,0.151,2.2244
-1.1527,0.151,-2.4877,-0.7068,1.5906
0.9454,0.2424,-1.4234,-0.0127,2.5408
-1.4234,-0.0127,-2.4877,-0.7068,1.2742
0.9454,0.2424,-1.6608,-0.1328,2.8069
-1.6608,-0.1328,-2.4877,-0.7068,1.0082
0.9454,0.2424,-1.9778,-0.3261,3.1782
-1.9778,-0.3261,-2.4877,-0.7068,0.6368
0.9454,0.2424,-2.1429,-0.4339,3.3753
-2.1429,-0.4339,-2.4877,-0.7068,0.4397
0.9454,0.2424,-2.3871,-0.6292,3.688
-2.3871,-0.6292,-2.4877,-0.7068,0.127
0.9454,0.2424,-2.4877,-0.7068,3.815
-2.4877,-0.7068,-2.4877,-0.7068,0.0
2.8194,-1.7686,2.8194,-1.7686,0.0
2.8194,-1.7686,1.541,-1.4739,1.3184
2.8194,-1.7686,2.4383,-1.6722,0.3931
2.4383,-1.6722,1.541,-1.4739,0.9253
2.8194,-1.7686,2.2297,-1.6092,0.611
2.2297,-1.6092,1.541,-1.4739,0.7074
2.8194,-1.7686,1.8698,-1.4935,0.989
1.8698,-1.4935,1.541,-1.4739,0.3294
2.8194,-1.7686,1.541,-1.4739,1.3184
1.541,-1.4739,1.541,-1.4739,0.0
0.3246,-2.0833,0.3246,-2.0833,0.0
0.3246,-2.0833,-1.0156,-0.6137,1.9909
0.3246,-2.0833,0.0034,-1.7387,0.4711
0.0034,-1.7387,-1.0156,-0.6137,1.5198
0.3246,-2.0833,-0.2235,-1.5151,0.7896
-0.2235,-1.5151,-1.0156,-0.6137,1.2013
0.3246,-2.0833,-0.5408,-1.1948,1.2405
-0.5408,-1.1948,-1.0156,-0.6137,0.7504
0.3246,-2.0833,-0.8384,-0.8305,1.7109
-0.8384,-0.8305,-1.0156,-0.6137,0.28
0.3246,-2.0833,-1.0156,-0.6137,1.9909
-1.0156,-0.6137,-1.0156,-0.6137,0.0
-0.8963,-2.749,-0.8963,-2.749,0.0
-0.8963,-2.749,-1.6045,0.4563,3.2917
-0.8963,-2.749,-0.9536,-2.3146,0.4382
-0.9536,-2.3146,-1.6045,0.4563,2.8535
-0.8963,-2.749,-0.9879,-2.0181,0.7367
-0.9879,-2.0181,-1.6045,0.4563,2.5551
-0.8963,-2.749,-1.0692,-1.7578,1.0094
-1.0692,-1.7578,-1.6045,0.4563,2.2823
-0.8963,-2.749,-1.1075,-1.5262,1.244
-1.1075,-1.5262,-1.6045,0.4563,2.0477
-0.8963,-2.749,-1.1441,-1.3871,1.3879
-1.1441,-1.3871,-1.6045,0.4563,1.9038
-0.8963,-2.749,-1.1962,-1.1418,1.6387
-1.1962,-1.1418,-1.6045,0.4563,1.653
-0.8963,-2.749,-1.2345,-0.8281,1.9547
-1.2345,-0.8281,-1.6045,0.4563,1.337
-0.8963,-2.749,-1.2935,-0.6329,2.1586
-1.2935,-0.6329,-1.6045,0.4563,1.1331
-0.8963,-2.749,-1.3529,-0.3853,2.4132
-1.3529,-0.3853,-1.6045,0.4563,0.8785
-0.8963,-2.749,-1.424,-0.1589,2.6505
-1.424,-0.1589,-1.6045,0.4563,0.6412
-0.8963,-2.749,-1.5151,0.1424,2.9654
-1.5151,0.1424,-1.6045,0.4563,0.3263
-0.8963,-2.749,-1.6045,0.4563,3.2917
-1.6045,0.4563,-1.6045,0.4563,0.0
-2.0744,-0.6459,-2.0744,-0.6459,0.0
-2.0744,-0.6459,-2.6043,0.9835,1.7142
-2.0744,-0.6459,-2.1749,-0.306,0.3544
-2.1749,-0.306,-2.6043,0.9835,1.3598
-2.0744,-0.6459,-2.3117,0.1566,0.8368
-2.3117,0.1566,-2.6043,0.9835,0.8774
-2.0744,-0.6459,-2.439,0.5268,1.2283
-2.439,0.5268,-2.6043,0.9835,0.4859
-2.0744,-0.6459,-2.5323,0.8065,1.5231
-2.5323,0.8065,-2.6043,0.9835,0.1911
-2.0744,-0.6459,-2.6043,0.9835,1.7142
-2.6043,0.9835,-2.6043,0.9835,0.0
0.1826,1.8387,0.1826,1.8387,0.0
0.1826,1.8387,0.4655,-0.3082,2.1878
0.1826,1.8387,0.3444,1.3841,0.4825
0.3444,1.3841,0.4655,-0.3082,1.7053
0.1826,1.8387,0.4079,1.0191,0.8531
0.4079,1.0191,0.4655,-0.3082,1.3348
0.1826,1.8387,0.4748,0.7048,1.1744
0.4748,0.7048,0.4655,-0.3082,1.0134
0.1826,1.8387,0.4817,0.5647,1.3147
0.4817,0.5647,0.4655,-0.3082,0.8731
0.1826,1.8387,0.4715,0.2258,1.6537
0.4715,0.2258,0.4655,-0.3082,0.5341
0.1826,1.8387,0.4636,-0.126,2.0056
0.4636,-0.126,0.4655,-0.3082,0.1822
0.1826,1.8387,0.4655,-0.3082,2.1878
0.4655,-0.3082,0.4655,-0.3082,0.0
-1.0571,-0.0792,-1.0571,-0.0792,0.0
-1.0571,-0.0792,-0.8808,2.985,3.2656
-1.0571,-0.0792,-0.9668,0.0592,0.1653
-0.9668,0.0592,-0.8808,2.985,3.1004
-1.0571,-0.0792,-0.8654,0.2277,0.3619
-0.8654,0.2277,-0.8808,2.985,2.9037
-1.0571,-0.0792,-0.6948,0.4347,0.6302
-0.6948,0.4347,-0.8808,2.985,2.6355
-1.0571,-0.0792,-0.627,0.5111,0.7323
-0.627,0.5111,-0.8808,2.985,2.5334
-1.0571,-0.0792,-0.5223,0.8077,1.0468
-0.5223,0.8077,-0.8808,2.985,2.2188
-1.0571,-0.0792,-0.5923,1.1959,1.4413
-0.5923,1.1959,-0.8808,2.985,1.8243
-1.0571,-0.0792,-0.5722,1.4771,1.7232
-0.5722,1.4771,-0.8808,2.985,1.5424
-1.0571,-0.0792,-0.6458,1.7011,1.959
-0.6458,1.7011,-0.8808,2.985,1.3066
-1.0571,-0.0792,-0.721,1.9971,2.2644
-0.721,1.9971,-0.8808,2.985,1.0012
-1.0571,-0.0792,-0.7328,2.1161,2.384
-0.7328,2.1161,-0.8808,2.985,0.8817
-1.0571,-0.0792,-0.7848,2.4148,2.6872
-0.7848,2.4148,-0.8808,2.985,0.5784
-1.0571,-0.0792,-0.8428,2.7185,2.9964
-0.8428,2.7185,-0.8808,2.985,0.2693
-1.0571,-0.0792,-0.8808,2.985,3.2656
-0.8808,2.985,-0.8808,2.985,0.0
-0.5052,-2.1347,-0.5052,-2.1347,0.0
-0.5052,-2.1347,2.5623,-0.0045,3.75
-0.5052,-2.1347,-0.2599,-1.9247,0.3229
-0.2599,-1.9247,2.5623,-0.0045,3.4271
-0.5052,-2.1347,0.0804,-1.5906,0.7998
0.0804,-1.5906,2.5623,-0.0045,2.9502
-0.5052,-2.1347,0.4323,-1.3316,1.2368
0.4323,-1.3316,2.5623,-0.0045,2.5133
-0.5052,-2.1347,0.6904,-1.1554,1.5492
0.6904,-1.1554,2.5623,-0.0045,2.2008
-0.5052,-2.1347,0.9972,-0.9489,1.9191
0.9972,-0.9489,2.5623,-0.0045,1.8309
-0.5052,-2.1347,1.2159,-0.8334,2.1664
1.2159,-0.8334,2.5623,-0.0045,1.5836
-0.5052,-2.1347,1.5314,-0.6328,2.5402
1.5314,-0.6328,2.5623,-0.0045,1.2098
-0.5052,-2.1347,1.8334,-0.4837,2.8771
1.8334,-0.4837,2.5623,-0.0045,0.873
-0.5052,-2.1347,2.1373,-0.3018,3.2313
2.1373,-0.3018,2.5623,-0.0045,0.5188
-0.5052,-2.1347,2.3899,-0.119,3.543
2.3899,-0.119,2.5623,-0.0045,0.207
-0.5052,-2.1347,2.5623,-0.0045,3.75
2.5623,-0.0045,2.5623,-0.0045,0.0
1.2914,1.533,1.2914,1.533,0.0
1.2914,1.533,1.4934,0.297,1.2759
1.2914,1.533,1.3579,1.3827,0.1644
1.3579,1.3827,1.4934,0.297,1.1115
1.2914,1.533,1.5066,0.9469,0.6249
1.5066,0.9469,1.4934,0.297,0.6511
1.2914,1.533,1.5153,0.5122,1.0597
1.5153,0.5122,1.4934,0.297,0.2163
1.2914,1.533,1.4934,0.297,1.2759
1.4934,0.297,1.4934,0.297,0.0
2.7622,-0.8947,2.7622,-0.8947,0.0
2.7622,-0.8947,2.9971,2.5012,3.4287
2.7622,-0.8947,2.7127,-0.486,0.4116
2.7127,-0.486,2.9971,2.5012,3.017
2.7622,-0.8947,2.7139,-0.1008,0.7969
2.7139,-0.1008,2.9971,2.5012,2.6318
2.7622,-0.8947,2.6783,0.366,1.265
2.6783,0.366,2.9971,2.5012,2.1637
2.7622,-0.8947,2.6936,0.5388,1.4385
2.6936,0.5388,2.9971,2.5012,1.9902
2.7622,-0.8947,2.732,0.8589,1.7609
2.732,0.8589,2.9971,2.5012,1.6677
2.7622,-0.8947,2.801,1.0709,1.9839
2.801,1.0709,2.9971,2.5012,1.4448
2.7622,-0.8947,2.823,1.193,2.1079
2.823,1.193,2.9971,2.5012,1.3207
2.7622,-0.8947,2.8531,1.424,2.3408
2.8531,1.424,2.9971,2.5012,1.0878
2.7622,-0.8947,2.8927,1.7817,2.7008
2.8927,1.7817,2.9971,2.5012,0.7279
2.7622,-0.8947,2.9244,2.1273,3.0478
2.9244,2.1273,2.9971,2.5012,0.3809
2.7622,-0.8947,2.9971,2.5012,3.4287
2.9971,2.5012,2.9971,2.5012,0.0
1.2216,-0.649,1.2216,-0.649,0.0
1.2216,-0.649,1.8876,2.1039,2.8334
1.2216,-0.649,1.2965,-0.3256,0.332
1.2965,-0.3256,1.8876,2.1039,2.5015
1.2216,-0.649,1.3976,0.0377,0.7091
1.3976,0.0377,1.8876,2.1039,2.1244
1.2216,-0.649,1.4807,0.4687,1.148
1.4807,0.4687,1.8876,2.1039,1.6855
1.2216,-0.649,1.5781,0.8285,1.5207
1.5781,0.8285,1.8876,2.1039,1.3127
1.2216,-0.649,1.6551,1.1981,1.8983
1.6551,1.1981,1.8876,2.1039,0.9351
1.2216,-0.649,1.7681,1.6299,2.3447
1.7681,1.6299,1.8876,2.1039,0.4888
1.2216,-0.649,1.8876,2.1039,2.8334
1.8876,2.1039,1.8876,2.1039,0.0
-0.5504,0.3106,-0.5504,0.3106,0.0
-0.5504,0.3106,-1.7625,-1.1517,1.9001
-0.5504,0.3106,-0.8357,-0.0359,0.4489
-0.8357,-0.0359,-1.7625,-1.1517,1.4513
-0.5504,0.3106,-1.0476,-0.2732,0.767
-1.0476,-0.2732,-1.7625,-1.1517,1.1332
-0.5504,0.3106,-1.1702,-0.4134,0.9532
-1.1702,-0.4134,-1.7625,-1.1517,0.947
-0.5504,0.3106,-1.3983,-0.7041,1.3227
-1.3983,-0.7041,-1.7625,-1.1517,0.5774
-0.5504,0.3106,-1.63,-0.9728,1.6775
-1.63,-0.9728,-1.7625,-1.1517,0.2226
-0.5504,0.3106,-1.7625,-1.1517,1.9001
-1.7625,-1.1517,-1.7625,-1.1517,0.0
1.8771,2.355,1.8771,2.355,0.0
1.8771,2.355,-1.8726,-2.7541,6.5404
1.8771,2.355,1.5564,2.1133,0.4015
1.5564,2.1133,-1.8726,-2.7541,6.1389
1.8771,2.355,1.224,1.8658,0.8159
1.224,1.8658,-1.8726,-2.7541,5.7245
1.8771,2.355,0.8743,1.5898,1.2615
0.8743,1.5898,-1.8726,-2.7541,5.279
1.8771,2.355,0.5701,1.3657,1.6393
0.5701,1.3657,-1.8726,-2.7541,4.9011
1.8771,2.355,0.369,1.221,1.8871
0.369,1.221,-1.8726,-2.7541,4.6533
1.8771,2.355,0.2501,1.1282,2.0379
0.2501,1.1282,-1.8726,-2.7541,4.5026
1.8771,2.355,-0.0005,0.9049,2.3735
-0.0005,0.9049,-1.8726,-2.7541,4.1669
1.8771,2.355,-0.2945,0.6346,2.773
-0.2945,0.6346,-1.8726,-2.7541,3.7675
1.8771,2.355,-0.3466,0.5825,2.8466
-0.3466,0.5825,-1.8726,-2.7541,3.6939
1.8771,2.355,-0.5509,0.3257,3.1747
-0.5509,0.3257,-1.8726,-2.7541,3.3657
1.8771,2.355,-0.6413,0.0345,3.4796
-0.6413,0.0345,-1.8726,-2.7541,3.0608
1.8771,2.355,-0.76,-0.2475,3.7856
-0.76,-0.2475,-1.8726,-2.7541,2.7548
1.8771,2.355,-0.9099,-0.4862,4.0675
-0.9099,-0.4862,-1.8726,-2.7541,2.4729
1.8771,2.355,-0.9715,-0.5622,4.1653
-0.9715,-0.5622,-1.8726,-2.7541,2.3751
1.8771,2.355,-1.1979,-1.0026,4.6605
-1.1979,-1.0026,-1.8726,-2.7541,1.8799
1.8771,2.355,-1.3679,-1.3969,5.0899
-1.3679,-1.3969,-1.8726,-2.7541,1.4505
1.8771,2.355,-1.4982,-1.6782,5.3999
-1.4982,-1.6782,-1.8726,-2.7541,1.1405
1.8771,2.355,-1.5741,-1.897,5.6316
-1.5741,-1.897,-1.8726,-2.7541,0.9089
1.8771,2.355,-1.6556,-2.1905,5.9361
-1.6556,-2.1905,-1.8726,-2.7541,0.6044
1.8771,2.355,-1.8139,-2.6251,6.3986
-1.8139,-2.6251,-1.8726,-2.7541,0.1418
1.8771,2.355,-1.8726,-2.7541,6.5404
-1.8726,-2.7541,-1.8726,-2.7541,0.0
1.8862,2.1082,1.8862,2.1082,0.0
1.8862,2.1082,1.1123,2.5379,0.8852
1.8862,2.1082,1.5389,2.3031,0.3982
1.5389,2.3031,1.1123,2.5379,0.487
1.8862,2.1082,1.1123,2.5379,0.8852
1.1123,2.5379,1.1123,2.5379,0.0
2.3591,-0.1177,2.3591,-0.1177,0.0
2.3591,-0.1177,0.9803,-0.9905,1.6327
2.3591,-0.1177,1.9657,-0.3514,0.4576
1.9657,-0.3514,0.9803,-0.9905,1.1752
2.3591,-0.1177,1.7884,-0.4711,0.6715
1.7884,-0.4711,0.9803,-0.9905,0.9612
2.3591,-0.1177,1.4605,-0.6968,1.0696
1.4605,-0.6968,0.9803,-0.9905,0.5632
2.3591,-0.1177,1.1317,-0.888,1.4499
1.1317,-0.888,0.9803,-0.9905,0.1828
2.3591,-0.1177,0.9803,-0.9905,1.6327
0.9803,-0.9905,0.9803,-0.9905,0.0
-2.9073,0.3155,-2.9073,0.3155,0.0
-2.9073,0.3155,-1.7252,-2.0879,2.6802
-2.9073,0.3155,-2.7447,-0.033,0.3846
-2.7447,-0.033,-1.7252,-2.0879,2.2956
-2.9073,0.3155,-2.6366,-0.2732,0.6479
-2.6366,-0.2732,-1.7252,-2.0879,2.0322
-2.9073,0.3155,-2.4124,-0.7081,1.1372
-2.4124,-0.7081,-1.7252,-2.0879,1.543
-2.9073,0.3155,-2.1802,-1.1225,1.6122
-2.1802,-1.1225,-1.7252,-2.0879,1.0679
-2.9073,0.3155,-2.0508,-1.3644,1.8866
-2.0508,-1.3644,-1.7252,-2.0879,0.7935
-2.9073,0.3155,-1.8769,-1.7702,2.3281
-1.8769,-1.7702,-1.7252,-2.0879,0.3521
-2.9073,0.3155,-1.7252,-2.0879,2.6802
-1.7252,-2.0879,-1.7252,-2.0879,0.0
-1.7648,0.8193,-1.7648,0.8193,0.0
-1.7648,0.8193,-2.3272,0.629,0.5942
-1.7648,0.8193,-1.8565,0.7795,0.1
-1.8565,0.7795,-2.3272,0.629,0.4942
-1.7648,0.8193,-2.3272,0.629,0.5942
-2.3272,0.629,-2.3272,0.629,0.0
2.377,-0.3739,2.377,-0.3739,0.0
2.377,-0.3739,1.731,1.9532,2.4177
2.377,-0.3739,2.2675,0.0781,0.465
2.2675,0.0781,1.731,1.9532,1.9528
2.377,-0.3739,2.1585,0.3893,0.7948
2.1585,0.3893,1.731,1.9532,1.623
2.377,-0.3739,2.0195,0.8315,1.2583
2.0195,0.8315,1.731,1.9532,1.1595
2.377,-0.3739,1.9693,1.0983,1.5298
1.9693,1.0983,1.731,1.9532,0.888
2.377,-0.3739,1.8639,1.5297,1.9739
1.8639,1.5297,1.731,1.9532,0.4439
2.377,-0.3739,1.731,1.9532,2.4177
1.731,1.9532,1.731,1.9532,0.0
-1.5124,0.3158,-1.5124,0.3158,0.0
-1.5124,0.3158,-2.464,-0.2159,1.0922
-1.5124,0.3158,-1.7548,0.207,0.2657
-1.7548,0.207,-2.464,-0.2159,0.8265
-1.5124,0.3158,-2.0378,0.0177,0.6062
-2.0378,0.0177,-2.464,-0.2159,0.486
-1.5124,0.3158,-2.297,-0.1248,0.902
-2.297,-0.1248,-2.464,-0.2159,0.1902
-1.5124,0.3158,-2.464,-0.2159,1.0922
-2.464,-0.2159,-2.464,-0.2159,0.0
0.5167,0.9337,0.5167,0.9337,0.0
0.5167,0.9337,-0.0307,-1.0253,2.1528
0.5167,0.9337,0.5096,0.5785,0.3552
0.5096,0.5785,-0.0307,-1.0253,1.7976
0.5167,0.9337,0.5059,0.4328,0.501
0.5059,0.4328,-0.0307,-1.0253,1.6518
0.5167,0.9337,0.4814,0.0106,0.9239
0.4814,0.0106,-0.0307,-1.0253,1.2289
0.5167,0.9337,0.4961,-0.4008,1.3355
0.4961,-0.4008,-0.0307,-1.0253,0.8173
0.5167,0.9337,0.2551,-0.6741,1.7
0.2551,-0.6741,-0.0307,-1.0253,0.4528
0.5167,0.9337,-0.0307,-1.0253,2.1528
-0.0307,-1.0253,-0.0307,-1.0253,0.0
1.1857,-0.5886,1.1857,-0.5886,0.0
1.1857,-0.5886,1.176,-1.2021,0.6176
1.1857,-0.5886,1.1679,-0.6355,0.0502
1.1679,-0.6355,1.176,-1.2021,0.5674
1.1857,-0.5886,1.1613,-1.0519,0.4666
1.1613,-1.0519,1.176,-1.2021,0.151
1.1857,-0.5886,1.176,-1.2021,0.6176
1.176,-1.2021,1.176,-1.2021,0.0
-0.3713,2.9627,-0.3713,2.9627,0.0
-0.3713,2.9627,0.4233,-0.463,3.6669
-0.3713,2.9627,-0.3001,2.6489,0.3217
-0.3001,2.6489,0.4233,-0.463,3.3452
-0.3713,2.9627,-0.2384,2.4451,0.5347
-0.2384,2.4451,0.4233,-0.463,3.1322
-0.3713,2.9627,-0.1523,2.2155,0.78
-0.1523,2.2155,0.4233,-0.463,2.887
-0.3713,2.9627,-0.0172,1.8499,1.1697
-0.0172,1.8499,0.4233,-0.463,2.4972
-0.3713,2.9627,0.031,1.7013,1.3259
0.031,1.7013,0.4233,-0.463,2.341
-0.3713,2.9627,0.149,1.4727,1.5831
0.149,1.4727,0.4233,-0.463,2.0838
-0.3713,2.9627,0.1998,1.2766,1.7857
0.1998,1.2766,0.4233,-0.463,1.8812
-0.3713,2.9627,0.3212,0.8591,2.2205
0.3212,0.8591,0.4233,-0.463,1.4464
-0.3713,2.9627,0.4497,0.4895,2.6118
0.4497,0.4895,0.4233,-0.463,1.0551
-0.3713,2.9627,0.4783,0.2911,2.8123
0.4783,0.2911,0.4233,-0.463,0.8546
-0.3713,2.9627,0.4995,-0.1007,3.2046
0.4995,-0.1007,0.4233,-0.463,0.4623
-0.3713,2.9627,0.5102,-0.4751,3.5792
0.5102,-0.4751,0.4233,-0.463,0.0877
-0.3713,2.9627,0.4233,-0.463,3.6669
0.4233,-0.463,0.4233,-0.463,0.0
0.1726,-2.2979,0.1726,-2.2979,0.0
0.1726,-2.2979,0.5494,1.3732,3.7186
0.1726,-2.2979,0.2509,-1.8529,0.4519
0.2509,-1.8529,0.5494,1.3732,3.2667
0.1726,-2.2979,0.2969,-1.5606,0.7477
0.2969,-1.5606,0.5494,1.3732,2.9708
0.1726,-2.2979,0.3287,-1.3187,0.9917
0.3287,-1.3187,0.5494,1.3732,2.7268
0.1726,-2.2979,0.3459,-1.1873,1.1243
0.3459,-1.1873,0.5494,1.3732,2.5943
0.1726,-2.2979,0.435,-0.7097,1.6101
0.435,-0.7097,0.5494,1.3732,2.1085
0.1726,-2.2979,0.4596,-0.5681,1.7538
0.4596,-0.5681,0.5494,1.3732,1.9648
0.1726,-2.2979,0.4902,-0.1393,2.1837
0.4902,-0.1393,0.5494,1.3732,1.5348
0.1726,-2.2979,0.5917,0.2299,2.5666
0.5917,0.2299,0.5494,1.3732,1.152
0.1726,-2.2979,0.6305,0.5896,2.9284
0.6305,0.5896,0.5494,1.3732,0.7902
0.1726,-2.2979,0.5939,0.8024,3.1443
0.5939,0.8024,0.5494,1.3732,0.5743
0.1726,-2.2979,0.579,0.9976,3.3401
0.579,0.9976,0.5494,1.3732,0.3785
0.1726,-2.2979,0.5761,1.2496,3.5921
0.5761,1.2496,0.5494,1.3732,0.1265
0.1726,-2.2979,0.5494,1.3732,3.7186
0.5494,1.3732,0.5494,1.3732,0.0
-0.8888,0.351,-0.8888,0.351,0.0
-0.8888,0.351,1.5782,1.1164,2.8397
-0.8888,0.351,-0.631,0.4608,0.2801
-0.631,0.4608,1.5782,1.1164,2.5596
-0.8888,0.351,-0.2671,0.4741,0.6443
-0.2671,0.4741,1.5782,1.1164,2.1955
-0.8888,0.351,0.0574,0.5158,0.9714
0.0574,0.5158,1.5782,1.1164,1.8683
-0.8888,0.351,0.2867,0.5698,1.2071
0.2867,0.5698,1.5782,1.1164,1.6326
-0.8888,0.351,0.5815,0.5602,1.5021
0.5815,0.5602,1.5782,1.1164,1.3377
-0.8888,0.351,0.7483,0.5719,1.6693
0.7483,0.5719,1.5782,1.1164,1.1705
-0.8888,0.351,1.0681,0.5666,1.989
1.0681,0.5666,1.5782,1.1164,0.8507
-0.8888,0.351,1.2419,0.5562,2.1632
1.2419,0.5562,1.5782,1.1164,0.6765
-0.8888,0.351,1.4205,0.695,2.3894
1.4205,0.695,1.5782,1.1164,0.4503
-0.8888,0.351,1.4703,0.8565,2.5584
1.4703,0.8565,1.5782,1.1164,0.2814
-0.8888,0.351,1.5782,1.1164,2.8397
1.5782,1.1164,1.5782,1.1164,0.0
-1.7939,-1.3449,-1.7939,-1.3449,0.0
-1.7939,-1.3449,-2.2501,-2.8872,1.6092
-1.7939,-1.3449,-1.8498,-1.5954,0.2566
-1.8498,-1.5954,-2.2501,-2.8872,1.3526
-1.7939,-1.3449,-1.9535,-1.9457,0.622
-1.9535,-1.9457,-2.2501,-2.8872,0.9873
-1.7939,-1.3449,-2.0253,-2.1736,0.8609
-2.0253,-2.1736,-2.2501,-2.8872,0.7483
-1.7939,-1.3449,-2.1043,-2.43,1.1292
-2.1043,-2.43,-2.2501,-2.8872,0.48
-1.7939,-1.3449,-2.1851,-2.6989,1.41
-2.1851,-2.6989,-2.2501,-2.8872,0.1992
-1.7939,-1.3449,-2.2501,-2.8872,1.6092
-2.2501,-2.8872,-2.2501,-2.8872,0.0
1.2199,1.9267,1.2199,1.9267,0.0
1.2199,1.9267,-0.2647,-1.5443,4.0002
1.2199,1.9267,1.0697,1.7801,0.2099
1.0697,1.7801,-0.2647,-1.5443,3.7903
1.2199,1.9267,0.8143,1.5494,0.5541
0.8143,1.5494,-0.2647,-1.5443,3.4462
1.2199,1.9267,0.6984,1.4384,0.7146
0.6984,1.4384,-0.2647,-1.5443,3.2857
1.2199,1.9267,0.4988,1.0761,1.1282
0.4988,1.0761,-0.2647,-1.5443,2.872
1.2199,1.9267,0.5294,0.8805,1.3262
0.5294,0.8805,-0.2647,-1.5443,2.6741
1.2199,1.9267,0.511,0.5807,1.6266
0.511,0.5807,-0.2647,-1.5443,2.3736
1.2199,1.9267,0.5534,0.1833,2.0262
0.5534,0.1833,-0.2647,-1.5443,1.974
1.2199,1.9267,0.5353,-0.1138,2.3239
0.5353,-0.1138,-0.2647,-1.5443,1.6763
1.2199,1.9267,0.5108,-0.3911,2.6023
0.5108,-0.3911,-0.2647,-1.5443,1.398
1.2199,1.9267,0.4114,-0.5323,2.7749
0.4114,-0.5323,-0.2647,-1.5443,1.2253
1.2199,1.9267,0.292,-0.7792,3.0491
0.292,-0.7792,-0.2647,-1.5443,0.9511
1.2199,1.9267,0.2202,-0.9186,3.206
0.2202,-0.9186,-0.2647,-1.5443,0.7943
1.2199,1.9267,0.103,-1.1099,3.4303
0.103,-1.1099,-0.2647,-1.5443,0.5699
1.2199,1.9267,-0.0335,-1.2941,3.6596
-0.0335,-1.2941,-0.2647,-1.5443,0.3406
1.2199,1.9267,-0.2647,-1.5443,4.0002
-0.2647,-1.5443,-0.2647,-1.5443,0.0
-0.5845,2.8817,-0.5845,2.8817,0.0
-0.5845,2.8817,2.623,2.7145,3.2165
-0.5845,2.8817,-0.4776,2.883,0.1068
-0.4776,2.883,2.623,2.7145,3.1097
-0.5845,2.8817,-0.0234,2.8997,0.5614
-0.0234,2.8997,2.623,2.7145,2.6551
-0.5845,2.8817,0.2898,2.8901,0.8748
0.2898,2.8901,2.623,2.7145,2.3417
-0.5845,2.8817,0.6179,2.8689,1.2035
0.6179,2.8689,2.623,2.7145,2.013
-0.5845,2.8817,0.968,2.8492,1.5542
0.968,2.8492,2.623,2.7145,1.6623
-0.5845,2.8817,1.383,2.8041,1.9716
1.383,2.8041,2.623,2.7145,1.2448
-0.5845,2.8817,1.7057,2.7706,2.296
1.7057,2.7706,2.623,2.7145,0.9204
-0.5845,2.8817,1.9629,2.7775,2.5533
1.9629,2.7775,2.623,2.7145,0.6631
-0.5845,2.8817,2.2295,2.7555,2.8208
2.2295,2.7555,2.623,2.7145,0.3957
-0.5845,2.8817,2.623,2.7145,3.2165
2.623,2.7145,2.623,2.7145,0.0
-2.6121,1.1821,-2.6121,1.1821,0.0
-2.6121,1.1821,2.5422,-2.7068,6.479
-2.6121,1.1821,-2.3428,0.9258,0.3717
-2.3428,0.9258,2.5422,-2.7068,6.1073
-2.6121,1.1821,-2.101,0.7078,0.6973
-2.101,0.7078,2.5422,-2.7068,5.7817
-2.6121,1.1821,-1.8269,0.4625,1.0651
-1.8269,0.4625,2.5422,-2.7068,5.4138
-2.6121,1.1821,-1.6628,0.3354,1.2727
-1.6628,0.3354,2.5422,-2.7068,5.2063
-2.6121,1.1821,-1.3558,0.0781,1.6733
-1.3558,0.0781,2.5422,-2.7068,4.8057
-2.6121,1.1821,-1.0527,-0.1905,2.0783
-1.0527,-0.1905,2.5422,-2.7068,4.4007
-2.6121,1.1821,-0.9758,-0.2545,2.1783
-0.9758,-0.2545,2.5422,-2.7068,4.3007
-2.6121,1.1821,-0.6288,-0.4818,2.5931
-0.6288,-0.4818,2.5422,-2.7068,3.8859
-2.6121,1.1821,-0.3404,-0.6417,2.9229
-0.3404,-0.6417,2.5422,-2.7068,3.5561
-2.6121,1.1821,-0.0496,-0.8605,3.2868
-0.0496,-0.8605,2.5422,-2.7068,3.1922
-2.6121,1.1821,0.2582,-1.0589,3.653
0.2582,-1.0589,2.5422,-2.7068,2.826
-2.6121,1.1821,0.556,-1.2869,4.028
0.556,-1.2869,2.5422,-2.7068,2.451
-2.6121,1.1821,0.8048,-1.4611,4.3318
0.8048,-1.4611,2.5422,-2.7068,2.1472
-2.6121,1.1821,0.986,-1.5986,4.5592
0.986,-1.5986,2.5422,-2.7068,1.9198
-2.6121,1.1821,1.116,-1.7285,4.743
1.116,-1.7285,2.5422,-2.7068,1.7359
-2.6121,1.1821,1.382,-1.8782,5.0483
1.382,-1.8782,2.5422,-2.7068,1.4307
-2.6121,1.1821,1.6147,-2.0141,5.3177
1.6147,-2.0141,2.5422,-2.7068,1.1613
-2.6121,1.1821,1.8531,-2.1583,5.5963
1.8531,-2.1583,2.5422,-2.7068,0.8826
-2.6121,1.1821,2.0771,-2.3234,5.8746
2.0771,-2.3234,2.5422,-2.7068,0.6044
-2.6121,1.1821,2.2744,-2.4629,6.1162
2.2744,-2.4629,2.5422,-2.7068,0.3628
-2.6121,1.1821,2.5086,-2.6669,6.4268
2.5086,-2.6669,2.5422,-2.7068,0.0521
-2.6121,1.1821,2.5422,-2.7068,6.479
2.5422,-2.7068,2.5422,-2.7068,0.0
-1.2917,-1.05,-1.2917,-1.05,0.0
-1.2917,-1.05,-2.8444,-2.8933,2.4122
-1.2917,-1.05,-1.5389,-1.381,0.413
-1.5389,-1.381,-2.8444,-2.8933,1.9991
-1.2917,-1.05,-1.7741,-1.6609,0.7787
-1.7741,-1.6609,-2.8444,-2.8933,1.6335
-1.2917,-1.05,-2.0411,-2.0025,1.2123
-2.0411,-2.0025,-2.8444,-2.8933,1.1999
-1.2917,-1.05,-2.332,-2.3019,1.6297
-2.332,-2.3019,-2.8444,-2.8933,0.7824
-1.2917,-1.05,-2.3975,-2.3775,1.7297
-2.3975,-2.3775,-2.8444,-2.8933,0.6824
-1.2917,-1.05,-2.5285,-2.5286,1.9297
-2.5285,-2.5286,-2.8444,-2.8933,0.4824
-1.2917,-1.05,-2.8444,-2.8933,2.4122
-2.8444,-2.8933,-2.8444,-2.8933,0.0
1.2736,1.9005,1.2736,1.9005,0.0
1.2736,1.9005,0.4958,0.7257,1.5178
1.2736,1.9005,1.0472,1.7388,0.2782
1.0472,1.7388,0.4958,0.7257,1.2396
1.2736,1.9005,0.8075,1.5418,0.5884
0.8075,1.5418,0.4958,0.7257,0.9293
1.2736,1.9005,0.6545,1.4166,0.7862
0.6545,1.4166,0.4958,0.7257,0.7316
1.2736,1.9005,0.6376,1.3191,0.8851
0.6376,1.3191,0.4958,0.7257,0.6327
1.2736,1.9005,0.5892,0.8254,1.3812
0.5892,0.8254,0.4958,0.7257,0.1366
1.2736,1.9005,0.4958,0.7257,1.5178
0.4958,0.7257,0.4958,0.7257,0.0
