start_x,start_y,goal_x,goal_y,path_length
2.4466,-2.5257,2.4295,-2.3264,0.2
2.4466,-2.5257,2.4823,-2.1335,0.4
2.4466,-2.5257,2.3874,-1.9575,0.6
2.4466,-2.5257,2.2924,-1.7814,0.8
2.4466,-2.5257,2.2913,-1.7794,0.8024
2.4466,-2.5257,2.2913,-1.7794,0.8024
2.4295,-2.3264,2.4823,-2.1335,0.2
2.4295,-2.3264,2.3874,-1.9575,0.4
2.4295,-2.3264,2.2924,-1.7814,0.6
2.4295,-2.3264,2.2913,-1.7794,0.6024
2.4295,-2.3264,2.2913,-1.7794,0.6024
2.4823,-2.1335,2.3874,-1.9575,0.2
2.4823,-2.1335,2.2924,-1.7814,0.4
2.4823,-2.1335,2.2913,-1.7794,0.4024
2.4823,-2.1335,2.2913,-1.7794,0.4024
2.3874,-1.9575,2.2924,-1.7814,0.2
2.3874,-1.9575,2.2913,-1.7794,0.2024
2.3874,-1.9575,2.2913,-1.7794,0.2024
2.2924,-1.7814,2.2913,-1.7794,0.0024
2.2924,-1.7814,2.2913,-1.7794,0.0024
2.2913,-1.7794,2.2913,-1.7794,0.0
-2.3847,1.5357,-2.3804,1.3358,0.2
-2.3847,1.5357,-2.4136,1.1385,0.4
-2.3847,1.5357,-2.2476,1.0271,0.6
-2.3847,1.5357,-2.2879,0.8312,0.8
-2.3847,1.5357,-2.11,0.7399,1.0
-2.3847,1.5357,-1.9178,0.6848,1.2
-2.3847,1.5357,-1.9244,0.4849,1.4
-2.3847,1.5357,-1.902,0.2861,1.6
-2.3847,1.5357,-1.9894,0.1062,1.8
-2.3847,1.5357,-1.8258,-0.0088,2.0
-2.3847,1.5357,-1.8522,-0.207,2.2
-2.3847,1.5357,-1.9491,-0.267,2.314
-2.3847,1.5357,-1.9491,-0.267,2.314
-2.3804,1.3358,-2.4136,1.1385,0.2
-2.3804,1.3358,-2.2476,1.0271,0.4
-2.3804,1.3358,-2.2879,0.8312,0.6
-2.3804,1.3358,-2.11,0.7399,0.8
-2.3804,1.3358,-1.9178,0.6848,1.0
-2.3804,1.3358,-1.9244,0.4849,1.2
-2.3804,1.3358,-1.902,0.2861,1.4
-2.3804,1.3358,-1.9894,0.1062,1.6
-2.3804,1.3358,-1.8258,-0.0088,1.8
-2.3804,1.3358,-1.8522,-0.207,2.0
-2.3804,1.3358,-1.9491,-0.267,2.114
-2.3804,1.3358,-1.9491,-0.267,2.114
-2.4136,1.1385,-2.2476,1.0271,0.2
-2.4136,1.1385,-2.2879,0.8312,0.4
-2.4136,1.1385,-2.11,0.7399,0.6
-2.4136,1.1385,-1.9178,0.6848,0.8
-2.4136,1.1385,-1.9244,0.4849,1.0
-2.4136,1.1385,-1.902,0.2861,1.2
-2.4136,1.1385,-1.9894,0.1062,1.4
-2.4136,1.1385,-1.8258,-0.0088,1.6
-2.4136,1.1385,-1.8522,-0.207,1.8
-2.4136,1.1385,-1.9491,-0.267,1.914
-2.4136,1.1385,-1.9491,-0.267,1.914
-2.2476,1.0271,-2.2879,0.8312,0.2
-2.2476,1.0271,-2.11,0.7399,0.4
-2.2476,1.0271,-1.9178,0.6848,0.6
-2.2476,1.0271,-1.9244,0.4849,0.8
-2.2476,1.0271,-1.902,0.2861,1.0
-2.2476,1.0271,-1.9894,0.1062,1.2
-2.2476,1.0271,-1.8258,-0.0088,1.4
-2.2476,1.0271,-1.8522,-0.207,1.6
-2.2476,1.0271,-1.9491,-0.267,1.714
-2.2476,1.0271,-1.9491,-0.267,1.714
-2.2879,0.8312,-2.11,0.7399,0.2
-2.2879,0.8312,-1.9178,0.6848,0.4
-2.2879,0.8312,-1.9244,0.4849,0.6
-2.2879,0.8312,-1.902,0.2861,0.8
-2.2879,0.8312,-1.9894,0.1062,1.0
-2.2879,0.8312,-1.8258,-0.0088,1.2
-2.2879,0.8312,-1.8522,-0.207,1.4
-2.2879,0.8312,-1.9491,-0.267,1.514
-2.2879,0.8312,-1.9491,-0.267,1.514
-2.11,0.7399,-1.9178,0.6848,0.2
-2.11,0.7399,-1.9244,0.4849,0.4
-2.11,0.7399,-1.902,0.2861,0.6
-2.11,0.7399,-1.9894,0.1062,0.8
-2.11,0.7399,-1.8258,-0.0088,1.0
-2.11,0.7399,-1.8522,-0.207,1.2
-2.11,0.7399,-1.9491,-0.267,1.314
-2.11,0.7399,-1.9491,-0.267,1.314
-1.9178,0.6848,-1.9244,0.4849,0.2
-1.9178,0.6848,-1.902,0.2861,0.4
-1.9178,0.6848,-1.9894,0.1062,0.6
-1.9178,0.6848,-1.8258,-0.0088,0.8
-1.9178,0.6848,-1.8522,-0.207,1.0
-1.9178,0.6848,-1.9491,-0.267,1.114
-1.9178,0.6848,-1.9491,-0.267,1.114
-1.9244,0.4849,-1.902,0.2861,0.2
-1.9244,0.4849,-1.9894,0.1062,0.4
-1.9244,0.4849,-1.8258,-0.0088,0.6
-1.9244,0.4849,-1.8522,-0.207,0.8
-1.9244,0.4849,-1.9491,-0.267,0.914
-1.9244,0.4849,-1.9491,-0.267,0.914
-1.902,0.2861,-1.9894,0.1062,0.2
-1.902,0.2861,-1.8258,-0.0088,0.4
-1.902,0.2861,-1.8522,-0.207,0.6
-1.902,0.2861,-1.9491,-0.267,0.714
-1.902,0.2861,-1.9491,-0.267,0.714
-1.9894,0.1062,-1.8258,-0.0088,0.2
-1.9894,0.1062,-1.8522,-0.207,0.4
-1.9894,0.1062,-1.9491,-0.267,0.514
-1.9894,0.1062,-1.9491,-0.267,0.514
-1.8258,-0.0088,-1.8522,-0.207,0.2
-1.8258,-0.0088,-1.9491,-0.267,0.314
-1.8258,-0.0088,-1.9491,-0.267,0.314
-1.8522,-0.207,-1.9491,-0.267,0.114
-1.8522,-0.207,-1.9491,-0.267,0.114
-1.9491,-0.267,-1.9491,-0.267,0.0
2.8571,0.649,2.6907,0.5381,0.2
2.8571,0.649,2.4907,0.5344,0.4
2.8571,0.649,2.37,0.375,0.6
2.8571,0.649,2.4173,0.1807,0.8
2.8571,0.649,2.2289,0.1137,1.0
2.8571,0.649,2.0467,0.031,1.2
2.8571,0.649,1.8467,0.0319,1.4
2.8571,0.649,1.678,-0.0755,1.6
2.8571,0.649,1.5062,0.0268,1.8
2.8571,0.649,1.3383,-0.0818,2.0
2.8571,0.649,1.1776,-0.2009,2.2
2.8571,0.649,1.0271,-0.0691,2.4
2.8571,0.649,0.8423,0.0074,2.6
2.8571,0.649,0.6658,-0.0867,2.8
2.8571,0.649,0.5171,-0.2205,3.0
2.8571,0.649,0.3345,-0.302,3.2
2.8571,0.649,0.3686,-0.499,3.4
2.8571,0.649,0.2161,-0.6284,3.6
2.8571,0.649,0.0635,-0.7577,3.8
2.8571,0.649,-0.0995,-0.8735,4.0
2.8571,0.649,-0.2923,-0.9269,4.2
2.8571,0.649,-0.4402,-1.0615,4.4
2.8571,0.649,-0.5882,-1.1961,4.6
2.8571,0.649,-0.7361,-1.3307,4.8
2.8571,0.649,-0.8842,-1.1962,5.0
2.8571,0.649,-0.9969,-1.3614,5.2
2.8571,0.649,-1.1213,-1.5181,5.4
2.8571,0.649,-1.2604,-1.6618,5.6
2.8571,0.649,-1.2478,-1.8614,5.8
2.8571,0.649,-1.4135,-1.9733,6.0
2.8571,0.649,-1.6135,-1.972,6.2
2.8571,0.649,-1.7244,-2.1385,6.4
2.8571,0.649,-1.8788,-2.2655,6.6
2.8571,0.649,-2.0137,-2.4132,6.8
2.8571,0.649,-2.2022,-2.3464,7.0
2.8571,0.649,-2.2839,-2.529,7.2
2.8571,0.649,-2.3655,-2.7115,7.4
2.8571,0.649,-2.4418,-2.8821,7.5869
2.8571,0.649,-2.4418,-2.8821,7.5869
2.6907,0.5381,2.4907,0.5344,0.2
2.6907,0.5381,2.37,0.375,0.4
2.6907,0.5381,2.4173,0.1807,0.6
2.6907,0.5381,2.2289,0.1137,0.8
2.6907,0.5381,2.0467,0.031,1.0
2.6907,0.5381,1.8467,0.0319,1.2
2.6907,0.5381,1.678,-0.0755,1.4
2.6907,0.5381,1.5062,0.0268,1.6
2.6907,0.5381,1.3383,-0.0818,1.8
2.6907,0.5381,1.1776,-0.2009,2.0
2.6907,0.5381,1.0271,-0.0691,2.2
2.6907,0.5381,0.8423,0.0074,2.4
2.6907,0.5381,0.6658,-0.0867,2.6
2.6907,0.5381,0.5171,-0.2205,2.8
2.6907,0.5381,0.3345,-0.302,3.0
2.6907,0.5381,0.3686,-0.499,3.2
2.6907,0.5381,0.2161,-0.6284,3.4
2.6907,0.5381,0.0635,-0.7577,3.6
2.6907,0.5381,-0.0995,-0.8735,3.8
2.6907,0.5381,-0.2923,-0.9269,4.0
2.6907,0.5381,-0.4402,-1.0615,4.2
2.6907,0.5381,-0.5882,-1.1961,4.4
2.6907,0.5381,-0.7361,-1.3307,4.6
2.6907,0.5381,-0.8842,-1.1962,4.8
2.6907,0.5381,-0.9969,-1.3614,5.0
2.6907,0.5381,-1.1213,-1.5181,5.2
2.6907,0.5381,-1.2604,-1.6618,5.4
2.6907,0.5381,-1.2478,-1.8614,5.6
2.6907,0.5381,-1.4135,-1.9733,5.8
2.6907,0.5381,-1.6135,-1.972,6.0
2.6907,0.5381,-1.7244,-2.1385,6.2
2.6907,0.5381,-1.8788,-2.2655,6.4
2.6907,0.5381,-2.0137,-2.4132,6.6
2.6907,0.5381,-2.2022,-2.3464,6.8
2.6907,0.5381,-2.2839,-2.529,7.0
2.6907,0.5381,-2.3655,-2.7115,7.2
2.6907,0.5381,-2.4418,-2.8821,7.3869
2.6907,0.5381,-2.4418,-2.8821,7.3869
2.4907,0.5344,2.37,0.375,0.2
2.4907,0.5344,2.4173,0.1807,0.4
2.4907,0.5344,2.2289,0.1137,0.6
2.4907,0.5344,2.0467,0.031,0.8
2.4907,0.5344,1.8467,0.0319,1.0
2.4907,0.5344,1.678,-0.0755,1.2
2.4907,0.5344,1.5062,0.0268,1.4
2.4907,0.5344,1.3383,-0.0818,1.6
2.4907,0.5344,1.1776,-0.2009,1.8
2.4907,0.5344,1.0271,-0.0691,2.0
2.4907,0.5344,0.8423,0.0074,2.2
2.4907,0.5344,0.6658,-0.0867,2.4
2.4907,0.5344,0.5171,-0.2205,2.6
2.4907,0.5344,0.3345,-0.302,2.8
2.4907,0.5344,0.3686,-0.499,3.0
2.4907,0.5344,0.2161,-0.6284,3.2
2.4907,0.5344,0.0635,-0.7577,3.4
2.4907,0.5344,-0.0995,-0.8735,3.6
2.4907,0.5344,-0.2923,-0.9269,3.8
2.4907,0.5344,-0.4402,-1.0615,4.0
2.4907,0.5344,-0.5882,-1.1961,4.2
2.4907,0.5344,-0.7361,-1.3307,4.4
2.4907,0.5344,-0.8842,-1.1962,4.6
2.4907,0.5344,-0.9969,-1.3614,4.8
2.4907,0.5344,-1.1213,-1.5181,5.0
2.4907,0.5344,-1.2604,-1.6618,5.2
2.4907,0.5344,-1.2478,-1.8614,5.4
2.4907,0.5344,-1.4135,-1.9733,5.6
2.4907,0.5344,-1.6135,-1.972,5.8
2.4907,0.5344,-1.7244,-2.1385,6.0
2.4907,0.5344,-1.8788,-2.2655,6.2
2.4907,0.5344,-2.0137,-2.4132,6.4
2.4907,0.5344,-2.2022,-2.3464,6.6
2.4907,0.5344,-2.2839,-2.529,6.8
2.4907,0.5344,-2.3655,-2.7115,7.0
2.4907,0.5344,-2.4418,-2.8821,7.1869
2.4907,0.5344,-2.4418,-2.8821,7.1869
2.37,0.375,2.4173,0.1807,0.2
2.37,0.375,2.2289,0.1137,0.4
2.37,0.375,2.0467,0.031,0.6
2.37,0.375,1.8467,0.0319,0.8
2.37,0.375,1.678,-0.0755,1.0
2.37,0.375,1.5062,0.0268,1.2
2.37,0.375,1.3383,-0.0818,1.4
2.37,0.375,1.1776,-0.2009,1.6
2.37,0.375,1.0271,-0.0691,1.8
2.37,0.375,0.8423,0.0074,2.0
2.37,0.375,0.6658,-0.0867,2.2
2.37,0.375,0.5171,-0.2205,2.4
2.37,0.375,0.3345,-0.302,2.6
2.37,0.375,0.3686,-0.499,2.8
2.37,0.375,0.2161,-0.6284,3.0
2.37,0.375,0.0635,-0.7577,3.2
2.37,0.375,-0.0995,-0.8735,3.4
2.37,0.375,-0.2923,-0.9269,3.6
2.37,0.375,-0.4402,-1.0615,3.8
2.37,0.375,-0.5882,-1.1961,4.0
2.37,0.375,-0.7361,-1.3307,4.2
2.37,0.375,-0.8842,-1.1962,4.4
2.37,0.375,-0.9969,-1.3614,4.6
2.37,0.375,-1.1213,-1.5181,4.8
2.37,0.375,-1.2604,-1.6618,5.0
2.37,0.375,-1.2478,-1.8614,5.2
2.37,0.375,-1.4135,-1.9733,5.4
2.37,0.375,-1.6135,-1.972,5.6
2.37,0.375,-1.7244,-2.1385,5.8
2.37,0.375,-1.8788,-2.2655,6.0
2.37,0.375,-2.0137,-2.4132,6.2
2.37,0.375,-2.2022,-2.3464,6.4
2.37,0.375,-2.2839,-2.529,6.6
2.37,0.375,-2.3655,-2.7115,6.8
2.37,0.375,-2.4418,-2.8821,6.9869
2.37,0.375,-2.4418,-2.8821,6.9869
2.4173,0.1807,2.2289,0.1137,0.2
2.4173,0.1807,2.0467,0.031,0.4
2.4173,0.1807,1.8467,0.0319,0.6
2.4173,0.1807,1.678,-0.0755,0.8
2.4173,0.1807,1.5062,0.0268,1.0
2.4173,0.1807,1.3383,-0.0818,1.2
2.4173,0.1807,1.1776,-0.2009,1.4
2.4173,0.1807,1.0271,-0.0691,1.6
2.4173,0.1807,0.8423,0.0074,1.8
2.4173,0.1807,0.6658,-0.0867,2.0
2.4173,0.1807,0.5171,-0.2205,2.2
2.4173,0.1807,0.3345,-0.302,2.4
2.4173,0.1807,0.3686,-0.499,2.6
2.4173,0.1807,0.2161,-0.6284,2.8
2.4173,0.1807,0.0635,-0.7577,3.0
2.4173,0.1807,-0.0995,-0.8735,3.2
2.4173,0.1807,-0.2923,-0.9269,3.4
2.4173,0.1807,-0.4402,-1.0615,3.6
2.4173,0.1807,-0.5882,-1.1961,3.8
2.4173,0.1807,-0.7361,-1.3307,4.0
2.4173,0.1807,-0.8842,-1.1962,4.2
2.4173,0.1807,-0.9969,-1.3614,4.4
2.4173,0.1807,-1.1213,-1.5181,4.6
2.4173,0.1807,-1.2604,-1.6618,4.8
2.4173,0.1807,-1.2478,-1.8614,5.0
2.4173,0.1807,-1.4135,-1.9733,5.2
2.4173,0.1807,-1.6135,-1.972,5.4
2.4173,0.1807,-1.7244,-2.1385,5.6
2.4173,0.1807,-1.8788,-2.2655,5.8
2.4173,0.1807,-2.0137,-2.4132,6.0
2.4173,0.1807,-2.2022,-2.3464,6.2
2.4173,0.1807,-2.2839,-2.529,6.4
2.4173,0.1807,-2.3655,-2.7115,6.6
2.4173,0.1807,-2.4418,-2.8821,6.7869
2.4173,0.1807,-2.4418,-2.8821,6.7869
2.2289,0.1137,2.0467,0.031,0.2
2.2289,0.1137,1.8467,0.0319,0.4
2.2289,0.1137,1.678,-0.0755,0.6
2.2289,0.1137,1.5062,0.0268,0.8
2.2289,0.1137,1.3383,-0.0818,1.0
2.2289,0.1137,1.1776,-0.2009,1.2
2.2289,0.1137,1.0271,-0.0691,1.4
2.2289,0.1137,0.8423,0.0074,1.6
2.2289,0.1137,0.6658,-0.0867,1.8
2.2289,0.1137,0.5171,-0.2205,2.0
2.2289,0.1137,0.3345,-0.302,2.2
2.2289,0.1137,0.3686,-0.499,2.4
2.2289,0.1137,0.2161,-0.6284,2.6
2.2289,0.1137,0.0635,-0.7577,2.8
2.2289,0.1137,-0.0995,-0.8735,3.0
2.2289,0.1137,-0.2923,-0.9269,3.2
2.2289,0.1137,-0.4402,-1.0615,3.4
2.2289,0.1137,-0.5882,-1.1961,3.6
2.2289,0.1137,-0.7361,-1.3307,3.8
2.2289,0.1137,-0.8842,-1.1962,4.0
2.2289,0.1137,-0.9969,-1.3614,4.2
2.2289,0.1137,-1.1213,-1.5181,4.4
2.2289,0.1137,-1.2604,-1.6618,4.6
2.2289,0.1137,-1.2478,-1.8614,4.8
2.2289,0.1137,-1.4135,-1.9733,5.0
2.2289,0.1137,-1.6135,-1.972,5.2
2.2289,0.1137,-1.7244,-2.1385,5.4
2.2289,0.1137,-1.8788,-2.2655,5.6
2.2289,0.1137,-2.0137,-2.4132,5.8
2.2289,0.1137,-2.2022,-2.3464,6.0
2.2289,0.1137,-2.2839,-2.529,6.2
2.2289,0.1137,-2.3655,-2.7115,6.4
2.2289,0.1137,-2.4418,-2.8821,6.5869
2.2289,0.1137,-2.4418,-2.8821,6.5869
2.0467,0.031,1.8467,0.0319,0.2
2.0467,0.031,1.678,-0.0755,0.4
2.0467,0.031,1.5062,0.0268,0.6
2.0467,0.031,1.3383,-0.0818,0.8
2.0467,0.031,1.1776,-0.2009,1.0
2.0467,0.031,1.0271,-0.0691,1.2
2.0467,0.031,0.8423,0.0074,1.4
2.0467,0.031,0.6658,-0.0867,1.6
2.0467,0.031,0.5171,-0.2205,1.8
2.0467,0.031,0.3345,-0.302,2.0
2.0467,0.031,0.3686,-0.499,2.2
2.0467,0.031,0.2161,-0.6284,2.4
2.0467,0.031,0.0635,-0.7577,2.6
2.0467,0.031,-0.0995,-0.8735,2.8
2.0467,0.031,-0.2923,-0.9269,3.0
2.0467,0.031,-0.4402,-1.0615,3.2
2.0467,0.031,-0.5882,-1.1961,3.4
2.0467,0.031,-0.7361,-1.3307,3.6
2.0467,0.031,-0.8842,-1.1962,3.8
2.0467,0.031,-0.9969,-1.3614,4.0
2.0467,0.031,-1.1213,-1.5181,4.2
2.0467,0.031,-1.2604,-1.6618,4.4
2.0467,0.031,-1.2478,-1.8614,4.6
2.0467,0.031,-1.4135,-1.9733,4.8
2.0467,0.031,-1.6135,-1.972,5.0
2.0467,0.031,-1.7244,-2.1385,5.2
2.0467,0.031,-1.8788,-2.2655,5.4
2.0467,0.031,-2.0137,-2.4132,5.6
2.0467,0.031,-2.2022,-2.3464,5.8
2.0467,0.031,-2.2839,-2.529,6.0
2.0467,0.031,-2.3655,-2.7115,6.2
2.0467,0.031,-2.4418,-2.8821,6.3869
2.0467,0.031,-2.4418,-2.8821,6.3869
1.8467,0.0319,1.678,-0.0755,0.2
1.8467,0.0319,1.5062,0.0268,0.4
1.8467,0.0319,1.3383,-0.0818,0.6
1.8467,0.0319,1.1776,-0.2009,0.8
1.8467,0.0319,1.0271,-0.0691,1.0
1.8467,0.0319,0.8423,0.0074,1.2
1.8467,0.0319,0.6658,-0.0867,1.4
1.8467,0.0319,0.5171,-0.2205,1.6
1.8467,0.0319,0.3345,-0.302,1.8
1.8467,0.0319,0.3686,-0.499,2.0
1.8467,0.0319,0.2161,-0.6284,2.2
1.8467,0.0319,0.0635,-0.7577,2.4
1.8467,0.0319,-0.0995,-0.8735,2.6
1.8467,0.0319,-0.2923,-0.9269,2.8
1.8467,0.0319,-0.4402,-1.0615,3.0
1.8467,0.0319,-0.5882,-1.1961,3.2
1.8467,0.0319,-0.7361,-1.3307,3.4
1.8467,0.0319,-0.8842,-1.1962,3.6
1.8467,0.0319,-0.9969,-1.3614,3.8
1.8467,0.0319,-1.1213,-1.5181,4.0
1.8467,0.0319,-1.2604,-1.6618,4.2
1.8467,0.0319,-1.2478,-1.8614,4.4
1.8467,0.0319,-1.4135,-1.9733,4.6
1.8467,0.0319,-1.6135,-1.972,4.8
1.8467,0.0319,-1.7244,-2.1385,5.0
1.8467,0.0319,-1.8788,-2.2655,5.2
1.8467,0.0319,-2.0137,-2.4132,5.4
1.8467,0.0319,-2.2022,-2.3464,5.6
1.8467,0.0319,-2.2839,-2.529,5.8
1.8467,0.0319,-2.3655,-2.7115,6.0
1.8467,0.0319,-2.4418,-2.8821,6.1869
1.8467,0.0319,-2.4418,-2.8821,6.1869
1.678,-0.0755,1.5062,0.0268,0.2
1.678,-0.0755,1.3383,-0.0818,0.4
1.678,-0.0755,1.1776,-0.2009,0.6
1.678,-0.0755,1.0271,-0.0691,0.8
1.678,-0.0755,0.8423,0.0074,1.0
1.678,-0.0755,0.6658,-0.0867,1.2
1.678,-0.0755,0.5171,-0.2205,1.4
1.678,-0.0755,0.3345,-0.302,1.6
1.678,-0.0755,0.3686,-0.499,1.8
1.678,-0.0755,0.2161,-0.6284,2.0
1.678,-0.0755,0.0635,-0.7577,2.2
1.678,-0.0755,-0.0995,-0.8735,2.4
1.678,-0.0755,-0.2923,-0.9269,2.6
1.678,-0.0755,-0.4402,-1.0615,2.8
1.678,-0.0755,-0.5882,-1.1961,3.0
1.678,-0.0755,-0.7361,-1.3307,3.2
1.678,-0.0755,-0.8842,-1.1962,3.4
1.678,-0.0755,-0.9969,-1.3614,3.6
1.678,-0.0755,-1.1213,-1.5181,3.8
1.678,-0.0755,-1.2604,-1.6618,4.0
1.678,-0.0755,-1.2478,-1.8614,4.2
1.678,-0.0755,-1.4135,-1.9733,4.4
1.678,-0.0755,-1.6135,-1.972,4.6
1.678,-0.0755,-1.7244,-2.1385,4.8
1.678,-0.0755,-1.8788,-2.2655,5.0
1.678,-0.0755,-2.0137,-2.4132,5.2
1.678,-0.0755,-2.2022,-2.3464,5.4
1.678,-0.0755,-2.2839,-2.529,5.6
1.678,-0.0755,-2.3655,-2.7115,5.8
1.678,-0.0755,-2.4418,-2.8821,5.9869
1.678,-0.0755,-2.4418,-2.8821,5.9869
1.5062,0.0268,1.3383,-0.0818,0.2
1.5062,0.0268,1.1776,-0.2009,0.4
1.5062,0.0268,1.0271,-0.0691,0.6
1.5062,0.0268,0.8423,0.0074,0.8
1.5062,0.0268,0.6658,-0.0867,1.0
1.5062,0.0268,0.5171,-0.2205,1.2
1.5062,0.0268,0.3345,-0.302,1.4
1.5062,0.0268,0.3686,-0.499,1.6
1.5062,0.0268,0.2161,-0.6284,1.8
1.5062,0.0268,0.0635,-0.7577,2.0
1.5062,0.0268,-0.0995,-0.8735,2.2
1.5062,0.0268,-0.2923,-0.9269,2.4
1.5062,0.0268,-0.4402,-1.0615,2.6
1.5062,0.0268,-0.5882,-1.1961,2.8
1.5062,0.0268,-0.7361,-1.3307,3.0
1.5062,0.0268,-0.8842,-1.1962,3.2
1.5062,0.0268,-0.9969,-1.3614,3.4
1.5062,0.0268,-1.1213,-1.5181,3.6
1.5062,0.0268,-1.2604,-1.6618,3.8
1.5062,0.0268,-1.2478,-1.8614,4.0
1.5062,0.0268,-1.4135,-1.9733,4.2
1.5062,0.0268,-1.6135,-1.972,4.4
1.5062,0.0268,-1.7244,-2.1385,4.6
1.5062,0.0268,-1.8788,-2.2655,4.8
1.5062,0.0268,-2.0137,-2.4132,5.0
1.5062,0.0268,-2.2022,-2.3464,5.2
1.5062,0.0268,-2.2839,-2.529,5.4
1.5062,0.0268,-2.3655,-2.7115,5.6
1.5062,0.0268,-2.4418,-2.8821,5.7869
1.5062,0.0268,-2.4418,-2.8821,5.7869
1.3383,-0.0818,1.1776,-0.2009,0.2
1.3383,-0.0818,1.0271,-0.0691,0.4
1.3383,-0.0818,0.8423,0.0074,0.6
1.3383,-0.0818,0.6658,-0.0867,0.8
1.3383,-0.0818,0.5171,-0.2205,1.0
1.3383,-0.0818,0.3345,-0.302,1.2
1.3383,-0.0818,0.3686,-0.499,1.4
1.3383,-0.0818,0.2161,-0.6284,1.6
1.3383,-0.0818,0.0635,-0.7577,1.8
1.3383,-0.0818,-0.0995,-0.8735,2.0
1.3383,-0.0818,-0.2923,-0.9269,2.2
1.3383,-0.0818,-0.4402,-1.0615,2.4
1.3383,-0.0818,-0.5882,-1.1961,2.6
1.3383,-0.0818,-0.7361,-1.3307,2.8
1.3383,-0.0818,-0.8842,-1.1962,3.0
1.3383,-0.0818,-0.9969,-1.3614,3.2
1.3383,-0.0818,-1.1213,-1.5181,3.4
1.3383,-0.0818,-1.2604,-1.6618,3.6
1.3383,-0.0818,-1.2478,-1.8614,3.8
1.3383,-0.0818,-1.4135,-1.9733,4.0
1.3383,-0.0818,-1.6135,-1.972,4.2
1.3383,-0.0818,-1.7244,-2.1385,4.4
1.3383,-0.0818,-1.8788,-2.2655,4.6
1.3383,-0.0818,-2.0137,-2.4132,4.8
1.3383,-0.0818,-2.2022,-2.3464,5.0
1.3383,-0.0818,-2.2839,-2.529,5.2
1.3383,-0.0818,-2.3655,-2.7115,5.4
1.3383,-0.0818,-2.4418,-2.8821,5.5869
1.3383,-0.0818,-2.4418,-2.8821,5.5869
1.1776,-0.2009,1.0271,-0.0691,0.2
1.1776,-0.2009,0.8423,0.0074,0.4
1.1776,-0.2009,0.6658,-0.0867,0.6
1.1776,-0.2009,0.5171,-0.2205,0.8
1.1776,-0.2009,0.3345,-0.302,1.0
1.1776,-0.2009,0.3686,-0.499,1.2
1.1776,-0.2009,0.2161,-0.6284,1.4
1.1776,-0.2009,0.0635,-0.7577,1.6
1.1776,-0.2009,-0.0995,-0.8735,1.8
1.1776,-0.2009,-0.2923,-0.9269,2.0
1.1776,-0.2009,-0.4402,-1.0615,2.2
1.1776,-0.2009,-0.5882,-1.1961,2.4
1.1776,-0.2009,-0.7361,-1.3307,2.6
1.1776,-0.2009,-0.8842,-1.1962,2.8
1.1776,-0.2009,-0.9969,-1.3614,3.0
1.1776,-0.2009,-1.1213,-1.5181,3.2
1.1776,-0.2009,-1.2604,-1.6618,3.4
1.1776,-0.2009,-1.2478,-1.8614,3.6
1.1776,-0.2009,-1.4135,-1.9733,3.8
1.1776,-0.2009,-1.6135,-1.972,4.0
1.1776,-0.2009,-1.7244,-2.1385,4.2
1.1776,-0.2009,-1.8788,-2.2655,4.4
1.1776,-0.2009,-2.0137,-2.4132,4.6
1.1776,-0.2009,-2.2022,-2.3464,4.8
1.1776,-0.2009,-2.2839,-2.529,5.0
1.1776,-0.2009,-2.3655,-2.7115,5.2
1.1776,-0.2009,-2.4418,-2.8821,5.3869
1.1776,-0.2009,-2.4418,-2.8821,5.3869
1.0271,-0.0691,0.8423,0.0074,0.2
1.0271,-0.0691,0.6658,-0.0867,0.4
1.0271,-0.0691,0.5171,-0.2205,0.6
1.0271,-0.0691,0.3345,-0.302,0.8
1.0271,-0.0691,0.3686,-0.499,1.0
1.0271,-0.0691,0.2161,-0.6284,1.2
1.0271,-0.0691,0.0635,-0.7577,1.4
1.0271,-0.0691,-0.0995,-0.8735,1.6
1.0271,-0.0691,-0.2923,-0.9269,1.8
1.0271,-0.0691,-0.4402,-1.0615,2.0
1.0271,-0.0691,-0.5882,-1.1961,2.2
1.0271,-0.0691,-0.7361,-1.3307,2.4
1.0271,-0.0691,-0.8842,-1.1962,2.6
1.0271,-0.0691,-0.9969,-1.3614,2.8
1.0271,-0.0691,-1.1213,-1.5181,3.0
1.0271,-0.0691,-1.2604,-1.6618,3.2
1.0271,-0.0691,-1.2478,-1.8614,3.4
1.0271,-0.0691,-1.4135,-1.9733,3.6
1.0271,-0.0691,-1.6135,-1.972,3.8
1.0271,-0.0691,-1.7244,-2.1385,4.0
1.0271,-0.0691,-1.8788,-2.2655,4.2
1.0271,-0.0691,-2.0137,-2.4132,4.4
1.0271,-0.0691,-2.2022,-2.3464,4.6
1.0271,-0.0691,-2.2839,-2.529,4.8
1.0271,-0.0691,-2.3655,-2.7115,5.0
1.0271,-0.0691,-2.4418,-2.8821,5.1869
1.0271,-0.0691,-2.4418,-2.8821,5.1869
0.8423,0.0074,0.6658,-0.0867,0.2
0.8423,0.0074,0.5171,-0.2205,0.4
0.8423,0.0074,0.3345,-0.302,0.6
0.8423,0.0074,0.3686,-0.499,0.8
0.8423,0.0074,0.2161,-0.6284,1.0
0.8423,0.0074,0.0635,-0.7577,1.2
0.8423,0.0074,-0.0995,-0.8735,1.4
0.8423,0.0074,-0.2923,-0.9269,1.6
0.8423,0.0074,-0.4402,-1.0615,1.8
0.8423,0.0074,-0.5882,-1.1961,2.0
0.8423,0.0074,-0.7361,-1.3307,2.2
0.8423,0.0074,-0.8842,-1.1962,2.4
0.8423,0.0074,-0.9969,-1.3614,2.6
0.8423,0.0074,-1.1213,-1.5181,2.8
0.8423,0.0074,-1.2604,-1.6618,3.0
0.8423,0.0074,-1.2478,-1.8614,3.2
0.8423,0.0074,-1.4135,-1.9733,3.4
0.8423,0.0074,-1.6135,-1.972,3.6
0.8423,0.0074,-1.7244,-2.1385,3.8
0.8423,0.0074,-1.8788,-2.2655,4.0
0.8423,0.0074,-2.0137,-2.4132,4.2
0.8423,0.0074,-2.2022,-2.3464,4.4
0.8423,0.0074,-2.2839,-2.529,4.6
0.8423,0.0074,-2.3655,-2.7115,4.8
0.8423,0.0074,-2.4418,-2.8821,4.9869
0.8423,0.0074,-2.4418,-2.8821,4.9869
0.6658,-0.0867,0.5171,-0.2205,0.2
0.6658,-0.0867,0.3345,-0.302,0.4
0.6658,-0.0867,0.3686,-0.499,0.6
0.6658,-0.0867,0.2161,-0.6284,0.8
0.6658,-0.0867,0.0635,-0.7577,1.0
0.6658,-0.0867,-0.0995,-0.8735,1.2
0.6658,-0.0867,-0.2923,-0.9269,1.4
0.6658,-0.0867,-0.4402,-1.0615,1.6
0.6658,-0.0867,-0.5882,-1.1961,1.8
0.6658,-0.0867,-0.7361,-1.3307,2.0
0.6658,-0.0867,-0.8842,-1.1962,2.2
0.6658,-0.0867,-0.9969,-1.3614,2.4
0.6658,-0.0867,-1.1213,-1.5181,2.6
0.6658,-0.0867,-1.2604,-1.6618,2.8
0.6658,-0.0867,-1.2478,-1.8614,3.0
0.6658,-0.0867,-1.4135,-1.9733,3.2
0.6658,-0.0867,-1.6135,-1.972,3.4
0.6658,-0.0867,-1.7244,-2.1385,3.6
0.6658,-0.0867,-1.8788,-2.2655,3.8
0.6658,-0.0867,-2.0137,-2.4132,4.0
0.6658,-0.0867,-2.2022,-2.3464,4.2
0.6658,-0.0867,-2.2839,-2.529,4.4
0.6658,-0.0867,-2.3655,-2.7115,4.6
0.6658,-0.0867,-2.4418,-2.8821,4.7869
0.6658,-0.0867,-2.4418,-2.8821,4.7869
0.5171,-0.2205,0.3345,-0.302,0.2
0.5171,-0.2205,0.3686,-0.499,0.4
0.5171,-0.2205,0.2161,-0.6284,0.6
0.5171,-0.2205,0.0635,-0.7577,0.8
0.5171,-0.2205,-0.0995,-0.8735,1.0
0.5171,-0.2205,-0.2923,-0.9269,1.2
0.5171,-0.2205,-0.4402,-1.0615,1.4
0.5171,-0.2205,-0.5882,-1.1961,1.6
0.5171,-0.2205,-0.7361,-1.3307,1.8
0.5171,-0.2205,-0.8842,-1.1962,2.0
0.5171,-0.2205,-0.9969,-1.3614,2.2
0.5171,-0.2205,-1.1213,-1.5181,2.4
0.5171,-0.2205,-1.2604,-1.6618,2.6
0.5171,-0.2205,-1.2478,-1.8614,2.8
0.5171,-0.2205,-1.4135,-1.9733,3.0
0.5171,-0.2205,-1.6135,-1.972,3.2
0.5171,-0.2205,-1.7244,-2.1385,3.4
0.5171,-0.2205,-1.8788,-2.2655,3.6
0.5171,-0.2205,-2.0137,-2.4132,3.8
0.5171,-0.2205,-2.2022,-2.3464,4.0
0.5171,-0.2205,-2.2839,-2.529,4.2
0.5171,-0.2205,-2.3655,-2.7115,4.4
0.5171,-0.2205,-2.4418,-2.8821,4.5869
0.5171,-0.2205,-2.4418,-2.8821,4.5869
0.3345,-0.302,0.3686,-0.499,0.2
0.3345,-0.302,0.2161,-0.6284,0.4
0.3345,-0.302,0.0635,-0.7577,0.6
0.3345,-0.302,-0.0995,-0.8735,0.8
0.3345,-0.302,-0.2923,-0.9269,1.0
0.3345,-0.302,-0.4402,-1.0615,1.2
0.3345,-0.302,-0.5882,-1.1961,1.4
0.3345,-0.302,-0.7361,-1.3307,1.6
0.3345,-0.302,-0.8842,-1.1962,1.8
0.3345,-0.302,-0.9969,-1.3614,2.0
0.3345,-0.302,-1.1213,-1.5181,2.2
0.3345,-0.302,-1.2604,-1.6618,2.4
0.3345,-0.302,-1.2478,-1.8614,2.6
0.3345,-0.302,-1.4135,-1.9733,2.8
0.3345,-0.302,-1.6135,-1.972,3.0
0.3345,-0.302,-1.7244,-2.1385,3.2
0.3345,-0.302,-1.8788,-2.2655,3.4
0.3345,-0.302,-2.0137,-2.4132,3.6
0.3345,-0.302,-2.2022,-2.3464,3.8
0.3345,-0.302,-2.2839,-2.529,4.0
0.3345,-0.302,-2.3655,-2.7115,4.2
0.3345,-0.302,-2.4418,-2.8821,4.3869
0.3345,-0.302,-2.4418,-2.8821,4.3869
0.3686,-0.499,0.2161,-0.6284,0.2
0.3686,-0.499,0.0635,-0.7577,0.4
0.3686,-0.499,-0.0995,-0.8735,0.6
0.3686,-0.499,-0.2923,-0.9269,0.8
0.3686,-0.499,-0.4402,-1.0615,1.0
0.3686,-0.499,-0.5882,-1.1961,1.2
0.3686,-0.499,-0.7361,-1.3307,1.4
0.3686,-0.499,-0.8842,-1.1962,1.6
0.3686,-0.499,-0.9969,-1.3614,1.8
0.3686,-0.499,-1.1213,-1.5181,2.0
0.3686,-0.499,-1.2604,-1.6618,2.2
0.3686,-0.499,-1.2478,-1.8614,2.4
0.3686,-0.499,-1.4135,-1.9733,2.6
0.3686,-0.499,-1.6135,-1.972,2.8
0.3686,-0.499,-1.7244,-2.1385,3.0
0.3686,-0.499,-1.8788,-2.2655,3.2
0.3686,-0.499,-2.0137,-2.4132,3.4
0.3686,-0.499,-2.2022,-2.3464,3.6
0.3686,-0.499,-2.2839,-2.529,3.8
0.3686,-0.499,-2.3655,-2.7115,4.0
0.3686,-0.499,-2.4418,-2.8821,4.1869
0.3686,-0.499,-2.4418,-2.8821,4.1869
0.2161,-0.6284,0.0635,-0.7577,0.2
0.2161,-0.6284,-0.0995,-0.8735,0.4
0.2161,-0.6284,-0.2923,-0.9269,0.6
0.2161,-0.6284,-0.4402,-1.0615,0.8
0.2161,-0.6284,-0.5882,-1.1961,1.0
0.2161,-0.6284,-0.7361,-1.3307,1.2
0.2161,-0.6284,-0.8842,-1.1962,1.4
0.2161,-0.6284,-0.9969,-1.3614,1.6
0.2161,-0.6284,-1.1213,-1.5181,1.8
0.2161,-0.6284,-1.2604,-1.6618,2.0
0.2161,-0.6284,-1.2478,-1.8614,2.2
0.2161,-0.6284,-1.4135,-1.9733,2.4
0.2161,-0.6284,-1.6135,-1.972,2.6
0.2161,-0.6284,-1.7244,-2.1385,2.8
0.2161,-0.6284,-1.8788,-2.2655,3.0
0.2161,-0.6284,-2.0137,-2.4132,3.2
0.2161,-0.6284,-2.2022,-2.3464,3.4
0.2161,-0.6284,-2.2839,-2.529,3.6
0.2161,-0.6284,-2.3655,-2.7115,3.8
0.2161,-0.6284,-2.4418,-2.8821,3.9869
0.2161,-0.6284,-2.4418,-2.8821,3.9869
0.0635,-0.7577,-0.0995,-0.8735,0.2
0.0635,-0.7577,-0.2923,-0.9269,0.4
0.0635,-0.7577,-0.4402,-1.0615,0.6
0.0635,-0.7577,-0.5882,-1.1961,0.8
0.0635,-0.7577,-0.7361,-1.3307,1.0
0.0635,-0.7577,-0.8842,-1.1962,1.2
0.0635,-0.7577,-0.9969,-1.3614,1.4
0.0635,-0.7577,-1.1213,-1.5181,1.6
0.0635,-0.7577,-1.2604,-1.6618,1.8
0.0635,-0.7577,-1.2478,-1.8614,2.0
0.0635,-0.7577,-1.4135,-1.9733,2.2
0.0635,-0.7577,-1.6135,-1.972,2.4
0.0635,-0.7577,-1.7244,-2.1385,2.6
0.0635,-0.7577,-1.8788,-2.2655,2.8
0.0635,-0.7577,-2.0137,-2.4132,3.0
0.0635,-0.7577,-2.2022,-2.3464,3.2
0.0635,-0.7577,-2.2839,-2.529,3.4
0.0635,-0.7577,-2.3655,-2.7115,3.6
0.0635,-0.7577,-2.4418,-2.8821,3.7869
0.0635,-0.7577,-2.4418,-2.8821,3.7869
-0.0995,-0.8735,-0.2923,-0.9269,0.2
-0.0995,-0.8735,-0.4402,-1.0615,0.4
-0.0995,-0.8735,-0.5882,-1.1961,0.6
-0.0995,-0.8735,-0.7361,-1.3307,0.8
-0.0995,-0.8735,-0.8842,-1.1962,1.0
-0.0995,-0.8735,-0.9969,-1.3614,1.2
-0.0995,-0.8735,-1.1213,-1.5181,1.4
-0.0995,-0.8735,-1.2604,-1.6618,1.6
-0.0995,-0.8735,-1.2478,-1.8614,1.8
-0.0995,-0.8735,-1.4135,-1.9733,2.0
-0.0995,-0.8735,-1.6135,-1.972,2.2
-0.0995,-0.8735,-1.7244,-2.1385,2.4
-0.0995,-0.8735,-1.8788,-2.2655,2.6
-0.0995,-0.8735,-2.0137,-2.4132,2.8
-0.0995,-0.8735,-2.2022,-2.3464,3.0
-0.0995,-0.8735,-2.2839,-2.529,3.2
-0.0995,-0.8735,-2.3655,-2.7115,3.4
-0.0995,-0.8735,-2.4418,-2.8821,3.5869
-0.0995,-0.8735,-2.4418,-2.8821,3.5869
-0.2923,-0.9269,-0.4402,-1.0615,0.2
-0.2923,-0.9269,-0.5882,-1.1961,0.4
-0.2923,-0.9269,-0.7361,-1.3307,0.6
-0.2923,-0.9269,-0.8842,-1.1962,0.8
-0.2923,-0.9269,-0.9969,-1.3614,1.0
-0.2923,-0.9269,-1.1213,-1.5181,1.2
-0.2923,-0.9269,-1.2604,-1.6618,1.4
-0.2923,-0.9269,-1.2478,-1.8614,1.6
-0.2923,-0.9269,-1.4135,-1.9733,1.8
-0.2923,-0.9269,-1.6135,-1.972,2.0
-0.2923,-0.9269,-1.7244,-2.1385,2.2
-0.2923,-0.9269,-1.8788,-2.2655,2.4
-0.2923,-0.9269,-2.0137,-2.4132,2.6
-0.2923,-0.9269,-2.2022,-2.3464,2.8
-0.2923,-0.9269,-2.2839,-2.529,3.0
-0.2923,-0.9269,-2.3655,-2.7115,3.2
-0.2923,-0.9269,-2.4418,-2.8821,3.3869
-0.2923,-0.9269,-2.4418,-2.8821,3.3869
-0.4402,-1.0615,-0.5882,-1.1961,0.2
-0.4402,-1.0615,-0.7361,-1.3307,0.4
-0.4402,-1.0615,-0.8842,-1.1962,0.6
-0.4402,-1.0615,-0.9969,-1.3614,0.8
-0.4402,-1.0615,-1.1213,-1.5181,1.0
-0.4402,-1.0615,-1.2604,-1.6618,1.2
-0.4402,-1.0615,-1.2478,-1.8614,1.4
-0.4402,-1.0615,-1.4135,-1.9733,1.6
-0.4402,-1.0615,-1.6135,-1.972,1.8
-0.4402,-1.0615,-1.7244,-2.1385,2.0
-0.4402,-1.0615,-1.8788,-2.2655,2.2
-0.4402,-1.0615,-2.0137,-2.4132,2.4
-0.4402,-1.0615,-2.2022,-2.3464,2.6
-0.4402,-1.0615,-2.2839,-2.529,2.8
-0.4402,-1.0615,-2.3655,-2.7115,3.0
-0.4402,-1.0615,-2.4418,-2.8821,3.1869
-0.4402,-1.0615,-2.4418,-2.8821,3.1869
-0.5882,-1.1961,-0.7361,-1.3307,0.2
-0.5882,-1.1961,-0.8842,-1.1962,0.4
-0.5882,-1.1961,-0.9969,-1.3614,0.6
-0.5882,-1.1961,-1.1213,-1.5181,0.8
-0.5882,-1.1961,-1.2604,-1.6618,1.0
-0.5882,-1.1961,-1.2478,-1.8614,1.2
-0.5882,-1.1961,-1.4135,-1.9733,1.4
-0.5882,-1.1961,-1.6135,-1.972,1.6
-0.5882,-1.1961,-1.7244,-2.1385,1.8
-0.5882,-1.1961,-1.8788,-2.2655,2.0
-0.5882,-1.1961,-2.0137,-2.4132,2.2
-0.5882,-1.1961,-2.2022,-2.3464,2.4
-0.5882,-1.1961,-2.2839,-2.529,2.6
-0.5882,-1.1961,-2.3655,-2.7115,2.8
-0.5882,-1.1961,-2.4418,-2.8821,2.9869
-0.5882,-1.1961,-2.4418,-2.8821,2.9869
-0.7361,-1.3307,-0.8842,-1.1962,0.2
-0.7361,-1.3307,-0.9969,-1.3614,0.4
-0.7361,-1.3307,-1.1213,-1.5181,0.6
-0.7361,-1.3307,-1.2604,-1.6618,0.8
-0.7361,-1.3307,-1.2478,-1.8614,1.0
-0.7361,-1.3307,-1.4135,-1.9733,1.2
-0.7361,-1.3307,-1.6135,-1.972,1.4
-0.7361,-1.3307,-1.7244,-2.1385,1.6
-0.7361,-1.3307,-1.8788,-2.2655,1.8
-0.7361,-1.3307,-2.0137,-2.4132,2.0
-0.7361,-1.3307,-2.2022,-2.3464,2.2
-0.7361,-1.3307,-2.2839,-2.529,2.4
-0.7361,-1.3307,-2.3655,-2.7115,2.6
-0.7361,-1.3307,-2.4418,-2.8821,2.7869
-0.7361,-1.3307,-2.4418,-2.8821,2.7869
-0.8842,-1.1962,-0.9969,-1.3614,0.2
-0.8842,-1.1962,-1.1213,-1.5181,0.4
-0.8842,-1.1962,-1.2604,-1.6618,0.6
-0.8842,-1.1962,-1.2478,-1.8614,0.8
-0.8842,-1.1962,-1.4135,-1.9733,1.0
-0.8842,-1.1962,-1.6135,-1.972,1.2
-0.8842,-1.1962,-1.7244,-2.1385,1.4
-0.8842,-1.1962,-1.8788,-2.2655,1.6
-0.8842,-1.1962,-2.0137,-2.4132,1.8
-0.8842,-1.1962,-2.2022,-2.3464,2.0
-0.8842,-1.1962,-2.2839,-2.529,2.2
-0.8842,-1.1962,-2.3655,-2.7115,2.4
-0.8842,-1.1962,-2.4418,-2.8821,2.5869
-0.8842,-1.1962,-2.4418,-2.8821,2.5869
-0.9969,-1.3614,-1.1213,-1.5181,0.2
-0.9969,-1.3614,-1.2604,-1.6618,0.4
-0.9969,-1.3614,-1.2478,-1.8614,0.6
-0.9969,-1.3614,-1.4135,-1.9733,0.8
-0.9969,-1.3614,-1.6135,-1.972,1.0
-0.9969,-1.3614,-1.7244,-2.1385,1.2
-0.9969,-1.3614,-1.8788,-2.2655,1.4
-0.9969,-1.3614,-2.0137,-2.4132,1.6
-0.9969,-1.3614,-2.2022,-2.3464,1.8
-0.9969,-1.3614,-2.2839,-2.529,2.0
-0.9969,-1.3614,-2.3655,-2.7115,2.2
-0.9969,-1.3614,-2.4418,-2.8821,2.3869
-0.9969,-1.3614,-2.4418,-2.8821,2.3869
-1.1213,-1.5181,-1.2604,-1.6618,0.2
-1.1213,-1.5181,-1.2478,-1.8614,0.4
-1.1213,-1.5181,-1.4135,-1.9733,0.6
-1.1213,-1.5181,-1.6135,-1.972,0.8
-1.1213,-1.5181,-1.7244,-2.1385,1.0
-1.1213,-1.5181,-1.8788,-2.2655,1.2
-1.1213,-1.5181,-2.0137,-2.4132,1.4
-1.1213,-1.5181,-2.2022,-2.3464,1.6
-1.1213,-1.5181,-2.2839,-2.529,1.8
-1.1213,-1.5181,-2.3655,-2.7115,2.0
-1.1213,-1.5181,-2.4418,-2.8821,2.1869
-1.1213,-1.5181,-2.4418,-2.8821,2.1869
-1.2604,-1.6618,-1.2478,-1.8614,0.2
-1.2604,-1.6618,-1.4135,-1.9733,0.4
-1.2604,-1.6618,-1.6135,-1.972,0.6
-1.2604,-1.6618,-1.7244,-2.1385,0.8
-1.2604,-1.6618,-1.8788,-2.2655,1.0
-1.2604,-1.6618,-2.0137,-2.4132,1.2
-1.2604,-1.6618,-2.2022,-2.3464,1.4
-1.2604,-1.6618,-2.2839,-2.529,1.6
-1.2604,-1.6618,-2.3655,-2.7115,1.8
-1.2604,-1.6618,-2.4418,-2.8821,1.9869
-1.2604,-1.6618,-2.4418,-2.8821,1.9869
-1.2478,-1.8614,-1.4135,-1.9733,0.2
-1.2478,-1.8614,-1.6135,-1.972,0.4
-1.2478,-1.8614,-1.7244,-2.1385,0.6
-1.2478,-1.8614,-1.8788,-2.2655,0.8
-1.2478,-1.8614,-2.0137,-2.4132,1.0
-1.2478,-1.8614,-2.2022,-2.3464,1.2
-1.2478,-1.8614,-2.2839,-2.529,1.4
-1.2478,-1.8614,-2.3655,-2.7115,1.6
-1.2478,-1.8614,-2.4418,-2.8821,1.7869
-1.2478,-1.8614,-2.4418,-2.8821,1.7869
-1.4135,-1.9733,-1.6135,-1.972,0.2
-1.4135,-1.9733,-1.7244,-2.1385,0.4
-1.4135,-1.9733,-1.8788,-2.2655,0.6
-1.4135,-1.9733,-2.0137,-2.4132,0.8
-1.4135,-1.9733,-2.2022,-2.3464,1.0
-1.4135,-1.9733,-2.2839,-2.529,1.2
-1.4135,-1.9733,-2.3655,-2.7115,1.4
-1.4135,-1.9733,-2.4418,-2.8821,1.5869
-1.4135,-1.9733,-2.4418,-2.8821,1.5869
-1.6135,-1.972,-1.7244,-2.1385,0.2
-1.6135,-1.972,-1.8788,-2.2655,0.4
-1.6135,-1.972,-2.0137,-2.4132,0.6
-1.6135,-1.972,-2.2022,-2.3464,0.8
-1.6135,-1.972,-2.2839,-2.529,1.0
-1.6135,-1.972,-2.3655,-2.7115,1.2
-1.6135,-1.972,-2.4418,-2.8821,1.3869
-1.6135,-1.972,-2.4418,-2.8821,1.3869
-1.7244,-2.1385,-1.8788,-2.2655,0.2
-1.7244,-2.1385,-2.0137,-2.4132,0.4
-1.7244,-2.1385,-2.2022,-2.3464,0.6
-1.7244,-2.1385,-2.2839,-2.529,0.8
-1.7244,-2.1385,-2.3655,-2.7115,1.0
-1.7244,-2.1385,-2.4418,-2.8821,1.1869
-1.7244,-2.1385,-2.4418,-2.8821,1.1869
-1.8788,-2.2655,-2.0137,-2.4132,0.2
-1.8788,-2.2655,-2.2022,-2.3464,0.4
-1.8788,-2.2655,-2.2839,-2.529,0.6
-1.8788,-2.2655,-2.3655,-2.7115,0.8
-1.8788,-2.2655,-2.4418,-2.8821,0.9869
-1.8788,-2.2655,-2.4418,-2.8821,0.9869
-2.0137,-2.4132,-2.2022,-2.3464,0.2
-2.0137,-2.4132,-2.2839,-2.529,0.4
-2.0137,-2.4132,-2.3655,-2.7115,0.6
-2.0137,-2.4132,-2.4418,-2.8821,0.7869
-2.0137,-2.4132,-2.4418,-2.8821,0.7869
-2.2022,-2.3464,-2.2839,-2.529,0.2
-2.2022,-2.3464,-2.3655,-2.7115,0.4
-2.2022,-2.3464,-2.4418,-2.8821,0.5869
-2.2022,-2.3464,-2.4418,-2.8821,0.5869
-2.2839,-2.529,-2.3655,-2.7115,0.2
-2.2839,-2.529,-2.4418,-2.8821,0.3869
-2.2839,-2.529,-2.4418,-2.8821,0.3869
-2.3655,-2.7115,-2.4418,-2.8821,0.1869
-2.3655,-2.7115,-2.4418,-2.8821,0.1869
-2.4418,-2.8821,-2.4418,-2.8821,0.0
-1.7705,-0.4244,-1.6106,-0.3043,0.2
-1.7705,-0.4244,-1.6185,-0.1044,0.4
-1.7705,-0.4244,-1.4763,0.0362,0.6
-1.7705,-0.4244,-1.2781,0.0633,0.8
-1.7705,-0.4244,-1.1864,0.2411,1.0
-1.7705,-0.4244,-1.0098,0.1472,1.2
-1.7705,-0.4244,-0.8255,0.2251,1.4
-1.7705,-0.4244,-0.6819,0.3642,1.6
-1.7705,-0.4244,-0.6175,0.4845,1.7364
-1.7705,-0.4244,-0.5077,0.6517,1.9364
-1.7705,-0.4244,-0.5483,0.8475,2.1364
-1.7705,-0.4244,-0.4752,1.0337,2.3364
-1.7705,-0.4244,-0.2842,1.0929,2.5364
-1.7705,-0.4244,-0.0876,1.1295,2.7364
-1.7705,-0.4244,0.014,0.9572,2.9364
-1.7705,-0.4244,0.0303,0.9295,2.9686
-1.7705,-0.4244,0.0303,0.9295,2.9686
-1.6106,-0.3043,-1.6185,-0.1044,0.2
-1.6106,-0.3043,-1.4763,0.0362,0.4
-1.6106,-0.3043,-1.2781,0.0633,0.6
-1.6106,-0.3043,-1.1864,0.2411,0.8
-1.6106,-0.3043,-1.0098,0.1472,1.0
-1.6106,-0.3043,-0.8255,0.2251,1.2
-1.6106,-0.3043,-0.6819,0.3642,1.4
-1.6106,-0.3043,-0.6175,0.4845,1.5364
-1.6106,-0.3043,-0.5077,0.6517,1.7364
-1.6106,-0.3043,-0.5483,0.8475,1.9364
-1.6106,-0.3043,-0.4752,1.0337,2.1364
-1.6106,-0.3043,-0.2842,1.0929,2.3364
-1.6106,-0.3043,-0.0876,1.1295,2.5364
-1.6106,-0.3043,0.014,0.9572,2.7364
-1.6106,-0.3043,0.0303,0.9295,2.7686
-1.6106,-0.3043,0.0303,0.9295,2.7686
-1.6185,-0.1044,-1.4763,0.0362,0.2
-1.6185,-0.1044,-1.2781,0.0633,0.4
-1.6185,-0.1044,-1.1864,0.2411,0.6
-1.6185,-0.1044,-1.0098,0.1472,0.8
-1.6185,-0.1044,-0.8255,0.2251,1.0
-1.6185,-0.1044,-0.6819,0.3642,1.2
-1.6185,-0.1044,-0.6175,0.4845,1.3364
-1.6185,-0.1044,-0.5077,0.6517,1.5364
-1.6185,-0.1044,-0.5483,0.8475,1.7364
-1.6185,-0.1044,-0.4752,1.0337,1.9364
-1.6185,-0.1044,-0.2842,1.0929,2.1364
-1.6185,-0.1044,-0.0876,1.1295,2.3364
-1.6185,-0.1044,0.014,0.9572,2.5364
-1.6185,-0.1044,0.0303,0.9295,2.5686
-1.6185,-0.1044,0.0303,0.9295,2.5686
-1.4763,0.0362,-1.2781,0.0633,0.2
-1.4763,0.0362,-1.1864,0.2411,0.4
-1.4763,0.0362,-1.0098,0.1472,0.6
-1.4763,0.0362,-0.8255,0.2251,0.8
-1.4763,0.0362,-0.6819,0.3642,1.0
-1.4763,0.0362,-0.6175,0.4845,1.1364
-1.4763,0.0362,-0.5077,0.6517,1.3364
-1.4763,0.0362,-0.5483,0.8475,1.5364
-1.4763,0.0362,-0.4752,1.0337,1.7364
-1.4763,0.0362,-0.2842,1.0929,1.9364
-1.4763,0.0362,-0.0876,1.1295,2.1364
-1.4763,0.0362,0.014,0.9572,2.3364
-1.4763,0.0362,0.0303,0.9295,2.3686
-1.4763,0.0362,0.0303,0.9295,2.3686
-1.2781,0.0633,-1.1864,0.2411,0.2
-1.2781,0.0633,-1.0098,0.1472,0.4
-1.2781,0.0633,-0.8255,0.2251,0.6
-1.2781,0.0633,-0.6819,0.3642,0.8
-1.2781,0.0633,-0.6175,0.4845,0.9364
-1.2781,0.0633,-0.5077,0.6517,1.1364
-1.2781,0.0633,-0.5483,0.8475,1.3364
-1.2781,0.0633,-0.4752,1.0337,1.5364
-1.2781,0.0633,-0.2842,1.0929,1.7364
-1.2781,0.0633,-0.0876,1.1295,1.9364
-1.2781,0.0633,0.014,0.9572,2.1364
-1.2781,0.0633,0.0303,0.9295,2.1686
-1.2781,0.0633,0.0303,0.9295,2.1686
-1.1864,0.2411,-1.0098,0.1472,0.2
-1.1864,0.2411,-0.8255,0.2251,0.4
-1.1864,0.2411,-0.6819,0.3642,0.6
-1.1864,0.2411,-0.6175,0.4845,0.7364
-1.1864,0.2411,-0.5077,0.6517,0.9364
-1.1864,0.2411,-0.5483,0.8475,1.1364
-1.1864,0.2411,-0.4752,1.0337,1.3364
-1.1864,0.2411,-0.2842,1.0929,1.5364
-1.1864,0.2411,-0.0876,1.1295,1.7364
-1.1864,0.2411,0.014,0.9572,1.9364
-1.1864,0.2411,0.0303,0.9295,1.9686
-1.1864,0.2411,0.0303,0.9295,1.9686
-1.0098,0.1472,-0.8255,0.2251,0.2
-1.0098,0.1472,-0.6819,0.3642,0.4
-1.0098,0.1472,-0.6175,0.4845,0.5364
-1.0098,0.1472,-0.5077,0.6517,0.7364
-1.0098,0.1472,-0.5483,0.8475,0.9364
-1.0098,0.1472,-0.4752,1.0337,1.1364
-1.0098,0.1472,-0.2842,1.0929,1.3364
-1.0098,0.1472,-0.0876,1.1295,1.5364
-1.0098,0.1472,0.014,0.9572,1.7364
-1.0098,0.1472,0.0303,0.9295,1.7686
-1.0098,0.1472,0.0303,0.9295,1.7686
-0.8255,0.2251,-0.6819,0.3642,0.2
-0.8255,0.2251,-0.6175,0.4845,0.3364
-0.8255,0.2251,-0.5077,0.6517,0.5364
-0.8255,0.2251,-0.5483,0.8475,0.7364
-0.8255,0.2251,-0.4752,1.0337,0.9364
-0.8255,0.2251,-0.2842,1.0929,1.1364
-0.8255,0.2251,-0.0876,1.1295,1.3364
-0.8255,0.2251,0.014,0.9572,1.5364
-0.8255,0.2251,0.0303,0.9295,1.5686
-0.8255,0.2251,0.0303,0.9295,1.5686
-0.6819,0.3642,-0.6175,0.4845,0.1364
-0.6819,0.3642,-0.5077,0.6517,0.3364
-0.6819,0.3642,-0.5483,0.8475,0.5364
-0.6819,0.3642,-0.4752,1.0337,0.7364
-0.6819,0.3642,-0.2842,1.0929,0.9364
-0.6819,0.3642,-0.0876,1.1295,1.1364
-0.6819,0.3642,0.014,0.9572,1.3364
-0.6819,0.3642,0.0303,0.9295,1.3686
-0.6819,0.3642,0.0303,0.9295,1.3686
-0.6175,0.4845,-0.5077,0.6517,0.2
-0.6175,0.4845,-0.5483,0.8475,0.4
-0.6175,0.4845,-0.4752,1.0337,0.6
-0.6175,0.4845,-0.2842,1.0929,0.8
-0.6175,0.4845,-0.0876,1.1295,1.0
-0.6175,0.4845,0.014,0.9572,1.2
-0.6175,0.4845,0.0303,0.9295,1.2322
-0.6175,0.4845,0.0303,0.9295,1.2322
-0.5077,0.6517,-0.5483,0.8475,0.2
-0.5077,0.6517,-0.4752,1.0337,0.4
-0.5077,0.6517,-0.2842,1.0929,0.6
-0.5077,0.6517,-0.0876,1.1295,0.8
-0.5077,0.6517,0.014,0.9572,1.0
-0.5077,0.6517,0.0303,0.9295,1.0322
-0.5077,0.6517,0.0303,0.9295,1.0322
-0.5483,0.8475,-0.4752,1.0337,0.2
-0.5483,0.8475,-0.2842,1.0929,0.4
-0.5483,0.8475,-0.0876,1.1295,0.6
-0.5483,0.8475,0.014,0.9572,0.8
-0.5483,0.8475,0.0303,0.9295,0.8322
-0.5483,0.8475,0.0303,0.9295,0.8322
-0.4752,1.0337,-0.2842,1.0929,0.2
-0.4752,1.0337,-0.0876,1.1295,0.4
-0.4752,1.0337,0.014,0.9572,0.6
-0.4752,1.0337,0.0303,0.9295,0.6322
-0.4752,1.0337,0.0303,0.9295,0.6322
-0.2842,1.0929,-0.0876,1.1295,0.2
-0.2842,1.0929,0.014,0.9572,0.4
-0.2842,1.0929,0.0303,0.9295,0.4322
-0.2842,1.0929,0.0303,0.9295,0.4322
-0.0876,1.1295,0.014,0.9572,0.2
-0.0876,1.1295,0.0303,0.9295,0.2322
-0.0876,1.1295,0.0303,0.9295,0.2322
0.014,0.9572,0.0303,0.9295,0.0322
0.014,0.9572,0.0303,0.9295,0.0322
0.0303,0.9295,0.0303,0.9295,0.0
2.2156,1.1148,2.1689,0.9203,0.2
2.2156,1.1148,1.9692,0.9107,0.4
2.2156,1.1148,1.8623,0.7416,0.6
2.2156,1.1148,1.7156,0.6058,0.8
2.2156,1.1148,1.547,0.4981,1.0
2.2156,1.1148,1.4786,0.3102,1.2
2.2156,1.1148,1.2799,0.3331,1.4
2.2156,1.1148,1.1177,0.45,1.6
2.2156,1.1148,0.9872,0.2984,1.8
2.2156,1.1148,0.8145,0.1975,2.0
2.2156,1.1148,0.776,0.0013,2.2
2.2156,1.1148,0.5795,-0.0359,2.4
2.2156,1.1148,0.3856,-0.0852,2.6
2.2156,1.1148,0.1977,-0.0167,2.8
2.2156,1.1148,0.037,0.1023,3.0
2.2156,1.1148,-0.0851,0.2607,3.2
2.2156,1.1148,-0.2476,0.3774,3.4
2.2156,1.1148,-0.1861,0.5677,3.6
2.2156,1.1148,-0.0751,0.734,3.8
2.2156,1.1148,0.1215,0.6971,4.0
2.2156,1.1148,0.2986,0.7901,4.2
2.2156,1.1148,0.3103,0.7671,4.2258
2.2156,1.1148,0.3374,0.7529,4.2564
2.2156,1.1148,0.4994,0.8703,4.4564
2.2156,1.1148,0.5896,0.7752,4.5875
2.2156,1.1148,0.5896,0.7752,4.5875
2.1689,0.9203,1.9692,0.9107,0.2
2.1689,0.9203,1.8623,0.7416,0.4
2.1689,0.9203,1.7156,0.6058,0.6
2.1689,0.9203,1.547,0.4981,0.8
2.1689,0.9203,1.4786,0.3102,1.0
2.1689,0.9203,1.2799,0.3331,1.2
2.1689,0.9203,1.1177,0.45,1.4
2.1689,0.9203,0.9872,0.2984,1.6
2.1689,0.9203,0.8145,0.1975,1.8
2.1689,0.9203,0.776,0.0013,2.0
2.1689,0.9203,0.5795,-0.0359,2.2
2.1689,0.9203,0.3856,-0.0852,2.4
2.1689,0.9203,0.1977,-0.0167,2.6
2.1689,0.9203,0.037,0.1023,2.8
2.1689,0.9203,-0.0851,0.2607,3.0
2.1689,0.9203,-0.2476,0.3774,3.2
2.1689,0.9203,-0.1861,0.5677,3.4
2.1689,0.9203,-0.0751,0.734,3.6
2.1689,0.9203,0.1215,0.6971,3.8
2.1689,0.9203,0.2986,0.7901,4.0
2.1689,0.9203,0.3103,0.7671,4.0258
2.1689,0.9203,0.3374,0.7529,4.0564
2.1689,0.9203,0.4994,0.8703,4.2564
2.1689,0.9203,0.5896,0.7752,4.3875
2.1689,0.9203,0.5896,0.7752,4.3875
1.9692,0.9107,1.8623,0.7416,0.2
1.9692,0.9107,1.7156,0.6058,0.4
1.9692,0.9107,1.547,0.4981,0.6
1.9692,0.9107,1.4786,0.3102,0.8
1.9692,0.9107,1.2799,0.3331,1.0
1.9692,0.9107,1.1177,0.45,1.2
1.9692,0.9107,0.9872,0.2984,1.4
1.9692,0.9107,0.8145,0.1975,1.6
1.9692,0.9107,0.776,0.0013,1.8
1.9692,0.9107,0.5795,-0.0359,2.0
1.9692,0.9107,0.3856,-0.0852,2.2
1.9692,0.9107,0.1977,-0.0167,2.4
1.9692,0.9107,0.037,0.1023,2.6
1.9692,0.9107,-0.0851,0.2607,2.8
1.9692,0.9107,-0.2476,0.3774,3.0
1.9692,0.9107,-0.1861,0.5677,3.2
1.9692,0.9107,-0.0751,0.734,3.4
1.9692,0.9107,0.1215,0.6971,3.6
1.9692,0.9107,0.2986,0.7901,3.8
1.9692,0.9107,0.3103,0.7671,3.8258
1.9692,0.9107,0.3374,0.7529,3.8564
1.9692,0.9107,0.4994,0.8703,4.0564
1.9692,0.9107,0.5896,0.7752,4.1875
1.9692,0.9107,0.5896,0.7752,4.1875
1.8623,0.7416,1.7156,0.6058,0.2
1.8623,0.7416,1.547,0.4981,0.4
1.8623,0.7416,1.4786,0.3102,0.6
1.8623,0.7416,1.2799,0.3331,0.8
1.8623,0.7416,1.1177,0.45,1.0
1.8623,0.7416,0.9872,0.2984,1.2
1.8623,0.7416,0.8145,0.1975,1.4
1.8623,0.7416,0.776,0.0013,1.6
1.8623,0.7416,0.5795,-0.0359,1.8
1.8623,0.7416,0.3856,-0.0852,2.0
1.8623,0.7416,0.1977,-0.0167,2.2
1.8623,0.7416,0.037,0.1023,2.4
1.8623,0.7416,-0.0851,0.2607,2.6
1.8623,0.7416,-0.2476,0.3774,2.8
1.8623,0.7416,-0.1861,0.5677,3.0
1.8623,0.7416,-0.0751,0.734,3.2
1.8623,0.7416,0.1215,0.6971,3.4
1.8623,0.7416,0.2986,0.7901,3.6
1.8623,0.7416,0.3103,0.7671,3.6258
1.8623,0.7416,0.3374,0.7529,3.6564
1.8623,0.7416,0.4994,0.8703,3.8564
1.8623,0.7416,0.5896,0.7752,3.9875
1.8623,0.7416,0.5896,0.7752,3.9875
1.7156,0.6058,1.547,0.4981,0.2
1.7156,0.6058,1.4786,0.3102,0.4
1.7156,0.6058,1.2799,0.3331,0.6
1.7156,0.6058,1.1177,0.45,0.8
1.7156,0.6058,0.9872,0.2984,1.0
1.7156,0.6058,0.8145,0.1975,1.2
1.7156,0.6058,0.776,0.0013,1.4
1.7156,0.6058,0.5795,-0.0359,1.6
1.7156,0.6058,0.3856,-0.0852,1.8
1.7156,0.6058,0.1977,-0.0167,2.0
1.7156,0.6058,0.037,0.1023,2.2
1.7156,0.6058,-0.0851,0.2607,2.4
1.7156,0.6058,-0.2476,0.3774,2.6
1.7156,0.6058,-0.1861,0.5677,2.8
1.7156,0.6058,-0.0751,0.734,3.0
1.7156,0.6058,0.1215,0.6971,3.2
1.7156,0.6058,0.2986,0.7901,3.4
1.7156,0.6058,0.3103,0.7671,3.4258
1.7156,0.6058,0.3374,0.7529,3.4564
1.7156,0.6058,0.4994,0.8703,3.6564
1.7156,0.6058,0.5896,0.7752,3.7875
1.7156,0.6058,0.5896,0.7752,3.7875
1.547,0.4981,1.4786,0.3102,0.2
1.547,0.4981,1.2799,0.3331,0.4
1.547,0.4981,1.1177,0.45,0.6
1.547,0.4981,0.9872,0.2984,0.8
1.547,0.4981,0.8145,0.1975,1.0
1.547,0.4981,0.776,0.0013,1.2
1.547,0.4981,0.5795,-0.0359,1.4
1.547,0.4981,0.3856,-0.0852,1.6
1.547,0.4981,0.1977,-0.0167,1.8
1.547,0.4981,0.037,0.1023,2.0
1.547,0.4981,-0.0851,0.2607,2.2
1.547,0.4981,-0.2476,0.3774,2.4
1.547,0.4981,-0.1861,0.5677,2.6
1.547,0.4981,-0.0751,0.734,2.8
1.547,0.4981,0.1215,0.6971,3.0
1.547,0.4981,0.2986,0.7901,3.2
1.547,0.4981,0.3103,0.7671,3.2258
1.547,0.4981,0.3374,0.7529,3.2564
1.547,0.4981,0.4994,0.8703,3.4564
1.547,0.4981,0.5896,0.7752,3.5875
1.547,0.4981,0.5896,0.7752,3.5875
1.4786,0.3102,1.2799,0.3331,0.2
1.4786,0.3102,1.1177,0.45,0.4
1.4786,0.3102,0.9872,0.2984,0.6
1.4786,0.3102,0.8145,0.1975,0.8
1.4786,0.3102,0.776,0.0013,1.0
1.4786,0.3102,0.5795,-0.0359,1.2
1.4786,0.3102,0.3856,-0.0852,1.4
1.4786,0.3102,0.1977,-0.0167,1.6
1.4786,0.3102,0.037,0.1023,1.8
1.4786,0.3102,-0.0851,0.2607,2.0
1.4786,0.3102,-0.2476,0.3774,2.2
1.4786,0.3102,-0.1861,0.5677,2.4
1.4786,0.3102,-0.0751,0.734,2.6
1.4786,0.3102,0.1215,0.6971,2.8
1.4786,0.3102,0.2986,0.7901,3.0
1.4786,0.3102,0.3103,0.7671,3.0258
1.4786,0.3102,0.3374,0.7529,3.0564
1.4786,0.3102,0.4994,0.8703,3.2564
1.4786,0.3102,0.5896,0.7752,3.3875
1.4786,0.3102,0.5896,0.7752,3.3875
1.2799,0.3331,1.1177,0.45,0.2
1.2799,0.3331,0.9872,0.2984,0.4
1.2799,0.3331,0.8145,0.1975,0.6
1.2799,0.3331,0.776,0.0013,0.8
1.2799,0.3331,0.5795,-0.0359,1.0
1.2799,0.3331,0.3856,-0.0852,1.2
1.2799,0.3331,0.1977,-0.0167,1.4
1.2799,0.3331,0.037,0.1023,1.6
1.2799,0.3331,-0.0851,0.2607,1.8
1.2799,0.3331,-0.2476,0.3774,2.0
1.2799,0.3331,-0.1861,0.5677,2.2
1.2799,0.3331,-0.0751,0.734,2.4
1.2799,0.3331,0.1215,0.6971,2.6
1.2799,0.3331,0.2986,0.7901,2.8
1.2799,0.3331,0.3103,0.7671,2.8258
1.2799,0.3331,0.3374,0.7529,2.8564
1.2799,0.3331,0.4994,0.8703,3.0564
1.2799,0.3331,0.5896,0.7752,3.1875
1.2799,0.3331,0.5896,0.7752,3.1875
1.1177,0.45,0.9872,0.2984,0.2
1.1177,0.45,0.8145,0.1975,0.4
1.1177,0.45,0.776,0.0013,0.6
1.1177,0.45,0.5795,-0.0359,0.8
1.1177,0.45,0.3856,-0.0852,1.0
1.1177,0.45,0.1977,-0.0167,1.2
1.1177,0.45,0.037,0.1023,1.4
1.1177,0.45,-0.0851,0.2607,1.6
1.1177,0.45,-0.2476,0.3774,1.8
1.1177,0.45,-0.1861,0.5677,2.0
1.1177,0.45,-0.0751,0.734,2.2
1.1177,0.45,0.1215,0.6971,2.4
1.1177,0.45,0.2986,0.7901,2.6
1.1177,0.45,0.3103,0.7671,2.6258
1.1177,0.45,0.3374,0.7529,2.6564
1.1177,0.45,0.4994,0.8703,2.8564
1.1177,0.45,0.5896,0.7752,2.9875
1.1177,0.45,0.5896,0.7752,2.9875
0.9872,0.2984,0.8145,0.1975,0.2
0.9872,0.2984,0.776,0.0013,0.4
0.9872,0.2984,0.5795,-0.0359,0.6
0.9872,0.2984,0.3856,-0.0852,0.8
0.9872,0.2984,0.1977,-0.0167,1.0
0.9872,0.2984,0.037,0.1023,1.2
0.9872,0.2984,-0.0851,0.2607,1.4
0.9872,0.2984,-0.2476,0.3774,1.6
0.9872,0.2984,-0.1861,0.5677,1.8
0.9872,0.2984,-0.0751,0.734,2.0
0.9872,0.2984,0.1215,0.6971,2.2
0.9872,0.2984,0.2986,0.7901,2.4
0.9872,0.2984,0.3103,0.7671,2.4258
0.9872,0.2984,0.3374,0.7529,2.4564
0.9872,0.2984,0.4994,0.8703,2.6564
0.9872,0.2984,0.5896,0.7752,2.7875
0.9872,0.2984,0.5896,0.7752,2.7875
0.8145,0.1975,0.776,0.0013,0.2
0.8145,0.1975,0.5795,-0.0359,0.4
0.8145,0.1975,0.3856,-0.0852,0.6
0.8145,0.1975,0.1977,-0.0167,0.8
0.8145,0.1975,0.037,0.1023,1.0
0.8145,0.1975,-0.0851,0.2607,1.2
0.8145,0.1975,-0.2476,0.3774,1.4
0.8145,0.1975,-0.1861,0.5677,1.6
0.8145,0.1975,-0.0751,0.734,1.8
0.8145,0.1975,0.1215,0.6971,2.0
0.8145,0.1975,0.2986,0.7901,2.2
0.8145,0.1975,0.3103,0.7671,2.2258
0.8145,0.1975,0.3374,0.7529,2.2564
0.8145,0.1975,0.4994,0.8703,2.4564
0.8145,0.1975,0.5896,0.7752,2.5875
0.8145,0.1975,0.5896,0.7752,2.5875
0.776,0.0013,0.5795,-0.0359,0.2
0.776,0.0013,0.3856,-0.0852,0.4
0.776,0.0013,0.1977,-0.0167,0.6
0.776,0.0013,0.037,0.1023,0.8
0.776,0.0013,-0.0851,0.2607,1.0
0.776,0.0013,-0.2476,0.3774,1.2
0.776,0.0013,-0.1861,0.5677,1.4
0.776,0.0013,-0.0751,0.734,1.6
0.776,0.0013,0.1215,0.6971,1.8
0.776,0.0013,0.2986,0.7901,2.0
0.776,0.0013,0.3103,0.7671,2.0258
0.776,0.0013,0.3374,0.7529,2.0564
0.776,0.0013,0.4994,0.8703,2.2564
0.776,0.0013,0.5896,0.7752,2.3875
0.776,0.0013,0.5896,0.7752,2.3875
0.5795,-0.0359,0.3856,-0.0852,0.2
0.5795,-0.0359,0.1977,-0.0167,0.4
0.5795,-0.0359,0.037,0.1023,0.6
0.5795,-0.0359,-0.0851,0.2607,0.8
0.5795,-0.0359,-0.2476,0.3774,1.0
0.5795,-0.0359,-0.1861,0.5677,1.2
0.5795,-0.0359,-0.0751,0.734,1.4
0.5795,-0.0359,0.1215,0.6971,1.6
0.5795,-0.0359,0.2986,0.7901,1.8
0.5795,-0.0359,0.3103,0.7671,1.8258
0.5795,-0.0359,0.3374,0.7529,1.8564
0.5795,-0.0359,0.4994,0.8703,2.0564
0.5795,-0.0359,0.5896,0.7752,2.1875
0.5795,-0.0359,0.5896,0.7752,2.1875
0.3856,-0.0852,0.1977,-0.0167,0.2
0.3856,-0.0852,0.037,0.1023,0.4
0.3856,-0.0852,-0.0851,0.2607,0.6
0.3856,-0.0852,-0.2476,0.3774,0.8
0.3856,-0.0852,-0.1861,0.5677,1.0
0.3856,-0.0852,-0.0751,0.734,1.2
0.3856,-0.0852,0.1215,0.6971,1.4
0.3856,-0.0852,0.2986,0.7901,1.6
0.3856,-0.0852,0.3103,0.7671,1.6258
0.3856,-0.0852,0.3374,0.7529,1.6564
0.3856,-0.0852,0.4994,0.8703,1.8564
0.3856,-0.0852,0.5896,0.7752,1.9875
0.3856,-0.0852,0.5896,0.7752,1.9875
0.1977,-0.0167,0.037,0.1023,0.2
0.1977,-0.0167,-0.0851,0.2607,0.4
0.1977,-0.0167,-0.2476,0.3774,0.6
0.1977,-0.0167,-0.1861,0.5677,0.8
0.1977,-0.0167,-0.0751,0.734,1.0
0.1977,-0.0167,0.1215,0.6971,1.2
0.1977,-0.0167,0.2986,0.7901,1.4
0.1977,-0.0167,0.3103,0.7671,1.4258
0.1977,-0.0167,0.3374,0.7529,1.4564
0.1977,-0.0167,0.4994,0.8703,1.6564
0.1977,-0.0167,0.5896,0.7752,1.7875
0.1977,-0.0167,0.5896,0.7752,1.7875
0.037,0.1023,-0.0851,0.2607,0.2
0.037,0.1023,-0.2476,0.3774,0.4
0.037,0.1023,-0.1861,0.5677,0.6
0.037,0.1023,-0.0751,0.734,0.8
0.037,0.1023,0.1215,0.6971,1.0
0.037,0.1023,0.2986,0.7901,1.2
0.037,0.1023,0.3103,0.7671,1.2258
0.037,0.1023,0.3374,0.7529,1.2564
0.037,0.1023,0.4994,0.8703,1.4564
0.037,0.1023,0.5896,0.7752,1.5875
0.037,0.1023,0.5896,0.7752,1.5875
-0.0851,0.2607,-0.2476,0.3774,0.2
-0.0851,0.2607,-0.1861,0.5677,0.4
-0.0851,0.2607,-0.0751,0.734,0.6
-0.0851,0.2607,0.1215,0.6971,0.8
-0.0851,0.2607,0.2986,0.7901,1.0
-0.0851,0.2607,0.3103,0.7671,1.0258
-0.0851,0.2607,0.3374,0.7529,1.0564
-0.0851,0.2607,0.4994,0.8703,1.2564
-0.0851,0.2607,0.5896,0.7752,1.3875
-0.0851,0.2607,0.5896,0.7752,1.3875
-0.2476,0.3774,-0.1861,0.5677,0.2
-0.2476,0.3774,-0.0751,0.734,0.4
-0.2476,0.3774,0.1215,0.6971,0.6
-0.2476,0.3774,0.2986,0.7901,0.8
-0.2476,0.3774,0.3103,0.7671,0.8258
-0.2476,0.3774,0.3374,0.7529,0.8564
-0.2476,0.3774,0.4994,0.8703,1.0564
-0.2476,0.3774,0.5896,0.7752,1.1875
-0.2476,0.3774,0.5896,0.7752,1.1875
-0.1861,0.5677,-0.0751,0.734,0.2
-0.1861,0.5677,0.1215,0.6971,0.4
-0.1861,0.5677,0.2986,0.7901,0.6
-0.1861,0.5677,0.3103,0.7671,0.6258
-0.1861,0.5677,0.3374,0.7529,0.6564
-0.1861,0.5677,0.4994,0.8703,0.8564
-0.1861,0.5677,0.5896,0.7752,0.9875
-0.1861,0.5677,0.5896,0.7752,0.9875
-0.0751,0.734,0.1215,0.6971,0.2
-0.0751,0.734,0.2986,0.7901,0.4
-0.0751,0.734,0.3103,0.7671,0.4258
-0.0751,0.734,0.3374,0.7529,0.4564
-0.0751,0.734,0.4994,0.8703,0.6564
-0.0751,0.734,0.5896,0.7752,0.7875
-0.0751,0.734,0.5896,0.7752,0.7875
0.1215,0.6971,0.2986,0.7901,0.2
0.1215,0.6971,0.3103,0.7671,0.2258
0.1215,0.6971,0.3374,0.7529,0.2564
0.1215,0.6971,0.4994,0.8703,0.4564
0.1215,0.6971,0.5896,0.7752,0.5875
0.1215,0.6971,0.5896,0.7752,0.5875
0.2986,0.7901,0.3103,0.7671,0.0258
0.2986,0.7901,0.3374,0.7529,0.0564
0.2986,0.7901,0.4994,0.8703,0.2564
0.2986,0.7901,0.5896,0.7752,0.3875
0.2986,0.7901,0.5896,0.7752,0.3875
0.3103,0.7671,0.3374,0.7529,0.0306
0.3103,0.7671,0.4994,0.8703,0.2306
0.3103,0.7671,0.5896,0.7752,0.3617
0.3103,0.7671,0.5896,0.7752,0.3617
0.3374,0.7529,0.4994,0.8703,0.2
0.3374,0.7529,0.5896,0.7752,0.3311
0.3374,0.7529,0.5896,0.7752,0.3311
0.4994,0.8703,0.5896,0.7752,0.1311
0.4994,0.8703,0.5896,0.7752,0.1311
0.5896,0.7752,0.5896,0.7752,0.0
-0.6112,-1.4822,-0.7325,-1.7491,0.2931
-0.6112,-1.4822,-0.7849,-1.9421,0.4931
-0.6112,-1.4822,-0.982,-1.9759,0.6931
-0.6112,-1.4822,-1.18,-1.9477,0.8931
-0.6112,-1.4822,-1.3716,-2.0051,1.0931
-0.6112,-1.4822,-1.5618,-1.943,1.2931
-0.6112,-1.4822,-1.6933,-1.7923,1.4931
-0.6112,-1.4822,-1.8623,-1.8993,1.6931
-0.6112,-1.4822,-2.0312,-2.0062,1.8931
-0.6112,-1.4822,-2.0681,-2.2028,2.0931
-0.6112,-1.4822,-2.268,-2.2087,2.2931
-0.6112,-1.4822,-2.3553,-2.2113,2.3804
-0.6112,-1.4822,-2.3553,-2.2113,2.3804
-0.7325,-1.7491,-0.7849,-1.9421,0.2
-0.7325,-1.7491,-0.982,-1.9759,0.4
-0.7325,-1.7491,-1.18,-1.9477,0.6
-0.7325,-1.7491,-1.3716,-2.0051,0.8
-0.7325,-1.7491,-1.5618,-1.943,1.0
-0.7325,-1.7491,-1.6933,-1.7923,1.2
-0.7325,-1.7491,-1.8623,-1.8993,1.4
-0.7325,-1.7491,-2.0312,-2.0062,1.6
-0.7325,-1.7491,-2.0681,-2.2028,1.8
-0.7325,-1.7491,-2.268,-2.2087,2.0
-0.7325,-1.7491,-2.3553,-2.2113,2.0873
-0.7325,-1.7491,-2.3553,-2.2113,2.0873
-0.7849,-1.9421,-0.982,-1.9759,0.2
-0.7849,-1.9421,-1.18,-1.9477,0.4
-0.7849,-1.9421,-1.3716,-2.0051,0.6
-0.7849,-1.9421,-1.5618,-1.943,0.8
-0.7849,-1.9421,-1.6933,-1.7923,1.0
-0.7849,-1.9421,-1.8623,-1.8993,1.2
-0.7849,-1.9421,-2.0312,-2.0062,1.4
-0.7849,-1.9421,-2.0681,-2.2028,1.6
-0.7849,-1.9421,-2.268,-2.2087,1.8
-0.7849,-1.9421,-2.3553,-2.2113,1.8873
-0.7849,-1.9421,-2.3553,-2.2113,1.8873
-0.982,-1.9759,-1.18,-1.9477,0.2
-0.982,-1.9759,-1.3716,-2.0051,0.4
-0.982,-1.9759,-1.5618,-1.943,0.6
-0.982,-1.9759,-1.6933,-1.7923,0.8
-0.982,-1.9759,-1.8623,-1.8993,1.0
-0.982,-1.9759,-2.0312,-2.0062,1.2
-0.982,-1.9759,-2.0681,-2.2028,1.4
-0.982,-1.9759,-2.268,-2.2087,1.6
-0.982,-1.9759,-2.3553,-2.2113,1.6873
-0.982,-1.9759,-2.3553,-2.2113,1.6873
-1.18,-1.9477,-1.3716,-2.0051,0.2
-1.18,-1.9477,-1.5618,-1.943,0.4
-1.18,-1.9477,-1.6933,-1.7923,0.6
-1.18,-1.9477,-1.8623,-1.8993,0.8
-1.18,-1.9477,-2.0312,-2.0062,1.0
-1.18,-1.9477,-2.0681,-2.2028,1.2
-1.18,-1.9477,-2.268,-2.2087,1.4
-1.18,-1.9477,-2.3553,-2.2113,1.4873
-1.18,-1.9477,-2.3553,-2.2113,1.4873
-1.3716,-2.0051,-1.5618,-1.943,0.2
-1.3716,-2.0051,-1.6933,-1.7923,0.4
-1.3716,-2.0051,-1.8623,-1.8993,0.6
-1.3716,-2.0051,-2.0312,-2.0062,0.8
-1.3716,-2.0051,-2.0681,-2.2028,1.0
-1.3716,-2.0051,-2.268,-2.2087,1.2
-1.3716,-2.0051,-2.3553,-2.2113,1.2873
-1.3716,-2.0051,-2.3553,-2.2113,1.2873
-1.5618,-1.943,-1.6933,-1.7923,0.2
-1.5618,-1.943,-1.8623,-1.8993,0.4
-1.5618,-1.943,-2.0312,-2.0062,0.6
-1.5618,-1.943,-2.0681,-2.2028,0.8
-1.5618,-1.943,-2.268,-2.2087,1.0
-1.5618,-1.943,-2.3553,-2.2113,1.0873
-1.5618,-1.943,-2.3553,-2.2113,1.0873
-1.6933,-1.7923,-1.8623,-1.8993,0.2
-1.6933,-1.7923,-2.0312,-2.0062,0.4
-1.6933,-1.7923,-2.0681,-2.2028,0.6
-1.6933,-1.7923,-2.268,-2.2087,0.8
-1.6933,-1.7923,-2.3553,-2.2113,0.8873
-1.6933,-1.7923,-2.3553,-2.2113,0.8873
-1.8623,-1.8993,-2.0312,-2.0062,0.2
-1.8623,-1.8993,-2.0681,-2.2028,0.4
-1.8623,-1.8993,-2.268,-2.2087,0.6
-1.8623,-1.8993,-2.3553,-2.2113,0.6873
-1.8623,-1.8993,-2.3553,-2.2113,0.6873
-2.0312,-2.0062,-2.0681,-2.2028,0.2
-2.0312,-2.0062,-2.268,-2.2087,0.4
-2.0312,-2.0062,-2.3553,-2.2113,0.4873
-2.0312,-2.0062,-2.3553,-2.2113,0.4873
-2.0681,-2.2028,-2.268,-2.2087,0.2
-2.0681,-2.2028,-2.3553,-2.2113,0.2873
-2.0681,-2.2028,-2.3553,-2.2113,0.2873
-2.268,-2.2087,-2.3553,-2.2113,0.0873
-2.268,-2.2087,-2.3553,-2.2113,0.0873
-2.3553,-2.2113,-2.3553,-2.2113,0.0
-1.813,2.596,-1.625,2.5279,0.2
-1.813,2.596,-1.4335,2.4701,0.4
-1.813,2.596,-1.3605,2.2839,0.6
-1.813,2.596,-1.1619,2.2597,0.8
-1.813,2.596,-0.9628,2.2413,1.0
-1.813,2.596,-0.8907,2.0547,1.2
-1.813,2.596,-0.8342,1.8629,1.4
-1.813,2.596,-0.6352,1.8827,1.6
-1.813,2.596,-0.4371,1.8553,1.8
-1.813,2.596,-0.2845,1.726,2.0
-1.813,2.596,-0.1356,1.5925,2.2
-1.813,2.596,-0.0404,1.4166,2.4
-1.813,2.596,0.1567,1.3824,2.6
-1.813,2.596,0.3065,1.2499,2.8
-1.813,2.596,0.2235,1.0679,3.0
-1.813,2.596,0.3373,0.9035,3.2
-1.813,2.596,0.3059,0.706,3.4
-1.813,2.596,0.3963,0.5276,3.6
-1.813,2.596,0.4714,0.3422,3.8
-1.813,2.596,0.6556,0.2642,4.0
-1.813,2.596,0.848,0.2096,4.2
-1.813,2.596,1.0167,0.1021,4.4
-1.813,2.596,1.1285,-0.0637,4.6
-1.813,2.596,1.322,-0.1143,4.8
-1.813,2.596,1.4935,-0.2171,5.0
-1.813,2.596,1.6631,-0.3232,5.2
-1.813,2.596,1.8327,-0.4293,5.4
-1.813,2.596,1.8677,-0.6262,5.6
-1.813,2.596,2.0677,-0.6294,5.8
-1.813,2.596,2.2424,-0.7267,6.0
-1.813,2.596,2.4171,-0.824,6.2
-1.813,2.596,2.5919,-0.9213,6.4
-1.813,2.596,2.7666,-1.0187,6.6
-1.813,2.596,2.8422,-1.0608,6.6866
-1.813,2.596,2.8422,-1.0608,6.6866
-1.625,2.5279,-1.4335,2.4701,0.2
-1.625,2.5279,-1.3605,2.2839,0.4
-1.625,2.5279,-1.1619,2.2597,0.6
-1.625,2.5279,-0.9628,2.2413,0.8
-1.625,2.5279,-0.8907,2.0547,1.0
-1.625,2.5279,-0.8342,1.8629,1.2
-1.625,2.5279,-0.6352,1.8827,1.4
-1.625,2.5279,-0.4371,1.8553,1.6
-1.625,2.5279,-0.2845,1.726,1.8
-1.625,2.5279,-0.1356,1.5925,2.0
-1.625,2.5279,-0.0404,1.4166,2.2
-1.625,2.5279,0.1567,1.3824,2.4
-1.625,2.5279,0.3065,1.2499,2.6
-1.625,2.5279,0.2235,1.0679,2.8
-1.625,2.5279,0.3373,0.9035,3.0
-1.625,2.5279,0.3059,0.706,3.2
-1.625,2.5279,0.3963,0.5276,3.4
-1.625,2.5279,0.4714,0.3422,3.6
-1.625,2.5279,0.6556,0.2642,3.8
-1.625,2.5279,0.848,0.2096,4.0
-1.625,2.5279,1.0167,0.1021,4.2
-1.625,2.5279,1.1285,-0.0637,4.4
-1.625,2.5279,1.322,-0.1143,4.6
-1.625,2.5279,1.4935,-0.2171,4.8
-1.625,2.5279,1.6631,-0.3232,5.0
-1.625,2.5279,1.8327,-0.4293,5.2
-1.625,2.5279,1.8677,-0.6262,5.4
-1.625,2.5279,2.0677,-0.6294,5.6
-1.625,2.5279,2.2424,-0.7267,5.8
-1.625,2.5279,2.4171,-0.824,6.0
-1.625,2.5279,2.5919,-0.9213,6.2
-1.625,2.5279,2.7666,-1.0187,6.4
-1.625,2.5279,2.8422,-1.0608,6.4866
-1.625,2.5279,2.8422,-1.0608,6.4866
-1.4335,2.4701,-1.3605,2.2839,0.2
-1.4335,2.4701,-1.1619,2.2597,0.4
-1.4335,2.4701,-0.9628,2.2413,0.6
-1.4335,2.4701,-0.8907,2.0547,0.8
-1.4335,2.4701,-0.8342,1.8629,1.0
-1.4335,2.4701,-0.6352,1.8827,1.2
-1.4335,2.4701,-0.4371,1.8553,1.4
-1.4335,2.4701,-0.2845,1.726,1.6
-1.4335,2.4701,-0.1356,1.5925,1.8
-1.4335,2.4701,-0.0404,1.4166,2.0
-1.4335,2.4701,0.1567,1.3824,2.2
-1.4335,2.4701,0.3065,1.2499,2.4
-1.4335,2.4701,0.2235,1.0679,2.6
-1.4335,2.4701,0.3373,0.9035,2.8
-1.4335,2.4701,0.3059,0.706,3.0
-1.4335,2.4701,0.3963,0.5276,3.2
-1.4335,2.4701,0.4714,0.3422,3.4
-1.4335,2.4701,0.6556,0.2642,3.6
-1.4335,2.4701,0.848,0.2096,3.8
-1.4335,2.4701,1.0167,0.1021,4.0
-1.4335,2.4701,1.1285,-0.0637,4.2
-1.4335,2.4701,1.322,-0.1143,4.4
-1.4335,2.4701,1.4935,-0.2171,4.6
-1.4335,2.4701,1.6631,-0.3232,4.8
-1.4335,2.4701,1.8327,-0.4293,5.0
-1.4335,2.4701,1.8677,-0.6262,5.2
-1.4335,2.4701,2.0677,-0.6294,5.4
-1.4335,2.4701,2.2424,-0.7267,5.6
-1.4335,2.4701,2.4171,-0.824,5.8
-1.4335,2.4701,2.5919,-0.9213,6.0
-1.4335,2.4701,2.7666,-1.0187,6.2
-1.4335,2.4701,2.8422,-1.0608,6.2866
-1.4335,2.4701,2.8422,-1.0608,6.2866
-1.3605,2.2839,-1.1619,2.2597,0.2
-1.3605,2.2839,-0.9628,2.2413,0.4
-1.3605,2.2839,-0.8907,2.0547,0.6
-1.3605,2.2839,-0.8342,1.8629,0.8
-1.3605,2.2839,-0.6352,1.8827,1.0
-1.3605,2.2839,-0.4371,1.8553,1.2
-1.3605,2.2839,-0.2845,1.726,1.4
-1.3605,2.2839,-0.1356,1.5925,1.6
-1.3605,2.2839,-0.0404,1.4166,1.8
-1.3605,2.2839,0.1567,1.3824,2.0
-1.3605,2.2839,0.3065,1.2499,2.2
-1.3605,2.2839,0.2235,1.0679,2.4
-1.3605,2.2839,0.3373,0.9035,2.6
-1.3605,2.2839,0.3059,0.706,2.8
-1.3605,2.2839,0.3963,0.5276,3.0
-1.3605,2.2839,0.4714,0.3422,3.2
-1.3605,2.2839,0.6556,0.2642,3.4
-1.3605,2.2839,0.848,0.2096,3.6
-1.3605,2.2839,1.0167,0.1021,3.8
-1.3605,2.2839,1.1285,-0.0637,4.0
-1.3605,2.2839,1.322,-0.1143,4.2
-1.3605,2.2839,1.4935,-0.2171,4.4
-1.3605,2.2839,1.6631,-0.3232,4.6
-1.3605,2.2839,1.8327,-0.4293,4.8
-1.3605,2.2839,1.8677,-0.6262,5.0
-1.3605,2.2839,2.0677,-0.6294,5.2
-1.3605,2.2839,2.2424,-0.7267,5.4
-1.3605,2.2839,2.4171,-0.824,5.6
-1.3605,2.2839,2.5919,-0.9213,5.8
-1.3605,2.2839,2.7666,-1.0187,6.0
-1.3605,2.2839,2.8422,-1.0608,6.0866
-1.3605,2.2839,2.8422,-1.0608,6.0866
-1.1619,2.2597,-0.9628,2.2413,0.2
-1.1619,2.2597,-0.8907,2.0547,0.4
-1.1619,2.2597,-0.8342,1.8629,0.6
-1.1619,2.2597,-0.6352,1.8827,0.8
-1.1619,2.2597,-0.4371,1.8553,1.0
-1.1619,2.2597,-0.2845,1.726,1.2
-1.1619,2.2597,-0.1356,1.5925,1.4
-1.1619,2.2597,-0.0404,1.4166,1.6
-1.1619,2.2597,0.1567,1.3824,1.8
-1.1619,2.2597,0.3065,1.2499,2.0
-1.1619,2.2597,0.2235,1.0679,2.2
-1.1619,2.2597,0.3373,0.9035,2.4
-1.1619,2.2597,0.3059,0.706,2.6
-1.1619,2.2597,0.3963,0.5276,2.8
-1.1619,2.2597,0.4714,0.3422,3.0
-1.1619,2.2597,0.6556,0.2642,3.2
-1.1619,2.2597,0.848,0.2096,3.4
-1.1619,2.2597,1.0167,0.1021,3.6
-1.1619,2.2597,1.1285,-0.0637,3.8
-1.1619,2.2597,1.322,-0.1143,4.0
-1.1619,2.2597,1.4935,-0.2171,4.2
-1.1619,2.2597,1.6631,-0.3232,4.4
-1.1619,2.2597,1.8327,-0.4293,4.6
-1.1619,2.2597,1.8677,-0.6262,4.8
-1.1619,2.2597,2.0677,-0.6294,5.0
-1.1619,2.2597,2.2424,-0.7267,5.2
-1.1619,2.2597,2.4171,-0.824,5.4
-1.1619,2.2597,2.5919,-0.9213,5.6
-1.1619,2.2597,2.7666,-1.0187,5.8
-1.1619,2.2597,2.8422,-1.0608,5.8866
-1.1619,2.2597,2.8422,-1.0608,5.8866
-0.9628,2.2413,-0.8907,2.0547,0.2
-0.9628,2.2413,-0.8342,1.8629,0.4
-0.9628,2.2413,-0.6352,1.8827,0.6
-0.9628,2.2413,-0.4371,1.8553,0.8
-0.9628,2.2413,-0.2845,1.726,1.0
-0.9628,2.2413,-0.1356,1.5925,1.2
-0.9628,2.2413,-0.0404,1.4166,1.4
-0.9628,2.2413,0.1567,1.3824,1.6
-0.9628,2.2413,0.3065,1.2499,1.8
-0.9628,2.2413,0.2235,1.0679,2.0
-0.9628,2.2413,0.3373,0.9035,2.2
-0.9628,2.2413,0.3059,0.706,2.4
-0.9628,2.2413,0.3963,0.5276,2.6
-0.9628,2.2413,0.4714,0.3422,2.8
-0.9628,2.2413,0.6556,0.2642,3.0
-0.9628,2.2413,0.848,0.2096,3.2
-0.9628,2.2413,1.0167,0.1021,3.4
-0.9628,2.2413,1.1285,-0.0637,3.6
-0.9628,2.2413,1.322,-0.1143,3.8
-0.9628,2.2413,1.4935,-0.2171,4.0
-0.9628,2.2413,1.6631,-0.3232,4.2
-0.9628,2.2413,1.8327,-0.4293,4.4
-0.9628,2.2413,1.8677,-0.6262,4.6
-0.9628,2.2413,2.0677,-0.6294,4.8
-0.9628,2.2413,2.2424,-0.7267,5.0
-0.9628,2.2413,2.4171,-0.824,5.2
-0.9628,2.2413,2.5919,-0.9213,5.4
-0.9628,2.2413,2.7666,-1.0187,5.6
-0.9628,2.2413,2.8422,-1.0608,5.6866
-0.9628,2.2413,2.8422,-1.0608,5.6866
-0.8907,2.0547,-0.8342,1.8629,0.2
-0.8907,2.0547,-0.6352,1.8827,0.4
-0.8907,2.0547,-0.4371,1.8553,0.6
-0.8907,2.0547,-0.2845,1.726,0.8
-0.8907,2.0547,-0.1356,1.5925,1.0
-0.8907,2.0547,-0.0404,1.4166,1.2
-0.8907,2.0547,0.1567,1.3824,1.4
-0.8907,2.0547,0.3065,1.2499,1.6
-0.8907,2.0547,0.2235,1.0679,1.8
-0.8907,2.0547,0.3373,0.9035,2.0
-0.8907,2.0547,0.3059,0.706,2.2
-0.8907,2.0547,0.3963,0.5276,2.4
-0.8907,2.0547,0.4714,0.3422,2.6
-0.8907,2.0547,0.6556,0.2642,2.8
-0.8907,2.0547,0.848,0.2096,3.0
-0.8907,2.0547,1.0167,0.1021,3.2
-0.8907,2.0547,1.1285,-0.0637,3.4
-0.8907,2.0547,1.322,-0.1143,3.6
-0.8907,2.0547,1.4935,-0.2171,3.8
-0.8907,2.0547,1.6631,-0.3232,4.0
-0.8907,2.0547,1.8327,-0.4293,4.2
-0.8907,2.0547,1.8677,-0.6262,4.4
-0.8907,2.0547,2.0677,-0.6294,4.6
-0.8907,2.0547,2.2424,-0.7267,4.8
-0.8907,2.0547,2.4171,-0.824,5.0
-0.8907,2.0547,2.5919,-0.9213,5.2
-0.8907,2.0547,2.7666,-1.0187,5.4
-0.8907,2.0547,2.8422,-1.0608,5.4866
-0.8907,2.0547,2.8422,-1.0608,5.4866
-0.8342,1.8629,-0.6352,1.8827,0.2
-0.8342,1.8629,-0.4371,1.8553,0.4
-0.8342,1.8629,-0.2845,1.726,0.6
-0.8342,1.8629,-0.1356,1.5925,0.8
-0.8342,1.8629,-0.0404,1.4166,1.0
-0.8342,1.8629,0.1567,1.3824,1.2
-0.8342,1.8629,0.3065,1.2499,1.4
-0.8342,1.8629,0.2235,1.0679,1.6
-0.8342,1.8629,0.3373,0.9035,1.8
-0.8342,1.8629,0.3059,0.706,2.0
-0.8342,1.8629,0.3963,0.5276,2.2
-0.8342,1.8629,0.4714,0.3422,2.4
-0.8342,1.8629,0.6556,0.2642,2.6
-0.8342,1.8629,0.848,0.2096,2.8
-0.8342,1.8629,1.0167,0.1021,3.0
-0.8342,1.8629,1.1285,-0.0637,3.2
-0.8342,1.8629,1.322,-0.1143,3.4
-0.8342,1.8629,1.4935,-0.2171,3.6
-0.8342,1.8629,1.6631,-0.3232,3.8
-0.8342,1.8629,1.8327,-0.4293,4.0
-0.8342,1.8629,1.8677,-0.6262,4.2
-0.8342,1.8629,2.0677,-0.6294,4.4
-0.8342,1.8629,2.2424,-0.7267,4.6
-0.8342,1.8629,2.4171,-0.824,4.8
-0.8342,1.8629,2.5919,-0.9213,5.0
-0.8342,1.8629,2.7666,-1.0187,5.2
-0.8342,1.8629,2.8422,-1.0608,5.2866
-0.8342,1.8629,2.8422,-1.0608,5.2866
-0.6352,1.8827,-0.4371,1.8553,0.2
-0.6352,1.8827,-0.2845,1.726,0.4
-0.6352,1.8827,-0.1356,1.5925,0.6
-0.6352,1.8827,-0.0404,1.4166,0.8
-0.6352,1.8827,0.1567,1.3824,1.0
-0.6352,1.8827,0.3065,1.2499,1.2
-0.6352,1.8827,0.2235,1.0679,1.4
-0.6352,1.8827,0.3373,0.9035,1.6
-0.6352,1.8827,0.3059,0.706,1.8
-0.6352,1.8827,0.3963,0.5276,2.0
-0.6352,1.8827,0.4714,0.3422,2.2
-0.6352,1.8827,0.6556,0.2642,2.4
-0.6352,1.8827,0.848,0.2096,2.6
-0.6352,1.8827,1.0167,0.1021,2.8
-0.6352,1.8827,1.1285,-0.0637,3.0
-0.6352,1.8827,1.322,-0.1143,3.2
-0.6352,1.8827,1.4935,-0.2171,3.4
-0.6352,1.8827,1.6631,-0.3232,3.6
-0.6352,1.8827,1.8327,-0.4293,3.8
-0.6352,1.8827,1.8677,-0.6262,4.0
-0.6352,1.8827,2.0677,-0.6294,4.2
-0.6352,1.8827,2.2424,-0.7267,4.4
-0.6352,1.8827,2.4171,-0.824,4.6
-0.6352,1.8827,2.5919,-0.9213,4.8
-0.6352,1.8827,2.7666,-1.0187,5.0
-0.6352,1.8827,2.8422,-1.0608,5.0866
-0.6352,1.8827,2.8422,-1.0608,5.0866
-0.4371,1.8553,-0.2845,1.726,0.2
-0.4371,1.8553,-0.1356,1.5925,0.4
-0.4371,1.8553,-0.0404,1.4166,0.6
-0.4371,1.8553,0.1567,1.3824,0.8
-0.4371,1.8553,0.3065,1.2499,1.0
-0.4371,1.8553,0.2235,1.0679,1.2
-0.4371,1.8553,0.3373,0.9035,1.4
-0.4371,1.8553,0.3059,0.706,1.6
-0.4371,1.8553,0.3963,0.5276,1.8
-0.4371,1.8553,0.4714,0.3422,2.0
-0.4371,1.8553,0.6556,0.2642,2.2
-0.4371,1.8553,0.848,0.2096,2.4
-0.4371,1.8553,1.0167,0.1021,2.6
-0.4371,1.8553,1.1285,-0.0637,2.8
-0.4371,1.8553,1.322,-0.1143,3.0
-0.4371,1.8553,1.4935,-0.2171,3.2
-0.4371,1.8553,1.6631,-0.3232,3.4
-0.4371,1.8553,1.8327,-0.4293,3.6
-0.4371,1.8553,1.8677,-0.6262,3.8
-0.4371,1.8553,2.0677,-0.6294,4.0
-0.4371,1.8553,2.2424,-0.7267,4.2
-0.4371,1.8553,2.4171,-0.824,4.4
-0.4371,1.8553,2.5919,-0.9213,4.6
-0.4371,1.8553,2.7666,-1.0187,4.8
-0.4371,1.8553,2.8422,-1.0608,4.8866
-0.4371,1.8553,2.8422,-1.0608,4.8866
-0.2845,1.726,-0.1356,1.5925,0.2
-0.2845,1.726,-0.0404,1.4166,0.4
-0.2845,1.726,0.1567,1.3824,0.6
-0.2845,1.726,0.3065,1.2499,0.8
-0.2845,1.726,0.2235,1.0679,1.0
-0.2845,1.726,0.3373,0.9035,1.2
-0.2845,1.726,0.3059,0.706,1.4
-0.2845,1.726,0.3963,0.5276,1.6
-0.2845,1.726,0.4714,0.3422,1.8
-0.2845,1.726,0.6556,0.2642,2.0
-0.2845,1.726,0.848,0.2096,2.2
-0.2845,1.726,1.0167,0.1021,2.4
-0.2845,1.726,1.1285,-0.0637,2.6
-0.2845,1.726,1.322,-0.1143,2.8
-0.2845,1.726,1.4935,-0.2171,3.0
-0.2845,1.726,1.6631,-0.3232,3.2
-0.2845,1.726,1.8327,-0.4293,3.4
-0.2845,1.726,1.8677,-0.6262,3.6
-0.2845,1.726,2.0677,-0.6294,3.8
-0.2845,1.726,2.2424,-0.7267,4.0
-0.2845,1.726,2.4171,-0.824,4.2
-0.2845,1.726,2.5919,-0.9213,4.4
-0.2845,1.726,2.7666,-1.0187,4.6
-0.2845,1.726,2.8422,-1.0608,4.6866
-0.2845,1.726,2.8422,-1.0608,4.6866
-0.1356,1.5925,-0.0404,1.4166,0.2
-0.1356,1.5925,0.1567,1.3824,0.4
-0.1356,1.5925,0.3065,1.2499,0.6
-0.1356,1.5925,0.2235,1.0679,0.8
-0.1356,1.5925,0.3373,0.9035,1.0
-0.1356,1.5925,0.3059,0.706,1.2
-0.1356,1.5925,0.3963,0.5276,1.4
-0.1356,1.5925,0.4714,0.3422,1.6
-0.1356,1.5925,0.6556,0.2642,1.8
-0.1356,1.5925,0.848,0.2096,2.0
-0.1356,1.5925,1.0167,0.1021,2.2
-0.1356,1.5925,1.1285,-0.0637,2.4
-0.1356,1.5925,1.322,-0.1143,2.6
-0.1356,1.5925,1.4935,-0.2171,2.8
-0.1356,1.5925,1.6631,-0.3232,3.0
-0.1356,1.5925,1.8327,-0.4293,3.2
-0.1356,1.5925,1.8677,-0.6262,3.4
-0.1356,1.5925,2.0677,-0.6294,3.6
-0.1356,1.5925,2.2424,-0.7267,3.8
-0.1356,1.5925,2.4171,-0.824,4.0
-0.1356,1.5925,2.5919,-0.9213,4.2
-0.1356,1.5925,2.7666,-1.0187,4.4
-0.1356,1.5925,2.8422,-1.0608,4.4866
-0.1356,1.5925,2.8422,-1.0608,4.4866
-0.0404,1.4166,0.1567,1.3824,0.2
-0.0404,1.4166,0.3065,1.2499,0.4
-0.0404,1.4166,0.2235,1.0679,0.6
-0.0404,1.4166,0.3373,0.9035,0.8
-0.0404,1.4166,0.3059,0.706,1.0
-0.0404,1.4166,0.3963,0.5276,1.2
-0.0404,1.4166,0.4714,0.3422,1.4
-0.0404,1.4166,0.6556,0.2642,1.6
-0.0404,1.4166,0.848,0.2096,1.8
-0.0404,1.4166,1.0167,0.1021,2.0
-0.0404,1.4166,1.1285,-0.0637,2.2
-0.0404,1.4166,1.322,-0.1143,2.4
-0.0404,1.4166,1.4935,-0.2171,2.6
-0.0404,1.4166,1.6631,-0.3232,2.8
-0.0404,1.4166,1.8327,-0.4293,3.0
-0.0404,1.4166,1.8677,-0.6262,3.2
-0.0404,1.4166,2.0677,-0.6294,3.4
-0.0404,1.4166,2.2424,-0.7267,3.6
-0.0404,1.4166,2.4171,-0.824,3.8
-0.0404,1.4166,2.5919,-0.9213,4.0
-0.0404,1.4166,2.7666,-1.0187,4.2
-0.0404,1.4166,2.8422,-1.0608,4.2866
-0.0404,1.4166,2.8422,-1.0608,4.2866
0.1567,1.3824,0.3065,1.2499,0.2
0.1567,1.3824,0.2235,1.0679,0.4
0.1567,1.3824,0.3373,0.9035,0.6
0.1567,1.3824,0.3059,0.706,0.8
0.1567,1.3824,0.3963,0.5276,1.0
0.1567,1.3824,0.4714,0.3422,1.2
0.1567,1.3824,0.6556,0.2642,1.4
0.1567,1.3824,0.848,0.2096,1.6
0.1567,1.3824,1.0167,0.1021,1.8
0.1567,1.3824,1.1285,-0.0637,2.0
0.1567,1.3824,1.322,-0.1143,2.2
0.1567,1.3824,1.4935,-0.2171,2.4
0.1567,1.3824,1.6631,-0.3232,2.6
0.1567,1.3824,1.8327,-0.4293,2.8
0.1567,1.3824,1.8677,-0.6262,3.0
0.1567,1.3824,2.0677,-0.6294,3.2
0.1567,1.3824,2.2424,-0.7267,3.4
0.1567,1.3824,2.4171,-0.824,3.6
0.1567,1.3824,2.5919,-0.9213,3.8
0.1567,1.3824,2.7666,-1.0187,4.0
0.1567,1.3824,2.8422,-1.0608,4.0866
0.1567,1.3824,2.8422,-1.0608,4.0866
0.3065,1.2499,0.2235,1.0679,0.2
0.3065,1.2499,0.3373,0.9035,0.4
0.3065,1.2499,0.3059,0.706,0.6
0.3065,1.2499,0.3963,0.5276,0.8
0.3065,1.2499,0.4714,0.3422,1.0
0.3065,1.2499,0.6556,0.2642,1.2
0.3065,1.2499,0.848,0.2096,1.4
0.3065,1.2499,1.0167,0.1021,1.6
0.3065,1.2499,1.1285,-0.0637,1.8
0.3065,1.2499,1.322,-0.1143,2.0
0.3065,1.2499,1.4935,-0.2171,2.2
0.3065,1.2499,1.6631,-0.3232,2.4
0.3065,1.2499,1.8327,-0.4293,2.6
0.3065,1.2499,1.8677,-0.6262,2.8
0.3065,1.2499,2.0677,-0.6294,3.0
0.3065,1.2499,2.2424,-0.7267,3.2
0.3065,1.2499,2.4171,-0.824,3.4
0.3065,1.2499,2.5919,-0.9213,3.6
0.3065,1.2499,2.7666,-1.0187,3.8
0.3065,1.2499,2.8422,-1.0608,3.8866
0.3065,1.2499,2.8422,-1.0608,3.8866
0.2235,1.0679,0.3373,0.9035,0.2
0.2235,1.0679,0.3059,0.706,0.4
0.2235,1.0679,0.3963,0.5276,0.6
0.2235,1.0679,0.4714,0.3422,0.8
0.2235,1.0679,0.6556,0.2642,1.0
0.2235,1.0679,0.848,0.2096,1.2
0.2235,1.0679,1.0167,0.1021,1.4
0.2235,1.0679,1.1285,-0.0637,1.6
0.2235,1.0679,1.322,-0.1143,1.8
0.2235,1.0679,1.4935,-0.2171,2.0
0.2235,1.0679,1.6631,-0.3232,2.2
0.2235,1.0679,1.8327,-0.4293,2.4
0.2235,1.0679,1.8677,-0.6262,2.6
0.2235,1.0679,2.0677,-0.6294,2.8
0.2235,1.0679,2.2424,-0.7267,3.0
0.2235,1.0679,2.4171,-0.824,3.2
0.2235,1.0679,2.5919,-0.9213,3.4
0.2235,1.0679,2.7666,-1.0187,3.6
0.2235,1.0679,2.8422,-1.0608,3.6866
0.2235,1.0679,2.8422,-1.0608,3.6866
0.3373,0.9035,0.3059,0.706,0.2
0.3373,0.9035,0.3963,0.5276,0.4
0.3373,0.9035,0.4714,0.3422,0.6
0.3373,0.9035,0.6556,0.2642,0.8
0.3373,0.9035,0.848,0.2096,1.0
0.3373,0.9035,1.0167,0.1021,1.2
0.3373,0.9035,1.1285,-0.0637,1.4
0.3373,0.9035,1.322,-0.1143,1.6
0.3373,0.9035,1.4935,-0.2171,1.8
0.3373,0.9035,1.6631,-0.3232,2.0
0.3373,0.9035,1.8327,-0.4293,2.2
0.3373,0.9035,1.8677,-0.6262,2.4
0.3373,0.9035,2.0677,-0.6294,2.6
0.3373,0.9035,2.2424,-0.7267,2.8
0.3373,0.9035,2.4171,-0.824,3.0
0.3373,0.9035,2.5919,-0.9213,3.2
0.3373,0.9035,2.7666,-1.0187,3.4
0.3373,0.9035,2.8422,-1.0608,3.4866
0.3373,0.9035,2.8422,-1.0608,3.4866
0.3059,0.706,0.3963,0.5276,0.2
0.3059,0.706,0.4714,0.3422,0.4
0.3059,0.706,0.6556,0.2642,0.6
0.3059,0.706,0.848,0.2096,0.8
0.3059,0.706,1.0167,0.1021,1.0
0.3059,0.706,1.1285,-0.0637,1.2
0.3059,0.706,1.322,-0.1143,1.4
0.3059,0.706,1.4935,-0.2171,1.6
0.3059,0.706,1.6631,-0.3232,1.8
0.3059,0.706,1.8327,-0.4293,2.0
0.3059,0.706,1.8677,-0.6262,2.2
0.3059,0.706,2.0677,-0.6294,2.4
0.3059,0.706,2.2424,-0.7267,2.6
0.3059,0.706,2.4171,-0.824,2.8
0.3059,0.706,2.5919,-0.9213,3.0
0.3059,0.706,2.7666,-1.0187,3.2
0.3059,0.706,2.8422,-1.0608,3.2866
0.3059,0.706,2.8422,-1.0608,3.2866
0.3963,0.5276,0.4714,0.3422,0.2
0.3963,0.5276,0.6556,0.2642,0.4
0.3963,0.5276,0.848,0.2096,0.6
0.3963,0.5276,1.0167,0.1021,0.8
0.3963,0.5276,1.1285,-0.0637,1.0
0.3963,0.5276,1.322,-0.1143,1.2
0.3963,0.5276,1.4935,-0.2171,1.4
0.3963,0.5276,1.6631,-0.3232,1.6
0.3963,0.5276,1.8327,-0.4293,1.8
0.3963,0.5276,1.8677,-0.6262,2.0
0.3963,0.5276,2.0677,-0.6294,2.2
0.3963,0.5276,2.2424,-0.7267,2.4
0.3963,0.5276,2.4171,-0.824,2.6
0.3963,0.5276,2.5919,-0.9213,2.8
0.3963,0.5276,2.7666,-1.0187,3.0
0.3963,0.5276,2.8422,-1.0608,3.0866
0.3963,0.5276,2.8422,-1.0608,3.0866
0.4714,0.3422,0.6556,0.2642,0.2
0.4714,0.3422,0.848,0.2096,0.4
0.4714,0.3422,1.0167,0.1021,0.6
0.4714,0.3422,1.1285,-0.0637,0.8
0.4714,0.3422,1.322,-0.1143,1.0
0.4714,0.3422,1.4935,-0.2171,1.2
0.4714,0.3422,1.6631,-0.3232,1.4
0.4714,0.3422,1.8327,-0.4293,1.6
0.4714,0.3422,1.8677,-0.6262,1.8
0.4714,0.3422,2.0677,-0.6294,2.0
0.4714,0.3422,2.2424,-0.7267,2.2
0.4714,0.3422,2.4171,-0.824,2.4
0.4714,0.3422,2.5919,-0.9213,2.6
0.4714,0.3422,2.7666,-1.0187,2.8
0.4714,0.3422,2.8422,-1.0608,2.8866
0.4714,0.3422,2.8422,-1.0608,2.8866
0.6556,0.2642,0.848,0.2096,0.2
0.6556,0.2642,1.0167,0.1021,0.4
0.6556,0.2642,1.1285,-0.0637,0.6
0.6556,0.2642,1.322,-0.1143,0.8
0.6556,0.2642,1.4935,-0.2171,1.0
0.6556,0.2642,1.6631,-0.3232,1.2
0.6556,0.2642,1.8327,-0.4293,1.4
0.6556,0.2642,1.8677,-0.6262,1.6
0.6556,0.2642,2.0677,-0.6294,1.8
0.6556,0.2642,2.2424,-0.7267,2.0
0.6556,0.2642,2.4171,-0.824,2.2
0.6556,0.2642,2.5919,-0.9213,2.4
0.6556,0.2642,2.7666,-1.0187,2.6
0.6556,0.2642,2.8422,-1.0608,2.6866
0.6556,0.2642,2.8422,-1.0608,2.6866
0.848,0.2096,1.0167,0.1021,0.2
0.848,0.2096,1.1285,-0.0637,0.4
0.848,0.2096,1.322,-0.1143,0.6
0.848,0.2096,1.4935,-0.2171,0.8
0.848,0.2096,1.6631,-0.3232,1.0
0.848,0.2096,1.8327,-0.4293,1.2
0.848,0.2096,1.8677,-0.6262,1.4
0.848,0.2096,2.0677,-0.6294,1.6
0.848,0.2096,2.2424,-0.7267,1.8
0.848,0.2096,2.4171,-0.824,2.0
0.848,0.2096,2.5919,-0.9213,2.2
0.848,0.2096,2.7666,-1.0187,2.4
0.848,0.2096,2.8422,-1.0608,2.4866
0.848,0.2096,2.8422,-1.0608,2.4866
1.0167,0.1021,1.1285,-0.0637,0.2
1.0167,0.1021,1.322,-0.1143,0.4
1.0167,0.1021,1.4935,-0.2171,0.6
1.0167,0.1021,1.6631,-0.3232,0.8
1.0167,0.1021,1.8327,-0.4293,1.0
1.0167,0.1021,1.8677,-0.6262,1.2
1.0167,0.1021,2.0677,-0.6294,1.4
1.0167,0.1021,2.2424,-0.7267,1.6
1.0167,0.1021,2.4171,-0.824,1.8
1.0167,0.1021,2.5919,-0.9213,2.0
1.0167,0.1021,2.7666,-1.0187,2.2
1.0167,0.1021,2.8422,-1.0608,2.2866
1.0167,0.1021,2.8422,-1.0608,2.2866
1.1285,-0.0637,1.322,-0.1143,0.2
1.1285,-0.0637,1.4935,-0.2171,0.4
1.1285,-0.0637,1.6631,-0.3232,0.6
1.1285,-0.0637,1.8327,-0.4293,0.8
1.1285,-0.0637,1.8677,-0.6262,1.0
1.1285,-0.0637,2.0677,-0.6294,1.2
1.1285,-0.0637,2.2424,-0.7267,1.4
1.1285,-0.0637,2.4171,-0.824,1.6
1.1285,-0.0637,2.5919,-0.9213,1.8
1.1285,-0.0637,2.7666,-1.0187,2.0
1.1285,-0.0637,2.8422,-1.0608,2.0866
1.1285,-0.0637,2.8422,-1.0608,2.0866
1.322,-0.1143,1.4935,-0.2171,0.2
1.322,-0.1143,1.6631,-0.3232,0.4
1.322,-0.1143,1.8327,-0.4293,0.6
1.322,-0.1143,1.8677,-0.6262,0.8
1.322,-0.1143,2.0677,-0.6294,1.0
1.322,-0.1143,2.2424,-0.7267,1.2
1.322,-0.1143,2.4171,-0.824,1.4
1.322,-0.1143,2.5919,-0.9213,1.6
1.322,-0.1143,2.7666,-1.0187,1.8
1.322,-0.1143,2.8422,-1.0608,1.8866
1.322,-0.1143,2.8422,-1.0608,1.8866
1.4935,-0.2171,1.6631,-0.3232,0.2
1.4935,-0.2171,1.8327,-0.4293,0.4
1.4935,-0.2171,1.8677,-0.6262,0.6
1.4935,-0.2171,2.0677,-0.6294,0.8
1.4935,-0.2171,2.2424,-0.7267,1.0
1.4935,-0.2171,2.4171,-0.824,1.2
1.4935,-0.2171,2.5919,-0.9213,1.4
1.4935,-0.2171,2.7666,-1.0187,1.6
1.4935,-0.2171,2.8422,-1.0608,1.6866
1.4935,-0.2171,2.8422,-1.0608,1.6866
1.6631,-0.3232,1.8327,-0.4293,0.2
1.6631,-0.3232,1.8677,-0.6262,0.4
1.6631,-0.3232,2.0677,-0.6294,0.6
1.6631,-0.3232,2.2424,-0.7267,0.8
1.6631,-0.3232,2.4171,-0.824,1.0
1.6631,-0.3232,2.5919,-0.9213,1.2
1.6631,-0.3232,2.7666,-1.0187,1.4
1.6631,-0.3232,2.8422,-1.0608,1.4866
1.6631,-0.3232,2.8422,-1.0608,1.4866
1.8327,-0.4293,1.8677,-0.6262,0.2
1.8327,-0.4293,2.0677,-0.6294,0.4
1.8327,-0.4293,2.2424,-0.7267,0.6
1.8327,-0.4293,2.4171,-0.824,0.8
1.8327,-0.4293,2.5919,-0.9213,1.0
1.8327,-0.4293,2.7666,-1.0187,1.2
1.8327,-0.4293,2.8422,-1.0608,1.2866
1.8327,-0.4293,2.8422,-1.0608,1.2866
1.8677,-0.6262,2.0677,-0.6294,0.2
1.8677,-0.6262,2.2424,-0.7267,0.4
1.8677,-0.6262,2.4171,-0.824,0.6
1.8677,-0.6262,2.5919,-0.9213,0.8
1.8677,-0.6262,2.7666,-1.0187,1.0
1.8677,-0.6262,2.8422,-1.0608,1.0866
1.8677,-0.6262,2.8422,-1.0608,1.0866
2.0677,-0.6294,2.2424,-0.7267,0.2
2.0677,-0.6294,2.4171,-0.824,0.4
2.0677,-0.6294,2.5919,-0.9213,0.6
2.0677,-0.6294,2.7666,-1.0187,0.8
2.0677,-0.6294,2.8422,-1.0608,0.8866
2.0677,-0.6294,2.8422,-1.0608,0.8866
2.2424,-0.7267,2.4171,-0.824,0.2
2.2424,-0.7267,2.5919,-0.9213,0.4
2.2424,-0.7267,2.7666,-1.0187,0.6
2.2424,-0.7267,2.8422,-1.0608,0.6866
2.2424,-0.7267,2.8422,-1.0608,0.6866
2.4171,-0.824,2.5919,-0.9213,0.2
2.4171,-0.824,2.7666,-1.0187,0.4
2.4171,-0.824,2.8422,-1.0608,0.4866
2.4171,-0.824,2.8422,-1.0608,0.4866
2.5919,-0.9213,2.7666,-1.0187,0.2
2.5919,-0.9213,2.8422,-1.0608,0.2866
2.5919,-0.9213,2.8422,-1.0608,0.2866
2.7666,-1.0187,2.8422,-1.0608,0.0866
2.7666,-1.0187,2.8422,-1.0608,0.0866
2.8422,-1.0608,2.8422,-1.0608,0.0
-2.4195,2.0895,-2.2911,2.0301,0.1415
-2.4195,2.0895,-2.1014,1.9666,0.3415
-2.4195,2.0895,-1.9332,1.8584,0.5415
-2.4195,2.0895,-1.7667,1.7477,0.7415
-2.4195,2.0895,-1.6306,1.6011,0.9415
-2.4195,2.0895,-1.5457,1.4364,1.1269
-2.4195,2.0895,-1.4051,1.2941,1.3269
-2.4195,2.0895,-1.464,1.103,1.5269
-2.4195,2.0895,-1.5818,0.9413,1.7269
-2.4195,2.0895,-1.4278,0.8137,1.9269
-2.4195,2.0895,-1.4351,0.6138,2.1269
-2.4195,2.0895,-1.4487,0.4143,2.3269
-2.4195,2.0895,-1.259,0.3508,2.5269
-2.4195,2.0895,-1.1892,0.1633,2.7269
-2.4195,2.0895,-1.0943,-0.0127,2.9269
-2.4195,2.0895,-0.899,0.0305,3.1269
-2.4195,2.0895,-0.7018,0.0639,3.3269
-2.4195,2.0895,-0.5687,0.2132,3.5269
-2.4195,2.0895,-0.4344,0.3614,3.7269
-2.4195,2.0895,-0.2352,0.3431,3.9269
-2.4195,2.0895,-0.1463,0.5223,4.1269
-2.4195,2.0895,0.0504,0.4864,4.3269
-2.4195,2.0895,0.1764,0.6418,4.5269
-2.4195,2.0895,0.3635,0.7122,4.7269
-2.4195,2.0895,0.4348,0.5254,4.9269
-2.4195,2.0895,0.5905,0.3999,5.1269
-2.4195,2.0895,0.531,0.273,5.267
-2.4195,2.0895,0.531,0.273,5.267
-2.2911,2.0301,-2.1014,1.9666,0.2
-2.2911,2.0301,-1.9332,1.8584,0.4
-2.2911,2.0301,-1.7667,1.7477,0.6
-2.2911,2.0301,-1.6306,1.6011,0.8
-2.2911,2.0301,-1.5457,1.4364,0.9854
-2.2911,2.0301,-1.4051,1.2941,1.1854
-2.2911,2.0301,-1.464,1.103,1.3854
-2.2911,2.0301,-1.5818,0.9413,1.5854
-2.2911,2.0301,-1.4278,0.8137,1.7854
-2.2911,2.0301,-1.4351,0.6138,1.9854
-2.2911,2.0301,-1.4487,0.4143,2.1854
-2.2911,2.0301,-1.259,0.3508,2.3854
-2.2911,2.0301,-1.1892,0.1633,2.5854
-2.2911,2.0301,-1.0943,-0.0127,2.7854
-2.2911,2.0301,-0.899,0.0305,2.9854
-2.2911,2.0301,-0.7018,0.0639,3.1854
-2.2911,2.0301,-0.5687,0.2132,3.3854
-2.2911,2.0301,-0.4344,0.3614,3.5854
-2.2911,2.0301,-0.2352,0.3431,3.7854
-2.2911,2.0301,-0.1463,0.5223,3.9854
-2.2911,2.0301,0.0504,0.4864,4.1854
-2.2911,2.0301,0.1764,0.6418,4.3854
-2.2911,2.0301,0.3635,0.7122,4.5854
-2.2911,2.0301,0.4348,0.5254,4.7854
-2.2911,2.0301,0.5905,0.3999,4.9854
-2.2911,2.0301,0.531,0.273,5.1255
-2.2911,2.0301,0.531,0.273,5.1255
-2.1014,1.9666,-1.9332,1.8584,0.2
-2.1014,1.9666,-1.7667,1.7477,0.4
-2.1014,1.9666,-1.6306,1.6011,0.6
-2.1014,1.9666,-1.5457,1.4364,0.7854
-2.1014,1.9666,-1.4051,1.2941,0.9854
-2.1014,1.9666,-1.464,1.103,1.1854
-2.1014,1.9666,-1.5818,0.9413,1.3854
-2.1014,1.9666,-1.4278,0.8137,1.5854
-2.1014,1.9666,-1.4351,0.6138,1.7854
-2.1014,1.9666,-1.4487,0.4143,1.9854
-2.1014,1.9666,-1.259,0.3508,2.1854
-2.1014,1.9666,-1.1892,0.1633,2.3854
-2.1014,1.9666,-1.0943,-0.0127,2.5854
-2.1014,1.9666,-0.899,0.0305,2.7854
-2.1014,1.9666,-0.7018,0.0639,2.9854
-2.1014,1.9666,-0.5687,0.2132,3.1854
-2.1014,1.9666,-0.4344,0.3614,3.3854
-2.1014,1.9666,-0.2352,0.3431,3.5854
-2.1014,1.9666,-0.1463,0.5223,3.7854
-2.1014,1.9666,0.0504,0.4864,3.9854
-2.1014,1.9666,0.1764,0.6418,4.1854
-2.1014,1.9666,0.3635,0.7122,4.3854
-2.1014,1.9666,0.4348,0.5254,4.5854
-2.1014,1.9666,0.5905,0.3999,4.7854
-2.1014,1.9666,0.531,0.273,4.9255
-2.1014,1.9666,0.531,0.273,4.9255
-1.9332,1.8584,-1.7667,1.7477,0.2
-1.9332,1.8584,-1.6306,1.6011,0.4
-1.9332,1.8584,-1.5457,1.4364,0.5854
-1.9332,1.8584,-1.4051,1.2941,0.7854
-1.9332,1.8584,-1.464,1.103,0.9854
-1.9332,1.8584,-1.5818,0.9413,1.1854
-1.9332,1.8584,-1.4278,0.8137,1.3854
-1.9332,1.8584,-1.4351,0.6138,1.5854
-1.9332,1.8584,-1.4487,0.4143,1.7854
-1.9332,1.8584,-1.259,0.3508,1.9854
-1.9332,1.8584,-1.1892,0.1633,2.1854
-1.9332,1.8584,-1.0943,-0.0127,2.3854
-1.9332,1.8584,-0.899,0.0305,2.5854
-1.9332,1.8584,-0.7018,0.0639,2.7854
-1.9332,1.8584,-0.5687,0.2132,2.9854
-1.9332,1.8584,-0.4344,0.3614,3.1854
-1.9332,1.8584,-0.2352,0.3431,3.3854
-1.9332,1.8584,-0.1463,0.5223,3.5854
-1.9332,1.8584,0.0504,0.4864,3.7854
-1.9332,1.8584,0.1764,0.6418,3.9854
-1.9332,1.8584,0.3635,0.7122,4.1854
-1.9332,1.8584,0.4348,0.5254,4.3854
-1.9332,1.8584,0.5905,0.3999,4.5854
-1.9332,1.8584,0.531,0.273,4.7255
-1.9332,1.8584,0.531,0.273,4.7255
-1.7667,1.7477,-1.6306,1.6011,0.2
-1.7667,1.7477,-1.5457,1.4364,0.3854
-1.7667,1.7477,-1.4051,1.2941,0.5854
-1.7667,1.7477,-1.464,1.103,0.7854
-1.7667,1.7477,-1.5818,0.9413,0.9854
-1.7667,1.7477,-1.4278,0.8137,1.1854
-1.7667,1.7477,-1.4351,0.6138,1.3854
-1.7667,1.7477,-1.4487,0.4143,1.5854
-1.7667,1.7477,-1.259,0.3508,1.7854
-1.7667,1.7477,-1.1892,0.1633,1.9854
-1.7667,1.7477,-1.0943,-0.0127,2.1854
-1.7667,1.7477,-0.899,0.0305,2.3854
-1.7667,1.7477,-0.7018,0.0639,2.5854
-1.7667,1.7477,-0.5687,0.2132,2.7854
-1.7667,1.7477,-0.4344,0.3614,2.9854
-1.7667,1.7477,-0.2352,0.3431,3.1854
-1.7667,1.7477,-0.1463,0.5223,3.3854
-1.7667,1.7477,0.0504,0.4864,3.5854
-1.7667,1.7477,0.1764,0.6418,3.7854
-1.7667,1.7477,0.3635,0.7122,3.9854
-1.7667,1.7477,0.4348,0.5254,4.1854
-1.7667,1.7477,0.5905,0.3999,4.3854
-1.7667,1.7477,0.531,0.273,4.5255
-1.7667,1.7477,0.531,0.273,4.5255
-1.6306,1.6011,-1.5457,1.4364,0.1854
-1.6306,1.6011,-1.4051,1.2941,0.3854
-1.6306,1.6011,-1.464,1.103,0.5854
-1.6306,1.6011,-1.5818,0.9413,0.7854
-1.6306,1.6011,-1.4278,0.8137,0.9854
-1.6306,1.6011,-1.4351,0.6138,1.1854
-1.6306,1.6011,-1.4487,0.4143,1.3854
-1.6306,1.6011,-1.259,0.3508,1.5854
-1.6306,1.6011,-1.1892,0.1633,1.7854
-1.6306,1.6011,-1.0943,-0.0127,1.9854
-1.6306,1.6011,-0.899,0.0305,2.1854
-1.6306,1.6011,-0.7018,0.0639,2.3854
-1.6306,1.6011,-0.5687,0.2132,2.5854
-1.6306,1.6011,-0.4344,0.3614,2.7854
-1.6306,1.6011,-0.2352,0.3431,2.9854
-1.6306,1.6011,-0.1463,0.5223,3.1854
-1.6306,1.6011,0.0504,0.4864,3.3854
-1.6306,1.6011,0.1764,0.6418,3.5854
-1.6306,1.6011,0.3635,0.7122,3.7854
-1.6306,1.6011,0.4348,0.5254,3.9854
-1.6306,1.6011,0.5905,0.3999,4.1854
-1.6306,1.6011,0.531,0.273,4.3255
-1.6306,1.6011,0.531,0.273,4.3255
-1.5457,1.4364,-1.4051,1.2941,0.2
-1.5457,1.4364,-1.464,1.103,0.4
-1.5457,1.4364,-1.5818,0.9413,0.6
-1.5457,1.4364,-1.4278,0.8137,0.8
-1.5457,1.4364,-1.4351,0.6138,1.0
-1.5457,1.4364,-1.4487,0.4143,1.2
-1.5457,1.4364,-1.259,0.3508,1.4
-1.5457,1.4364,-1.1892,0.1633,1.6
-1.5457,1.4364,-1.0943,-0.0127,1.8
-1.5457,1.4364,-0.899,0.0305,2.0
-1.5457,1.4364,-0.7018,0.0639,2.2
-1.5457,1.4364,-0.5687,0.2132,2.4
-1.5457,1.4364,-0.4344,0.3614,2.6
-1.5457,1.4364,-0.2352,0.3431,2.8
-1.5457,1.4364,-0.1463,0.5223,3.0
-1.5457,1.4364,0.0504,0.4864,3.2
-1.5457,1.4364,0.1764,0.6418,3.4
-1.5457,1.4364,0.3635,0.7122,3.6
-1.5457,1.4364,0.4348,0.5254,3.8
-1.5457,1.4364,0.5905,0.3999,4.0
-1.5457,1.4364,0.531,0.273,4.1401
-1.5457,1.4364,0.531,0.273,4.1401
-1.4051,1.2941,-1.464,1.103,0.2
-1.4051,1.2941,-1.5818,0.9413,0.4
-1.4051,1.2941,-1.4278,0.8137,0.6
-1.4051,1.2941,-1.4351,0.6138,0.8
-1.4051,1.2941,-1.4487,0.4143,1.0
-1.4051,1.2941,-1.259,0.3508,1.2
-1.4051,1.2941,-1.1892,0.1633,1.4
-1.4051,1.2941,-1.0943,-0.0127,1.6
-1.4051,1.2941,-0.899,0.0305,1.8
-1.4051,1.2941,-0.7018,0.0639,2.0
-1.4051,1.2941,-0.5687,0.2132,2.2
-1.4051,1.2941,-0.4344,0.3614,2.4
-1.4051,1.2941,-0.2352,0.3431,2.6
-1.4051,1.2941,-0.1463,0.5223,2.8
-1.4051,1.2941,0.0504,0.4864,3.0
-1.4051,1.2941,0.1764,0.6418,3.2
-1.4051,1.2941,0.3635,0.7122,3.4
-1.4051,1.2941,0.4348,0.5254,3.6
-1.4051,1.2941,0.5905,0.3999,3.8
-1.4051,1.2941,0.531,0.273,3.9401
-1.4051,1.2941,0.531,0.273,3.9401
-1.464,1.103,-1.5818,0.9413,0.2
-1.464,1.103,-1.4278,0.8137,0.4
-1.464,1.103,-1.4351,0.6138,0.6
-1.464,1.103,-1.4487,0.4143,0.8
-1.464,1.103,-1.259,0.3508,1.0
-1.464,1.103,-1.1892,0.1633,1.2
-1.464,1.103,-1.0943,-0.0127,1.4
-1.464,1.103,-0.899,0.0305,1.6
-1.464,1.103,-0.7018,0.0639,1.8
-1.464,1.103,-0.5687,0.2132,2.0
-1.464,1.103,-0.4344,0.3614,2.2
-1.464,1.103,-0.2352,0.3431,2.4
-1.464,1.103,-0.1463,0.5223,2.6
-1.464,1.103,0.0504,0.4864,2.8
-1.464,1.103,0.1764,0.6418,3.0
-1.464,1.103,0.3635,0.7122,3.2
-1.464,1.103,0.4348,0.5254,3.4
-1.464,1.103,0.5905,0.3999,3.6
-1.464,1.103,0.531,0.273,3.7401
-1.464,1.103,0.531,0.273,3.7401
-1.5818,0.9413,-1.4278,0.8137,0.2
-1.5818,0.9413,-1.4351,0.6138,0.4
-1.5818,0.9413,-1.4487,0.4143,0.6
-1.5818,0.9413,-1.259,0.3508,0.8
-1.5818,0.9413,-1.1892,0.1633,1.0
-1.5818,0.9413,-1.0943,-0.0127,1.2
-1.5818,0.9413,-0.899,0.0305,1.4
-1.5818,0.9413,-0.7018,0.0639,1.6
-1.5818,0.9413,-0.5687,0.2132,1.8
-1.5818,0.9413,-0.4344,0.3614,2.0
-1.5818,0.9413,-0.2352,0.3431,2.2
-1.5818,0.9413,-0.1463,0.5223,2.4
-1.5818,0.9413,0.0504,0.4864,2.6
-1.5818,0.9413,0.1764,0.6418,2.8
-1.5818,0.9413,0.3635,0.7122,3.0
-1.5818,0.9413,0.4348,0.5254,3.2
-1.5818,0.9413,0.5905,0.3999,3.4
-1.5818,0.9413,0.531,0.273,3.5401
-1.5818,0.9413,0.531,0.273,3.5401
-1.4278,0.8137,-1.4351,0.6138,0.2
-1.4278,0.8137,-1.4487,0.4143,0.4
-1.4278,0.8137,-1.259,0.3508,0.6
-1.4278,0.8137,-1.1892,0.1633,0.8
-1.4278,0.8137,-1.0943,-0.0127,1.0
-1.4278,0.8137,-0.899,0.0305,1.2
-1.4278,0.8137,-0.7018,0.0639,1.4
-1.4278,0.8137,-0.5687,0.2132,1.6
-1.4278,0.8137,-0.4344,0.3614,1.8
-1.4278,0.8137,-0.2352,0.3431,2.0
-1.4278,0.8137,-0.1463,0.5223,2.2
-1.4278,0.8137,0.0504,0.4864,2.4
-1.4278,0.8137,0.1764,0.6418,2.6
-1.4278,0.8137,0.3635,0.7122,2.8
-1.4278,0.8137,0.4348,0.5254,3.0
-1.4278,0.8137,0.5905,0.3999,3.2
-1.4278,0.8137,0.531,0.273,3.3401
-1.4278,0.8137,0.531,0.273,3.3401
-1.4351,0.6138,-1.4487,0.4143,0.2
-1.4351,0.6138,-1.259,0.3508,0.4
-1.4351,0.6138,-1.1892,0.1633,0.6
-1.4351,0.6138,-1.0943,-0.0127,0.8
-1.4351,0.6138,-0.899,0.0305,1.0
-1.4351,0.6138,-0.7018,0.0639,1.2
-1.4351,0.6138,-0.5687,0.2132,1.4
-1.4351,0.6138,-0.4344,0.3614,1.6
-1.4351,0.6138,-0.2352,0.3431,1.8
-1.4351,0.6138,-0.1463,0.5223,2.0
-1.4351,0.6138,0.0504,0.4864,2.2
-1.4351,0.6138,0.1764,0.6418,2.4
-1.4351,0.6138,0.3635,0.7122,2.6
-1.4351,0.6138,0.4348,0.5254,2.8
-1.4351,0.6138,0.5905,0.3999,3.0
-1.4351,0.6138,0.531,0.273,3.1401
-1.4351,0.6138,0.531,0.273,3.1401
-1.4487,0.4143,-1.259,0.3508,0.2
-1.4487,0.4143,-1.1892,0.1633,0.4
-1.4487,0.4143,-1.0943,-0.0127,0.6
-1.4487,0.4143,-0.899,0.0305,0.8
-1.4487,0.4143,-0.7018,0.0639,1.0
-1.4487,0.4143,-0.5687,0.2132,1.2
-1.4487,0.4143,-0.4344,0.3614,1.4
-1.4487,0.4143,-0.2352,0.3431,1.6
-1.4487,0.4143,-0.1463,0.5223,1.8
-1.4487,0.4143,0.0504,0.4864,2.0
-1.4487,0.4143,0.1764,0.6418,2.2
-1.4487,0.4143,0.3635,0.7122,2.4
-1.4487,0.4143,0.4348,0.5254,2.6
-1.4487,0.4143,0.5905,0.3999,2.8
-1.4487,0.4143,0.531,0.273,2.9401
-1.4487,0.4143,0.531,0.273,2.9401
-1.259,0.3508,-1.1892,0.1633,0.2
-1.259,0.3508,-1.0943,-0.0127,0.4
-1.259,0.3508,-0.899,0.0305,0.6
-1.259,0.3508,-0.7018,0.0639,0.8
-1.259,0.3508,-0.5687,0.2132,1.0
-1.259,0.3508,-0.4344,0.3614,1.2
-1.259,0.3508,-0.2352,0.3431,1.4
-1.259,0.3508,-0.1463,0.5223,1.6
-1.259,0.3508,0.0504,0.4864,1.8
-1.259,0.3508,0.1764,0.6418,2.0
-1.259,0.3508,0.3635,0.7122,2.2
-1.259,0.3508,0.4348,0.5254,2.4
-1.259,0.3508,0.5905,0.3999,2.6
-1.259,0.3508,0.531,0.273,2.7401
-1.259,0.3508,0.531,0.273,2.7401
-1.1892,0.1633,-1.0943,-0.0127,0.2
-1.1892,0.1633,-0.899,0.0305,0.4
-1.1892,0.1633,-0.7018,0.0639,0.6
-1.1892,0.1633,-0.5687,0.2132,0.8
-1.1892,0.1633,-0.4344,0.3614,1.0
-1.1892,0.1633,-0.2352,0.3431,1.2
-1.1892,0.1633,-0.1463,0.5223,1.4
-1.1892,0.1633,0.0504,0.4864,1.6
-1.1892,0.1633,0.1764,0.6418,1.8
-1.1892,0.1633,0.3635,0.7122,2.0
-1.1892,0.1633,0.4348,0.5254,2.2
-1.1892,0.1633,0.5905,0.3999,2.4
-1.1892,0.1633,0.531,0.273,2.5401
-1.1892,0.1633,0.531,0.273,2.5401
-1.0943,-0.0127,-0.899,0.0305,0.2
-1.0943,-0.0127,-0.7018,0.0639,0.4
-1.0943,-0.0127,-0.5687,0.2132,0.6
-1.0943,-0.0127,-0.4344,0.3614,0.8
-1.0943,-0.0127,-0.2352,0.3431,1.0
-1.0943,-0.0127,-0.1463,0.5223,1.2
-1.0943,-0.0127,0.0504,0.4864,1.4
-1.0943,-0.0127,0.1764,0.6418,1.6
-1.0943,-0.0127,0.3635,0.7122,1.8
-1.0943,-0.0127,0.4348,0.5254,2.0
-1.0943,-0.0127,0.5905,0.3999,2.2
-1.0943,-0.0127,0.531,0.273,2.3401
-1.0943,-0.0127,0.531,0.273,2.3401
-0.899,0.0305,-0.7018,0.0639,0.2
-0.899,0.0305,-0.5687,0.2132,0.4
-0.899,0.0305,-0.4344,0.3614,0.6
-0.899,0.0305,-0.2352,0.3431,0.8
-0.899,0.0305,-0.1463,0.5223,1.0
-0.899,0.0305,0.0504,0.4864,1.2
-0.899,0.0305,0.1764,0.6418,1.4
-0.899,0.0305,0.3635,0.7122,1.6
-0.899,0.0305,0.4348,0.5254,1.8
-0.899,0.0305,0.5905,0.3999,2.0
-0.899,0.0305,0.531,0.273,2.1401
-0.899,0.0305,0.531,0.273,2.1401
-0.7018,0.0639,-0.5687,0.2132,0.2
-0.7018,0.0639,-0.4344,0.3614,0.4
-0.7018,0.0639,-0.2352,0.3431,0.6
-0.7018,0.0639,-0.1463,0.5223,0.8
-0.7018,0.0639,0.0504,0.4864,1.0
-0.7018,0.0639,0.1764,0.6418,1.2
-0.7018,0.0639,0.3635,0.7122,1.4
-0.7018,0.0639,0.4348,0.5254,1.6
-0.7018,0.0639,0.5905,0.3999,1.8
-0.7018,0.0639,0.531,0.273,1.9401
-0.7018,0.0639,0.531,0.273,1.9401
-0.5687,0.2132,-0.4344,0.3614,0.2
-0.5687,0.2132,-0.2352,0.3431,0.4
-0.5687,0.2132,-0.1463,0.5223,0.6
-0.5687,0.2132,0.0504,0.4864,0.8
-0.5687,0.2132,0.1764,0.6418,1.0
-0.5687,0.2132,0.3635,0.7122,1.2
-0.5687,0.2132,0.4348,0.5254,1.4
-0.5687,0.2132,0.5905,0.3999,1.6
-0.5687,0.2132,0.531,0.273,1.7401
-0.5687,0.2132,0.531,0.273,1.7401
-0.4344,0.3614,-0.2352,0.3431,0.2
-0.4344,0.3614,-0.1463,0.5223,0.4
-0.4344,0.3614,0.0504,0.4864,0.6
-0.4344,0.3614,0.1764,0.6418,0.8
-0.4344,0.3614,0.3635,0.7122,1.0
-0.4344,0.3614,0.4348,0.5254,1.2
-0.4344,0.3614,0.5905,0.3999,1.4
-0.4344,0.3614,0.531,0.273,1.5401
-0.4344,0.3614,0.531,0.273,1.5401
-0.2352,0.3431,-0.1463,0.5223,0.2
-0.2352,0.3431,0.0504,0.4864,0.4
-0.2352,0.3431,0.1764,0.6418,0.6
-0.2352,0.3431,0.3635,0.7122,0.8
-0.2352,0.3431,0.4348,0.5254,1.0
-0.2352,0.3431,0.5905,0.3999,1.2
-0.2352,0.3431,0.531,0.273,1.3401
-0.2352,0.3431,0.531,0.273,1.3401
-0.1463,0.5223,0.0504,0.4864,0.2
-0.1463,0.5223,0.1764,0.6418,0.4
-0.1463,0.5223,0.3635,0.7122,0.6
-0.1463,0.5223,0.4348,0.5254,0.8
-0.1463,0.5223,0.5905,0.3999,1.0
-0.1463,0.5223,0.531,0.273,1.1401
-0.1463,0.5223,0.531,0.273,1.1401
0.0504,0.4864,0.1764,0.6418,0.2
0.0504,0.4864,0.3635,0.7122,0.4
0.0504,0.4864,0.4348,0.5254,0.6
0.0504,0.4864,0.5905,0.3999,0.8
0.0504,0.4864,0.531,0.273,0.9401
0.0504,0.4864,0.531,0.273,0.9401
0.1764,0.6418,0.3635,0.7122,0.2
0.1764,0.6418,0.4348,0.5254,0.4
0.1764,0.6418,0.5905,0.3999,0.6
0.1764,0.6418,0.531,0.273,0.7401
0.1764,0.6418,0.531,0.273,0.7401
0.3635,0.7122,0.4348,0.5254,0.2
0.3635,0.7122,0.5905,0.3999,0.4
0.3635,0.7122,0.531,0.273,0.5401
0.3635,0.7122,0.531,0.273,0.5401
0.4348,0.5254,0.5905,0.3999,0.2
0.4348,0.5254,0.531,0.273,0.3401
0.4348,0.5254,0.531,0.273,0.3401
0.5905,0.3999,0.531,0.273,0.1401
0.5905,0.3999,0.531,0.273,0.1401
0.531,0.273,0.531,0.273,0.0
-1.5041,2.1469,-1.3797,1.9902,0.2
-1.5041,2.1469,-1.2184,1.872,0.4
-1.5041,2.1469,-1.1026,1.7089,0.6
-1.5041,2.1469,-1.2177,1.5454,0.8
-1.5041,2.1469,-1.3922,1.4477,1.0
-1.5041,2.1469,-1.5378,1.3106,1.2
-1.5041,2.1469,-1.6718,1.1621,1.4
-1.5041,2.1469,-1.6082,0.9903,1.5833
-1.5041,2.1469,-1.6082,0.9903,1.5833
-1.3797,1.9902,-1.2184,1.872,0.2
-1.3797,1.9902,-1.1026,1.7089,0.4
-1.3797,1.9902,-1.2177,1.5454,0.6
-1.3797,1.9902,-1.3922,1.4477,0.8
-1.3797,1.9902,-1.5378,1.3106,1.0
-1.3797,1.9902,-1.6718,1.1621,1.2
-1.3797,1.9902,-1.6082,0.9903,1.3833
-1.3797,1.9902,-1.6082,0.9903,1.3833
-1.2184,1.872,-1.1026,1.7089,0.2
-1.2184,1.872,-1.2177,1.5454,0.4
-1.2184,1.872,-1.3922,1.4477,0.6
-1.2184,1.872,-1.5378,1.3106,0.8
-1.2184,1.872,-1.6718,1.1621,1.0
-1.2184,1.872,-1.6082,0.9903,1.1833
-1.2184,1.872,-1.6082,0.9903,1.1833
-1.1026,1.7089,-1.2177,1.5454,0.2
-1.1026,1.7089,-1.3922,1.4477,0.4
-1.1026,1.7089,-1.5378,1.3106,0.6
-1.1026,1.7089,-1.6718,1.1621,0.8
-1.1026,1.7089,-1.6082,0.9903,0.9833
-1.1026,1.7089,-1.6082,0.9903,0.9833
-1.2177,1.5454,-1.3922,1.4477,0.2
-1.2177,1.5454,-1.5378,1.3106,0.4
-1.2177,1.5454,-1.6718,1.1621,0.6
-1.2177,1.5454,-1.6082,0.9903,0.7833
-1.2177,1.5454,-1.6082,0.9903,0.7833
-1.3922,1.4477,-1.5378,1.3106,0.2
-1.3922,1.4477,-1.6718,1.1621,0.4
-1.3922,1.4477,-1.6082,0.9903,0.5833
-1.3922,1.4477,-1.6082,0.9903,0.5833
-1.5378,1.3106,-1.6718,1.1621,0.2
-1.5378,1.3106,-1.6082,0.9903,0.3833
-1.5378,1.3106,-1.6082,0.9903,0.3833
-1.6718,1.1621,-1.6082,0.9903,0.1833
-1.6718,1.1621,-1.6082,0.9903,0.1833
-1.6082,0.9903,-1.6082,0.9903,0.0
1.1341,-0.1697,1.2434,-0.3371,0.2
1.1341,-0.1697,1.1335,-0.5042,0.4
1.1341,-0.1697,1.0384,-0.6801,0.6
1.1341,-0.1697,1.1077,-0.8677,0.8
1.1341,-0.1697,0.998,-1.0349,1.0
1.1341,-0.1697,0.8575,-1.1773,1.2
1.1341,-0.1697,0.6906,-1.0671,1.4
1.1341,-0.1697,0.5878,-1.2386,1.6
1.1341,-0.1697,0.388,-1.2465,1.8
1.1341,-0.1697,0.3116,-1.4313,2.0
1.1341,-0.1697,0.2352,-1.6161,2.2
1.1341,-0.1697,0.1588,-1.801,2.4
1.1341,-0.1697,0.0824,-1.9858,2.6
1.1341,-0.1697,0.1041,-2.0633,2.6804
1.1341,-0.1697,0.0695,-2.1409,2.7654
1.1341,-0.1697,-0.0464,-2.2975,2.9602
1.1341,-0.1697,-0.0464,-2.2975,2.9602
1.2434,-0.3371,1.1335,-0.5042,0.2
1.2434,-0.3371,1.0384,-0.6801,0.4
1.2434,-0.3371,1.1077,-0.8677,0.6
1.2434,-0.3371,0.998,-1.0349,0.8
1.2434,-0.3371,0.8575,-1.1773,1.0
1.2434,-0.3371,0.6906,-1.0671,1.2
1.2434,-0.3371,0.5878,-1.2386,1.4
1.2434,-0.3371,0.388,-1.2465,1.6
1.2434,-0.3371,0.3116,-1.4313,1.8
1.2434,-0.3371,0.2352,-1.6161,2.0
1.2434,-0.3371,0.1588,-1.801,2.2
1.2434,-0.3371,0.0824,-1.9858,2.4
1.2434,-0.3371,0.1041,-2.0633,2.4804
1.2434,-0.3371,0.0695,-2.1409,2.5654
1.2434,-0.3371,-0.0464,-2.2975,2.7602
1.2434,-0.3371,-0.0464,-2.2975,2.7602
1.1335,-0.5042,1.0384,-0.6801,0.2
1.1335,-0.5042,1.1077,-0.8677,0.4
1.1335,-0.5042,0.998,-1.0349,0.6
1.1335,-0.5042,0.8575,-1.1773,0.8
1.1335,-0.5042,0.6906,-1.0671,1.0
1.1335,-0.5042,0.5878,-1.2386,1.2
1.1335,-0.5042,0.388,-1.2465,1.4
1.1335,-0.5042,0.3116,-1.4313,1.6
1.1335,-0.5042,0.2352,-1.6161,1.8
1.1335,-0.5042,0.1588,-1.801,2.0
1.1335,-0.5042,0.0824,-1.9858,2.2
1.1335,-0.5042,0.1041,-2.0633,2.2804
1.1335,-0.5042,0.0695,-2.1409,2.3654
1.1335,-0.5042,-0.0464,-2.2975,2.5602
1.1335,-0.5042,-0.0464,-2.2975,2.5602
1.0384,-0.6801,1.1077,-0.8677,0.2
1.0384,-0.6801,0.998,-1.0349,0.4
1.0384,-0.6801,0.8575,-1.1773,0.6
1.0384,-0.6801,0.6906,-1.0671,0.8
1.0384,-0.6801,0.5878,-1.2386,1.0
1.0384,-0.6801,0.388,-1.2465,1.2
1.0384,-0.6801,0.3116,-1.4313,1.4
1.0384,-0.6801,0.2352,-1.6161,1.6
1.0384,-0.6801,0.1588,-1.801,1.8
1.0384,-0.6801,0.0824,-1.9858,2.0
1.0384,-0.6801,0.1041,-2.0633,2.0804
1.0384,-0.6801,0.0695,-2.1409,2.1654
1.0384,-0.6801,-0.0464,-2.2975,2.3602
1.0384,-0.6801,-0.0464,-2.2975,2.3602
1.1077,-0.8677,0.998,-1.0349,0.2
1.1077,-0.8677,0.8575,-1.1773,0.4
1.1077,-0.8677,0.6906,-1.0671,0.6
1.1077,-0.8677,0.5878,-1.2386,0.8
1.1077,-0.8677,0.388,-1.2465,1.0
1.1077,-0.8677,0.3116,-1.4313,1.2
1.1077,-0.8677,0.2352,-1.6161,1.4
1.1077,-0.8677,0.1588,-1.801,1.6
1.1077,-0.8677,0.0824,-1.9858,1.8
1.1077,-0.8677,0.1041,-2.0633,1.8804
1.1077,-0.8677,0.0695,-2.1409,1.9654
1.1077,-0.8677,-0.0464,-2.2975,2.1602
1.1077,-0.8677,-0.0464,-2.2975,2.1602
0.998,-1.0349,0.8575,-1.1773,0.2
0.998,-1.0349,0.6906,-1.0671,0.4
0.998,-1.0349,0.5878,-1.2386,0.6
0.998,-1.0349,0.388,-1.2465,0.8
0.998,-1.0349,0.3116,-1.4313,1.0
0.998,-1.0349,0.2352,-1.6161,1.2
0.998,-1.0349,0.1588,-1.801,1.4
0.998,-1.0349,0.0824,-1.9858,1.6
0.998,-1.0349,0.1041,-2.0633,1.6804
0.998,-1.0349,0.0695,-2.1409,1.7654
0.998,-1.0349,-0.0464,-2.2975,1.9602
0.998,-1.0349,-0.0464,-2.2975,1.9602
0.8575,-1.1773,0.6906,-1.0671,0.2
0.8575,-1.1773,0.5878,-1.2386,0.4
0.8575,-1.1773,0.388,-1.2465,0.6
0.8575,-1.1773,0.3116,-1.4313,0.8
0.8575,-1.1773,0.2352,-1.6161,1.0
0.8575,-1.1773,0.1588,-1.801,1.2
0.8575,-1.1773,0.0824,-1.9858,1.4
0.8575,-1.1773,0.1041,-2.0633,1.4804
0.8575,-1.1773,0.0695,-2.1409,1.5654
0.8575,-1.1773,-0.0464,-2.2975,1.7602
0.8575,-1.1773,-0.0464,-2.2975,1.7602
0.6906,-1.0671,0.5878,-1.2386,0.2
0.6906,-1.0671,0.388,-1.2465,0.4
0.6906,-1.0671,0.3116,-1.4313,0.6
0.6906,-1.0671,0.2352,-1.6161,0.8
0.6906,-1.0671,0.1588,-1.801,1.0
0.6906,-1.0671,0.0824,-1.9858,1.2
0.6906,-1.0671,0.1041,-2.0633,1.2804
0.6906,-1.0671,0.0695,-2.1409,1.3654
0.6906,-1.0671,-0.0464,-2.2975,1.5602
0.6906,-1.0671,-0.0464,-2.2975,1.5602
0.5878,-1.2386,0.388,-1.2465,0.2
0.5878,-1.2386,0.3116,-1.4313,0.4
0.5878,-1.2386,0.2352,-1.6161,0.6
0.5878,-1.2386,0.1588,-1.801,0.8
0.5878,-1.2386,0.0824,-1.9858,1.0
0.5878,-1.2386,0.1041,-2.0633,1.0804
0.5878,-1.2386,0.0695,-2.1409,1.1654
0.5878,-1.2386,-0.0464,-2.2975,1.3602
0.5878,-1.2386,-0.0464,-2.2975,1.3602
0.388,-1.2465,0.3116,-1.4313,0.2
0.388,-1.2465,0.2352,-1.6161,0.4
0.388,-1.2465,0.1588,-1.801,0.6
0.388,-1.2465,0.0824,-1.9858,0.8
0.388,-1.2465,0.1041,-2.0633,0.8804
0.388,-1.2465,0.0695,-2.1409,0.9654
0.388,-1.2465,-0.0464,-2.2975,1.1602
0.388,-1.2465,-0.0464,-2.2975,1.1602
0.3116,-1.4313,0.2352,-1.6161,0.2
0.3116,-1.4313,0.1588,-1.801,0.4
0.3116,-1.4313,0.0824,-1.9858,0.6
0.3116,-1.4313,0.1041,-2.0633,0.6804
0.3116,-1.4313,0.0695,-2.1409,0.7654
0.3116,-1.4313,-0.0464,-2.2975,0.9602
0.3116,-1.4313,-0.0464,-2.2975,0.9602
0.2352,-1.6161,0.1588,-1.801,0.2
0.2352,-1.6161,0.0824,-1.9858,0.4
0.2352,-1.6161,0.1041,-2.0633,0.4804
0.2352,-1.6161,0.0695,-2.1409,0.5654
0.2352,-1.6161,-0.0464,-2.2975,0.7602
0.2352,-1.6161,-0.0464,-2.2975,0.7602
0.1588,-1.801,0.0824,-1.9858,0.2
0.1588,-1.801,0.1041,-2.0633,0.2804
0.1588,-1.801,0.0695,-2.1409,0.3654
0.1588,-1.801,-0.0464,-2.2975,0.5602
0.1588,-1.801,-0.0464,-2.2975,0.5602
0.0824,-1.9858,0.1041,-2.0633,0.0804
0.0824,-1.9858,0.0695,-2.1409,0.1654
0.0824,-1.9858,-0.0464,-2.2975,0.3602
0.0824,-1.9858,-0.0464,-2.2975,0.3602
0.1041,-2.0633,0.0695,-2.1409,0.085
0.1041,-2.0633,-0.0464,-2.2975,0.2798
0.1041,-2.0633,-0.0464,-2.2975,0.2798
0.0695,-2.1409,-0.0464,-2.2975,0.1949
0.0695,-2.1409,-0.0464,-2.2975,0.1949
-0.0464,-2.2975,-0.0464,-2.2975,0.0
1.3565,-2.2461,1.435,-2.0621,0.2
1.3565,-2.2461,1.2645,-1.9575,0.4
1.3565,-2.2461,1.2374,-1.7594,0.6
1.3565,-2.2461,1.0792,-1.637,0.8
1.3565,-2.2461,1.0364,-1.4416,1.0
1.3565,-2.2461,0.9902,-1.2471,1.2
1.3565,-2.2461,0.828,-1.1302,1.4
1.3565,-2.2461,0.6407,-1.0598,1.6
1.3565,-2.2461,0.5488,-0.8822,1.8
1.3565,-2.2461,0.4943,-0.6898,2.0
1.3565,-2.2461,0.589,-0.5136,2.2
1.3565,-2.2461,0.4131,-0.4184,2.4
1.3565,-2.2461,0.5104,-0.2437,2.6
1.3565,-2.2461,0.6774,-0.1337,2.8
1.3565,-2.2461,0.7833,0.036,3.0
1.3565,-2.2461,0.6553,0.1897,3.2
1.3565,-2.2461,0.7918,0.3359,3.4
1.3565,-2.2461,0.6396,0.4657,3.6
1.3565,-2.2461,0.4539,0.5399,3.8
1.3565,-2.2461,0.2608,0.5923,4.0
1.3565,-2.2461,0.0807,0.6792,4.2
1.3565,-2.2461,-0.0941,0.7763,4.4
1.3565,-2.2461,-0.1945,0.9493,4.6
1.3565,-2.2461,-0.3361,1.0905,4.8
1.3565,-2.2461,-0.4479,1.2564,5.0
1.3565,-2.2461,-0.5071,1.4474,5.2
1.3565,-2.2461,-0.3967,1.6142,5.4
1.3565,-2.2461,-0.5208,1.771,5.6
1.3565,-2.2461,-0.6422,1.9299,5.8
1.3565,-2.2461,-0.8279,2.0043,6.0
1.3565,-2.2461,-0.7448,2.1862,6.2
1.3565,-2.2461,-0.7395,2.1979,6.2128
1.3565,-2.2461,-0.7395,2.1979,6.2128
1.435,-2.0621,1.2645,-1.9575,0.2
1.435,-2.0621,1.2374,-1.7594,0.4
1.435,-2.0621,1.0792,-1.637,0.6
1.435,-2.0621,1.0364,-1.4416,0.8
1.435,-2.0621,0.9902,-1.2471,1.0
1.435,-2.0621,0.828,-1.1302,1.2
1.435,-2.0621,0.6407,-1.0598,1.4
1.435,-2.0621,0.5488,-0.8822,1.6
1.435,-2.0621,0.4943,-0.6898,1.8
1.435,-2.0621,0.589,-0.5136,2.0
1.435,-2.0621,0.4131,-0.4184,2.2
1.435,-2.0621,0.5104,-0.2437,2.4
1.435,-2.0621,0.6774,-0.1337,2.6
1.435,-2.0621,0.7833,0.036,2.8
1.435,-2.0621,0.6553,0.1897,3.0
1.435,-2.0621,0.7918,0.3359,3.2
1.435,-2.0621,0.6396,0.4657,3.4
1.435,-2.0621,0.4539,0.5399,3.6
1.435,-2.0621,0.2608,0.5923,3.8
1.435,-2.0621,0.0807,0.6792,4.0
1.435,-2.0621,-0.0941,0.7763,4.2
1.435,-2.0621,-0.1945,0.9493,4.4
1.435,-2.0621,-0.3361,1.0905,4.6
1.435,-2.0621,-0.4479,1.2564,4.8
1.435,-2.0621,-0.5071,1.4474,5.0
1.435,-2.0621,-0.3967,1.6142,5.2
1.435,-2.0621,-0.5208,1.771,5.4
1.435,-2.0621,-0.6422,1.9299,5.6
1.435,-2.0621,-0.8279,2.0043,5.8
1.435,-2.0621,-0.7448,2.1862,6.0
1.435,-2.0621,-0.7395,2.1979,6.0128
1.435,-2.0621,-0.7395,2.1979,6.0128
1.2645,-1.9575,1.2374,-1.7594,0.2
1.2645,-1.9575,1.0792,-1.637,0.4
1.2645,-1.9575,1.0364,-1.4416,0.6
1.2645,-1.9575,0.9902,-1.2471,0.8
1.2645,-1.9575,0.828,-1.1302,1.0
1.2645,-1.9575,0.6407,-1.0598,1.2
1.2645,-1.9575,0.5488,-0.8822,1.4
1.2645,-1.9575,0.4943,-0.6898,1.6
1.2645,-1.9575,0.589,-0.5136,1.8
1.2645,-1.9575,0.4131,-0.4184,2.0
1.2645,-1.9575,0.5104,-0.2437,2.2
1.2645,-1.9575,0.6774,-0.1337,2.4
1.2645,-1.9575,0.7833,0.036,2.6
1.2645,-1.9575,0.6553,0.1897,2.8
1.2645,-1.9575,0.7918,0.3359,3.0
1.2645,-1.9575,0.6396,0.4657,3.2
1.2645,-1.9575,0.4539,0.5399,3.4
1.2645,-1.9575,0.2608,0.5923,3.6
1.2645,-1.9575,0.0807,0.6792,3.8
1.2645,-1.9575,-0.0941,0.7763,4.0
1.2645,-1.9575,-0.1945,0.9493,4.2
1.2645,-1.9575,-0.3361,1.0905,4.4
1.2645,-1.9575,-0.4479,1.2564,4.6
1.2645,-1.9575,-0.5071,1.4474,4.8
1.2645,-1.9575,-0.3967,1.6142,5.0
1.2645,-1.9575,-0.5208,1.771,5.2
1.2645,-1.9575,-0.6422,1.9299,5.4
1.2645,-1.9575,-0.8279,2.0043,5.6
1.2645,-1.9575,-0.7448,2.1862,5.8
1.2645,-1.9575,-0.7395,2.1979,5.8128
1.2645,-1.9575,-0.7395,2.1979,5.8128
1.2374,-1.7594,1.0792,-1.637,0.2
1.2374,-1.7594,1.0364,-1.4416,0.4
1.2374,-1.7594,0.9902,-1.2471,0.6
1.2374,-1.7594,0.828,-1.1302,0.8
1.2374,-1.7594,0.6407,-1.0598,1.0
1.2374,-1.7594,0.5488,-0.8822,1.2
1.2374,-1.7594,0.4943,-0.6898,1.4
1.2374,-1.7594,0.589,-0.5136,1.6
1.2374,-1.7594,0.4131,-0.4184,1.8
1.2374,-1.7594,0.5104,-0.2437,2.0
1.2374,-1.7594,0.6774,-0.1337,2.2
1.2374,-1.7594,0.7833,0.036,2.4
1.2374,-1.7594,0.6553,0.1897,2.6
1.2374,-1.7594,0.7918,0.3359,2.8
1.2374,-1.7594,0.6396,0.4657,3.0
1.2374,-1.7594,0.4539,0.5399,3.2
1.2374,-1.7594,0.2608,0.5923,3.4
1.2374,-1.7594,0.0807,0.6792,3.6
1.2374,-1.7594,-0.0941,0.7763,3.8
1.2374,-1.7594,-0.1945,0.9493,4.0
1.2374,-1.7594,-0.3361,1.0905,4.2
1.2374,-1.7594,-0.4479,1.2564,4.4
1.2374,-1.7594,-0.5071,1.4474,4.6
1.2374,-1.7594,-0.3967,1.6142,4.8
1.2374,-1.7594,-0.5208,1.771,5.0
1.2374,-1.7594,-0.6422,1.9299,5.2
1.2374,-1.7594,-0.8279,2.0043,5.4
1.2374,-1.7594,-0.7448,2.1862,5.6
1.2374,-1.7594,-0.7395,2.1979,5.6128
1.2374,-1.7594,-0.7395,2.1979,5.6128
1.0792,-1.637,1.0364,-1.4416,0.2
1.0792,-1.637,0.9902,-1.2471,0.4
1.0792,-1.637,0.828,-1.1302,0.6
1.0792,-1.637,0.6407,-1.0598,0.8
1.0792,-1.637,0.5488,-0.8822,1.0
1.0792,-1.637,0.4943,-0.6898,1.2
1.0792,-1.637,0.589,-0.5136,1.4
1.0792,-1.637,0.4131,-0.4184,1.6
1.0792,-1.637,0.5104,-0.2437,1.8
1.0792,-1.637,0.6774,-0.1337,2.0
1.0792,-1.637,0.7833,0.036,2.2
1.0792,-1.637,0.6553,0.1897,2.4
1.0792,-1.637,0.7918,0.3359,2.6
1.0792,-1.637,0.6396,0.4657,2.8
1.0792,-1.637,0.4539,0.5399,3.0
1.0792,-1.637,0.2608,0.5923,3.2
1.0792,-1.637,0.0807,0.6792,3.4
1.0792,-1.637,-0.0941,0.7763,3.6
1.0792,-1.637,-0.1945,0.9493,3.8
1.0792,-1.637,-0.3361,1.0905,4.0
1.0792,-1.637,-0.4479,1.2564,4.2
1.0792,-1.637,-0.5071,1.4474,4.4
1.0792,-1.637,-0.3967,1.6142,4.6
1.0792,-1.637,-0.5208,1.771,4.8
1.0792,-1.637,-0.6422,1.9299,5.0
1.0792,-1.637,-0.8279,2.0043,5.2
1.0792,-1.637,-0.7448,2.1862,5.4
1.0792,-1.637,-0.7395,2.1979,5.4128
1.0792,-1.637,-0.7395,2.1979,5.4128
1.0364,-1.4416,0.9902,-1.2471,0.2
1.0364,-1.4416,0.828,-1.1302,0.4
1.0364,-1.4416,0.6407,-1.0598,0.6
1.0364,-1.4416,0.5488,-0.8822,0.8
1.0364,-1.4416,0.4943,-0.6898,1.0
1.0364,-1.4416,0.589,-0.5136,1.2
1.0364,-1.4416,0.4131,-0.4184,1.4
1.0364,-1.4416,0.5104,-0.2437,1.6
1.0364,-1.4416,0.6774,-0.1337,1.8
1.0364,-1.4416,0.7833,0.036,2.0
1.0364,-1.4416,0.6553,0.1897,2.2
1.0364,-1.4416,0.7918,0.3359,2.4
1.0364,-1.4416,0.6396,0.4657,2.6
1.0364,-1.4416,0.4539,0.5399,2.8
1.0364,-1.4416,0.2608,0.5923,3.0
1.0364,-1.4416,0.0807,0.6792,3.2
1.0364,-1.4416,-0.0941,0.7763,3.4
1.0364,-1.4416,-0.1945,0.9493,3.6
1.0364,-1.4416,-0.3361,1.0905,3.8
1.0364,-1.4416,-0.4479,1.2564,4.0
1.0364,-1.4416,-0.5071,1.4474,4.2
1.0364,-1.4416,-0.3967,1.6142,4.4
1.0364,-1.4416,-0.5208,1.771,4.6
1.0364,-1.4416,-0.6422,1.9299,4.8
1.0364,-1.4416,-0.8279,2.0043,5.0
1.0364,-1.4416,-0.7448,2.1862,5.2
1.0364,-1.4416,-0.7395,2.1979,5.2128
1.0364,-1.4416,-0.7395,2.1979,5.2128
0.9902,-1.2471,0.828,-1.1302,0.2
0.9902,-1.2471,0.6407,-1.0598,0.4
0.9902,-1.2471,0.5488,-0.8822,0.6
0.9902,-1.2471,0.4943,-0.6898,0.8
0.9902,-1.2471,0.589,-0.5136,1.0
0.9902,-1.2471,0.4131,-0.4184,1.2
0.9902,-1.2471,0.5104,-0.2437,1.4
0.9902,-1.2471,0.6774,-0.1337,1.6
0.9902,-1.2471,0.7833,0.036,1.8
0.9902,-1.2471,0.6553,0.1897,2.0
0.9902,-1.2471,0.7918,0.3359,2.2
0.9902,-1.2471,0.6396,0.4657,2.4
0.9902,-1.2471,0.4539,0.5399,2.6
0.9902,-1.2471,0.2608,0.5923,2.8
0.9902,-1.2471,0.0807,0.6792,3.0
0.9902,-1.2471,-0.0941,0.7763,3.2
0.9902,-1.2471,-0.1945,0.9493,3.4
0.9902,-1.2471,-0.3361,1.0905,3.6
0.9902,-1.2471,-0.4479,1.2564,3.8
0.9902,-1.2471,-0.5071,1.4474,4.0
0.9902,-1.2471,-0.3967,1.6142,4.2
0.9902,-1.2471,-0.5208,1.771,4.4
0.9902,-1.2471,-0.6422,1.9299,4.6
0.9902,-1.2471,-0.8279,2.0043,4.8
0.9902,-1.2471,-0.7448,2.1862,5.0
0.9902,-1.2471,-0.7395,2.1979,5.0128
0.9902,-1.2471,-0.7395,2.1979,5.0128
0.828,-1.1302,0.6407,-1.0598,0.2
0.828,-1.1302,0.5488,-0.8822,0.4
0.828,-1.1302,0.4943,-0.6898,0.6
0.828,-1.1302,0.589,-0.5136,0.8
0.828,-1.1302,0.4131,-0.4184,1.0
0.828,-1.1302,0.5104,-0.2437,1.2
0.828,-1.1302,0.6774,-0.1337,1.4
0.828,-1.1302,0.7833,0.036,1.6
0.828,-1.1302,0.6553,0.1897,1.8
0.828,-1.1302,0.7918,0.3359,2.0
0.828,-1.1302,0.6396,0.4657,2.2
0.828,-1.1302,0.4539,0.5399,2.4
0.828,-1.1302,0.2608,0.5923,2.6
0.828,-1.1302,0.0807,0.6792,2.8
0.828,-1.1302,-0.0941,0.7763,3.0
0.828,-1.1302,-0.1945,0.9493,3.2
0.828,-1.1302,-0.3361,1.0905,3.4
0.828,-1.1302,-0.4479,1.2564,3.6
0.828,-1.1302,-0.5071,1.4474,3.8
0.828,-1.1302,-0.3967,1.6142,4.0
0.828,-1.1302,-0.5208,1.771,4.2
0.828,-1.1302,-0.6422,1.9299,4.4
0.828,-1.1302,-0.8279,2.0043,4.6
0.828,-1.1302,-0.7448,2.1862,4.8
0.828,-1.1302,-0.7395,2.1979,4.8128
0.828,-1.1302,-0.7395,2.1979,4.8128
0.6407,-1.0598,0.5488,-0.8822,0.2
0.6407,-1.0598,0.4943,-0.6898,0.4
0.6407,-1.0598,0.589,-0.5136,0.6
0.6407,-1.0598,0.4131,-0.4184,0.8
0.6407,-1.0598,0.5104,-0.2437,1.0
0.6407,-1.0598,0.6774,-0.1337,1.2
0.6407,-1.0598,0.7833,0.036,1.4
0.6407,-1.0598,0.6553,0.1897,1.6
0.6407,-1.0598,0.7918,0.3359,1.8
0.6407,-1.0598,0.6396,0.4657,2.0
0.6407,-1.0598,0.4539,0.5399,2.2
0.6407,-1.0598,0.2608,0.5923,2.4
0.6407,-1.0598,0.0807,0.6792,2.6
0.6407,-1.0598,-0.0941,0.7763,2.8
0.6407,-1.0598,-0.1945,0.9493,3.0
0.6407,-1.0598,-0.3361,1.0905,3.2
0.6407,-1.0598,-0.4479,1.2564,3.4
0.6407,-1.0598,-0.5071,1.4474,3.6
0.6407,-1.0598,-0.3967,1.6142,3.8
0.6407,-1.0598,-0.5208,1.771,4.0
0.6407,-1.0598,-0.6422,1.9299,4.2
0.6407,-1.0598,-0.8279,2.0043,4.4
0.6407,-1.0598,-0.7448,2.1862,4.6
0.6407,-1.0598,-0.7395,2.1979,4.6128
0.6407,-1.0598,-0.7395,2.1979,4.6128
0.5488,-0.8822,0.4943,-0.6898,0.2
0.5488,-0.8822,0.589,-0.5136,0.4
0.5488,-0.8822,0.4131,-0.4184,0.6
0.5488,-0.8822,0.5104,-0.2437,0.8
0.5488,-0.8822,0.6774,-0.1337,1.0
0.5488,-0.8822,0.7833,0.036,1.2
0.5488,-0.8822,0.6553,0.1897,1.4
0.5488,-0.8822,0.7918,0.3359,1.6
0.5488,-0.8822,0.6396,0.4657,1.8
0.5488,-0.8822,0.4539,0.5399,2.0
0.5488,-0.8822,0.2608,0.5923,2.2
0.5488,-0.8822,0.0807,0.6792,2.4
0.5488,-0.8822,-0.0941,0.7763,2.6
0.5488,-0.8822,-0.1945,0.9493,2.8
0.5488,-0.8822,-0.3361,1.0905,3.0
0.5488,-0.8822,-0.4479,1.2564,3.2
0.5488,-0.8822,-0.5071,1.4474,3.4
0.5488,-0.8822,-0.3967,1.6142,3.6
0.5488,-0.8822,-0.5208,1.771,3.8
0.5488,-0.8822,-0.6422,1.9299,4.0
0.5488,-0.8822,-0.8279,2.0043,4.2
0.5488,-0.8822,-0.7448,2.1862,4.4
0.5488,-0.8822,-0.7395,2.1979,4.4128
0.5488,-0.8822,-0.7395,2.1979,4.4128
0.4943,-0.6898,0.589,-0.5136,0.2
0.4943,-0.6898,0.4131,-0.4184,0.4
0.4943,-0.6898,0.5104,-0.2437,0.6
0.4943,-0.6898,0.6774,-0.1337,0.8
0.4943,-0.6898,0.7833,0.036,1.0
0.4943,-0.6898,0.6553,0.1897,1.2
0.4943,-0.6898,0.7918,0.3359,1.4
0.4943,-0.6898,0.6396,0.4657,1.6
0.4943,-0.6898,0.4539,0.5399,1.8
0.4943,-0.6898,0.2608,0.5923,2.0
0.4943,-0.6898,0.0807,0.6792,2.2
0.4943,-0.6898,-0.0941,0.7763,2.4
0.4943,-0.6898,-0.1945,0.9493,2.6
0.4943,-0.6898,-0.3361,1.0905,2.8
0.4943,-0.6898,-0.4479,1.2564,3.0
0.4943,-0.6898,-0.5071,1.4474,3.2
0.4943,-0.6898,-0.3967,1.6142,3.4
0.4943,-0.6898,-0.5208,1.771,3.6
0.4943,-0.6898,-0.6422,1.9299,3.8
0.4943,-0.6898,-0.8279,2.0043,4.0
0.4943,-0.6898,-0.7448,2.1862,4.2
0.4943,-0.6898,-0.7395,2.1979,4.2128
0.4943,-0.6898,-0.7395,2.1979,4.2128
0.589,-0.5136,0.4131,-0.4184,0.2
0.589,-0.5136,0.5104,-0.2437,0.4
0.589,-0.5136,0.6774,-0.1337,0.6
0.589,-0.5136,0.7833,0.036,0.8
0.589,-0.5136,0.6553,0.1897,1.0
0.589,-0.5136,0.7918,0.3359,1.2
0.589,-0.5136,0.6396,0.4657,1.4
0.589,-0.5136,0.4539,0.5399,1.6
0.589,-0.5136,0.2608,0.5923,1.8
0.589,-0.5136,0.0807,0.6792,2.0
0.589,-0.5136,-0.0941,0.7763,2.2
0.589,-0.5136,-0.1945,0.9493,2.4
0.589,-0.5136,-0.3361,1.0905,2.6
0.589,-0.5136,-0.4479,1.2564,2.8
0.589,-0.5136,-0.5071,1.4474,3.0
0.589,-0.5136,-0.3967,1.6142,3.2
0.589,-0.5136,-0.5208,1.771,3.4
0.589,-0.5136,-0.6422,1.9299,3.6
0.589,-0.5136,-0.8279,2.0043,3.8
0.589,-0.5136,-0.7448,2.1862,4.0
0.589,-0.5136,-0.7395,2.1979,4.0128
0.589,-0.5136,-0.7395,2.1979,4.0128
0.4131,-0.4184,0.5104,-0.2437,0.2
0.4131,-0.4184,0.6774,-0.1337,0.4
0.4131,-0.4184,0.7833,0.036,0.6
0.4131,-0.4184,0.6553,0.1897,0.8
0.4131,-0.4184,0.7918,0.3359,1.0
0.4131,-0.4184,0.6396,0.4657,1.2
0.4131,-0.4184,0.4539,0.5399,1.4
0.4131,-0.4184,0.2608,0.5923,1.6
0.4131,-0.4184,0.0807,0.6792,1.8
0.4131,-0.4184,-0.0941,0.7763,2.0
0.4131,-0.4184,-0.1945,0.9493,2.2
0.4131,-0.4184,-0.3361,1.0905,2.4
0.4131,-0.4184,-0.4479,1.2564,2.6
0.4131,-0.4184,-0.5071,1.4474,2.8
0.4131,-0.4184,-0.3967,1.6142,3.0
0.4131,-0.4184,-0.5208,1.771,3.2
0.4131,-0.4184,-0.6422,1.9299,3.4
0.4131,-0.4184,-0.8279,2.0043,3.6
0.4131,-0.4184,-0.7448,2.1862,3.8
0.4131,-0.4184,-0.7395,2.1979,3.8128
0.4131,-0.4184,-0.7395,2.1979,3.8128
0.5104,-0.2437,0.6774,-0.1337,0.2
0.5104,-0.2437,0.7833,0.036,0.4
0.5104,-0.2437,0.6553,0.1897,0.6
0.5104,-0.2437,0.7918,0.3359,0.8
0.5104,-0.2437,0.6396,0.4657,1.0
0.5104,-0.2437,0.4539,0.5399,1.2
0.5104,-0.2437,0.2608,0.5923,1.4
0.5104,-0.2437,0.0807,0.6792,1.6
0.5104,-0.2437,-0.0941,0.7763,1.8
0.5104,-0.2437,-0.1945,0.9493,2.0
0.5104,-0.2437,-0.3361,1.0905,2.2
0.5104,-0.2437,-0.4479,1.2564,2.4
0.5104,-0.2437,-0.5071,1.4474,2.6
0.5104,-0.2437,-0.3967,1.6142,2.8
0.5104,-0.2437,-0.5208,1.771,3.0
0.5104,-0.2437,-0.6422,1.9299,3.2
0.5104,-0.2437,-0.8279,2.0043,3.4
0.5104,-0.2437,-0.7448,2.1862,3.6
0.5104,-0.2437,-0.7395,2.1979,3.6128
0.5104,-0.2437,-0.7395,2.1979,3.6128
0.6774,-0.1337,0.7833,0.036,0.2
0.6774,-0.1337,0.6553,0.1897,0.4
0.6774,-0.1337,0.7918,0.3359,0.6
0.6774,-0.1337,0.6396,0.4657,0.8
0.6774,-0.1337,0.4539,0.5399,1.0
0.6774,-0.1337,0.2608,0.5923,1.2
0.6774,-0.1337,0.0807,0.6792,1.4
0.6774,-0.1337,-0.0941,0.7763,1.6
0.6774,-0.1337,-0.1945,0.9493,1.8
0.6774,-0.1337,-0.3361,1.0905,2.0
0.6774,-0.1337,-0.4479,1.2564,2.2
0.6774,-0.1337,-0.5071,1.4474,2.4
0.6774,-0.1337,-0.3967,1.6142,2.6
0.6774,-0.1337,-0.5208,1.771,2.8
0.6774,-0.1337,-0.6422,1.9299,3.0
0.6774,-0.1337,-0.8279,2.0043,3.2
0.6774,-0.1337,-0.7448,2.1862,3.4
0.6774,-0.1337,-0.7395,2.1979,3.4128
0.6774,-0.1337,-0.7395,2.1979,3.4128
0.7833,0.036,0.6553,0.1897,0.2
0.7833,0.036,0.7918,0.3359,0.4
0.7833,0.036,0.6396,0.4657,0.6
0.7833,0.036,0.4539,0.5399,0.8
0.7833,0.036,0.2608,0.5923,1.0
0.7833,0.036,0.0807,0.6792,1.2
0.7833,0.036,-0.0941,0.7763,1.4
0.7833,0.036,-0.1945,0.9493,1.6
0.7833,0.036,-0.3361,1.0905,1.8
0.7833,0.036,-0.4479,1.2564,2.0
0.7833,0.036,-0.5071,1.4474,2.2
0.7833,0.036,-0.3967,1.6142,2.4
0.7833,0.036,-0.5208,1.771,2.6
0.7833,0.036,-0.6422,1.9299,2.8
0.7833,0.036,-0.8279,2.0043,3.0
0.7833,0.036,-0.7448,2.1862,3.2
0.7833,0.036,-0.7395,2.1979,3.2128
0.7833,0.036,-0.7395,2.1979,3.2128
0.6553,0.1897,0.7918,0.3359,0.2
0.6553,0.1897,0.6396,0.4657,0.4
0.6553,0.1897,0.4539,0.5399,0.6
0.6553,0.1897,0.2608,0.5923,0.8
0.6553,0.1897,0.0807,0.6792,1.0
0.6553,0.1897,-0.0941,0.7763,1.2
0.6553,0.1897,-0.1945,0.9493,1.4
0.6553,0.1897,-0.3361,1.0905,1.6
0.6553,0.1897,-0.4479,1.2564,1.8
0.6553,0.1897,-0.5071,1.4474,2.0
0.6553,0.1897,-0.3967,1.6142,2.2
0.6553,0.1897,-0.5208,1.771,2.4
0.6553,0.1897,-0.6422,1.9299,2.6
0.6553,0.1897,-0.8279,2.0043,2.8
0.6553,0.1897,-0.7448,2.1862,3.0
0.6553,0.1897,-0.7395,2.1979,3.0128
0.6553,0.1897,-0.7395,2.1979,3.0128
0.7918,0.3359,0.6396,0.4657,0.2
0.7918,0.3359,0.4539,0.5399,0.4
0.7918,0.3359,0.2608,0.5923,0.6
0.7918,0.3359,0.0807,0.6792,0.8
0.7918,0.3359,-0.0941,0.7763,1.0
0.7918,0.3359,-0.1945,0.9493,1.2
0.7918,0.3359,-0.3361,1.0905,1.4
0.7918,0.3359,-0.4479,1.2564,1.6
0.7918,0.3359,-0.5071,1.4474,1.8
0.7918,0.3359,-0.3967,1.6142,2.0
0.7918,0.3359,-0.5208,1.771,2.2
0.7918,0.3359,-0.6422,1.9299,2.4
0.7918,0.3359,-0.8279,2.0043,2.6
0.7918,0.3359,-0.7448,2.1862,2.8
0.7918,0.3359,-0.7395,2.1979,2.8128
0.7918,0.3359,-0.7395,2.1979,2.8128
0.6396,0.4657,0.4539,0.5399,0.2
0.6396,0.4657,0.2608,0.5923,0.4
0.6396,0.4657,0.0807,0.6792,0.6
0.6396,0.4657,-0.0941,0.7763,0.8
0.6396,0.4657,-0.1945,0.9493,1.0
0.6396,0.4657,-0.3361,1.0905,1.2
0.6396,0.4657,-0.4479,1.2564,1.4
0.6396,0.4657,-0.5071,1.4474,1.6
0.6396,0.4657,-0.3967,1.6142,1.8
0.6396,0.4657,-0.5208,1.771,2.0
0.6396,0.4657,-0.6422,1.9299,2.2
0.6396,0.4657,-0.8279,2.0043,2.4
0.6396,0.4657,-0.7448,2.1862,2.6
0.6396,0.4657,-0.7395,2.1979,2.6128
0.6396,0.4657,-0.7395,2.1979,2.6128
0.4539,0.5399,0.2608,0.5923,0.2
0.4539,0.5399,0.0807,0.6792,0.4
0.4539,0.5399,-0.0941,0.7763,0.6
0.4539,0.5399,-0.1945,0.9493,0.8
0.4539,0.5399,-0.3361,1.0905,1.0
0.4539,0.5399,-0.4479,1.2564,1.2
0.4539,0.5399,-0.5071,1.4474,1.4
0.4539,0.5399,-0.3967,1.6142,1.6
0.4539,0.5399,-0.5208,1.771,1.8
0.4539,0.5399,-0.6422,1.9299,2.0
0.4539,0.5399,-0.8279,2.0043,2.2
0.4539,0.5399,-0.7448,2.1862,2.4
0.4539,0.5399,-0.7395,2.1979,2.4128
0.4539,0.5399,-0.7395,2.1979,2.4128
0.2608,0.5923,0.0807,0.6792,0.2
0.2608,0.5923,-0.0941,0.7763,0.4
0.2608,0.5923,-0.1945,0.9493,0.6
0.2608,0.5923,-0.3361,1.0905,0.8
0.2608,0.5923,-0.4479,1.2564,1.0
0.2608,0.5923,-0.5071,1.4474,1.2
0.2608,0.5923,-0.3967,1.6142,1.4
0.2608,0.5923,-0.5208,1.771,1.6
0.2608,0.5923,-0.6422,1.9299,1.8
0.2608,0.5923,-0.8279,2.0043,2.0
0.2608,0.5923,-0.7448,2.1862,2.2
0.2608,0.5923,-0.7395,2.1979,2.2128
0.2608,0.5923,-0.7395,2.1979,2.2128
0.0807,0.6792,-0.0941,0.7763,0.2
0.0807,0.6792,-0.1945,0.9493,0.4
0.0807,0.6792,-0.3361,1.0905,0.6
0.0807,0.6792,-0.4479,1.2564,0.8
0.0807,0.6792,-0.5071,1.4474,1.0
0.0807,0.6792,-0.3967,1.6142,1.2
0.0807,0.6792,-0.5208,1.771,1.4
0.0807,0.6792,-0.6422,1.9299,1.6
0.0807,0.6792,-0.8279,2.0043,1.8
0.0807,0.6792,-0.7448,2.1862,2.0
0.0807,0.6792,-0.7395,2.1979,2.0128
0.0807,0.6792,-0.7395,2.1979,2.0128
-0.0941,0.7763,-0.1945,0.9493,0.2
-0.0941,0.7763,-0.3361,1.0905,0.4
-0.0941,0.7763,-0.4479,1.2564,0.6
-0.0941,0.7763,-0.5071,1.4474,0.8
-0.0941,0.7763,-0.3967,1.6142,1.0
-0.0941,0.7763,-0.5208,1.771,1.2
-0.0941,0.7763,-0.6422,1.9299,1.4
-0.0941,0.7763,-0.8279,2.0043,1.6
-0.0941,0.7763,-0.7448,2.1862,1.8
-0.0941,0.7763,-0.7395,2.1979,1.8128
-0.0941,0.7763,-0.7395,2.1979,1.8128
-0.1945,0.9493,-0.3361,1.0905,0.2
-0.1945,0.9493,-0.4479,1.2564,0.4
-0.1945,0.9493,-0.5071,1.4474,0.6
-0.1945,0.9493,-0.3967,1.6142,0.8
-0.1945,0.9493,-0.5208,1.771,1.0
-0.1945,0.9493,-0.6422,1.9299,1.2
-0.1945,0.9493,-0.8279,2.0043,1.4
-0.1945,0.9493,-0.7448,2.1862,1.6
-0.1945,0.9493,-0.7395,2.1979,1.6128
-0.1945,0.9493,-0.7395,2.1979,1.6128
-0.3361,1.0905,-0.4479,1.2564,0.2
-0.3361,1.0905,-0.5071,1.4474,0.4
-0.3361,1.0905,-0.3967,1.6142,0.6
-0.3361,1.0905,-0.5208,1.771,0.8
-0.3361,1.0905,-0.6422,1.9299,1.0
-0.3361,1.0905,-0.8279,2.0043,1.2
-0.3361,1.0905,-0.7448,2.1862,1.4
-0.3361,1.0905,-0.7395,2.1979,1.4128
-0.3361,1.0905,-0.7395,2.1979,1.4128
-0.4479,1.2564,-0.5071,1.4474,0.2
-0.4479,1.2564,-0.3967,1.6142,0.4
-0.4479,1.2564,-0.5208,1.771,0.6
-0.4479,1.2564,-0.6422,1.9299,0.8
-0.4479,1.2564,-0.8279,2.0043,1.0
-0.4479,1.2564,-0.7448,2.1862,1.2
-0.4479,1.2564,-0.7395,2.1979,1.2128
-0.4479,1.2564,-0.7395,2.1979,1.2128
-0.5071,1.4474,-0.3967,1.6142,0.2
-0.5071,1.4474,-0.5208,1.771,0.4
-0.5071,1.4474,-0.6422,1.9299,0.6
-0.5071,1.4474,-0.8279,2.0043,0.8
-0.5071,1.4474,-0.7448,2.1862,1.0
-0.5071,1.4474,-0.7395,2.1979,1.0128
-0.5071,1.4474,-0.7395,2.1979,1.0128
-0.3967,1.6142,-0.5208,1.771,0.2
-0.3967,1.6142,-0.6422,1.9299,0.4
-0.3967,1.6142,-0.8279,2.0043,0.6
-0.3967,1.6142,-0.7448,2.1862,0.8
-0.3967,1.6142,-0.7395,2.1979,0.8128
-0.3967,1.6142,-0.7395,2.1979,0.8128
-0.5208,1.771,-0.6422,1.9299,0.2
-0.5208,1.771,-0.8279,2.0043,0.4
-0.5208,1.771,-0.7448,2.1862,0.6
-0.5208,1.771,-0.7395,2.1979,0.6128
-0.5208,1.771,-0.7395,2.1979,0.6128
-0.6422,1.9299,-0.8279,2.0043,0.2
-0.6422,1.9299,-0.7448,2.1862,0.4
-0.6422,1.9299,-0.7395,2.1979,0.4128
-0.6422,1.9299,-0.7395,2.1979,0.4128
-0.8279,2.0043,-0.7448,2.1862,0.2
-0.8279,2.0043,-0.7395,2.1979,0.2128
-0.8279,2.0043,-0.7395,2.1979,0.2128
-0.7448,2.1862,-0.7395,2.1979,0.0128
-0.7448,2.1862,-0.7395,2.1979,0.0128
-0.7395,2.1979,-0.7395,2.1979,0.0
-1.9713,-0.7054,-1.7809,-0.7667,0.2
-1.9713,-0.7054,-1.6189,-0.884,0.4
-1.9713,-0.7054,-1.4209,-0.856,0.6
-1.9713,-0.7054,-1.2594,-0.974,0.8
-1.9713,-0.7054,-1.1153,-0.8353,1.0
-1.9713,-0.7054,-0.9154,-0.8281,1.2
-1.9713,-0.7054,-0.773,-0.6877,1.4
-1.9713,-0.7054,-0.5939,-0.7767,1.6
-1.9713,-0.7054,-0.4554,-0.6324,1.8
-1.9713,-0.7054,-0.2582,-0.5989,2.0
-1.9713,-0.7054,-0.0754,-0.68,2.2
-1.9713,-0.7054,0.1015,-0.7733,2.4
-1.9713,-0.7054,0.3015,-0.7749,2.6
-1.9713,-0.7054,0.5014,-0.7689,2.8
-1.9713,-0.7054,0.6788,-0.6765,3.0
-1.9713,-0.7054,0.8786,-0.6686,3.2
-1.9713,-0.7054,1.0137,-0.8161,3.4
-1.9713,-0.7054,1.1646,-0.9474,3.6
-1.9713,-0.7054,1.3066,-0.8065,3.8
-1.9713,-0.7054,1.4671,-0.9258,4.0
-1.9713,-0.7054,1.6483,-0.8412,4.2
-1.9713,-0.7054,1.826,-0.7493,4.4
-1.9713,-0.7054,1.8098,-0.55,4.6
-1.9713,-0.7054,1.909,-0.3763,4.8
-1.9713,-0.7054,1.9449,-0.1796,5.0
-1.9713,-0.7054,1.9415,0.0204,5.2
-1.9713,-0.7054,2.0131,0.2072,5.4
-1.9713,-0.7054,2.0847,0.3939,5.6
-1.9713,-0.7054,1.9383,0.5302,5.8
-1.9713,-0.7054,1.9797,0.7259,6.0
-1.9713,-0.7054,1.9,0.9093,6.2
-1.9713,-0.7054,1.8803,1.1084,6.4
-1.9713,-0.7054,2.0032,1.2662,6.6
-1.9713,-0.7054,2.154,1.3976,6.8
-1.9713,-0.7054,2.1709,1.5968,7.0
-1.9713,-0.7054,2.3049,1.7454,7.2
-1.9713,-0.7054,2.4388,1.8939,7.4
-1.9713,-0.7054,2.4191,2.0929,7.6
-1.9713,-0.7054,2.5935,2.1908,7.8
-1.9713,-0.7054,2.7679,2.2887,8.0
-1.9713,-0.7054,2.8225,2.3193,8.0626
-1.9713,-0.7054,2.8225,2.3193,8.0626
-1.7809,-0.7667,-1.6189,-0.884,0.2
-1.7809,-0.7667,-1.4209,-0.856,0.4
-1.7809,-0.7667,-1.2594,-0.974,0.6
-1.7809,-0.7667,-1.1153,-0.8353,0.8
-1.7809,-0.7667,-0.9154,-0.8281,1.0
-1.7809,-0.7667,-0.773,-0.6877,1.2
-1.7809,-0.7667,-0.5939,-0.7767,1.4
-1.7809,-0.7667,-0.4554,-0.6324,1.6
-1.7809,-0.7667,-0.2582,-0.5989,1.8
-1.7809,-0.7667,-0.0754,-0.68,2.0
-1.7809,-0.7667,0.1015,-0.7733,2.2
-1.7809,-0.7667,0.3015,-0.7749,2.4
-1.7809,-0.7667,0.5014,-0.7689,2.6
-1.7809,-0.7667,0.6788,-0.6765,2.8
-1.7809,-0.7667,0.8786,-0.6686,3.0
-1.7809,-0.7667,1.0137,-0.8161,3.2
-1.7809,-0.7667,1.1646,-0.9474,3.4
-1.7809,-0.7667,1.3066,-0.8065,3.6
-1.7809,-0.7667,1.4671,-0.9258,3.8
-1.7809,-0.7667,1.6483,-0.8412,4.0
-1.7809,-0.7667,1.826,-0.7493,4.2
-1.7809,-0.7667,1.8098,-0.55,4.4
-1.7809,-0.7667,1.909,-0.3763,4.6
-1.7809,-0.7667,1.9449,-0.1796,4.8
-1.7809,-0.7667,1.9415,0.0204,5.0
-1.7809,-0.7667,2.0131,0.2072,5.2
-1.7809,-0.7667,2.0847,0.3939,5.4
-1.7809,-0.7667,1.9383,0.5302,5.6
-1.7809,-0.7667,1.9797,0.7259,5.8
-1.7809,-0.7667,1.9,0.9093,6.0
-1.7809,-0.7667,1.8803,1.1084,6.2
-1.7809,-0.7667,2.0032,1.2662,6.4
-1.7809,-0.7667,2.154,1.3976,6.6
-1.7809,-0.7667,2.1709,1.5968,6.8
-1.7809,-0.7667,2.3049,1.7454,7.0
-1.7809,-0.7667,2.4388,1.8939,7.2
-1.7809,-0.7667,2.4191,2.0929,7.4
-1.7809,-0.7667,2.5935,2.1908,7.6
-1.7809,-0.7667,2.7679,2.2887,7.8
-1.7809,-0.7667,2.8225,2.3193,7.8626
-1.7809,-0.7667,2.8225,2.3193,7.8626
-1.6189,-0.884,-1.4209,-0.856,0.2
-1.6189,-0.884,-1.2594,-0.974,0.4
-1.6189,-0.884,-1.1153,-0.8353,0.6
-1.6189,-0.884,-0.9154,-0.8281,0.8
-1.6189,-0.884,-0.773,-0.6877,1.0
-1.6189,-0.884,-0.5939,-0.7767,1.2
-1.6189,-0.884,-0.4554,-0.6324,1.4
-1.6189,-0.884,-0.2582,-0.5989,1.6
-1.6189,-0.884,-0.0754,-0.68,1.8
-1.6189,-0.884,0.1015,-0.7733,2.0
-1.6189,-0.884,0.3015,-0.7749,2.2
-1.6189,-0.884,0.5014,-0.7689,2.4
-1.6189,-0.884,0.6788,-0.6765,2.6
-1.6189,-0.884,0.8786,-0.6686,2.8
-1.6189,-0.884,1.0137,-0.8161,3.0
-1.6189,-0.884,1.1646,-0.9474,3.2
-1.6189,-0.884,1.3066,-0.8065,3.4
-1.6189,-0.884,1.4671,-0.9258,3.6
-1.6189,-0.884,1.6483,-0.8412,3.8
-1.6189,-0.884,1.826,-0.7493,4.0
-1.6189,-0.884,1.8098,-0.55,4.2
-1.6189,-0.884,1.909,-0.3763,4.4
-1.6189,-0.884,1.9449,-0.1796,4.6
-1.6189,-0.884,1.9415,0.0204,4.8
-1.6189,-0.884,2.0131,0.2072,5.0
-1.6189,-0.884,2.0847,0.3939,5.2
-1.6189,-0.884,1.9383,0.5302,5.4
-1.6189,-0.884,1.9797,0.7259,5.6
-1.6189,-0.884,1.9,0.9093,5.8
-1.6189,-0.884,1.8803,1.1084,6.0
-1.6189,-0.884,2.0032,1.2662,6.2
-1.6189,-0.884,2.154,1.3976,6.4
-1.6189,-0.884,2.1709,1.5968,6.6
-1.6189,-0.884,2.3049,1.7454,6.8
-1.6189,-0.884,2.4388,1.8939,7.0
-1.6189,-0.884,2.4191,2.0929,7.2
-1.6189,-0.884,2.5935,2.1908,7.4
-1.6189,-0.884,2.7679,2.2887,7.6
-1.6189,-0.884,2.8225,2.3193,7.6626
-1.6189,-0.884,2.8225,2.3193,7.6626
-1.4209,-0.856,-1.2594,-0.974,0.2
-1.4209,-0.856,-1.1153,-0.8353,0.4
-1.4209,-0.856,-0.9154,-0.8281,0.6
-1.4209,-0.856,-0.773,-0.6877,0.8
-1.4209,-0.856,-0.5939,-0.7767,1.0
-1.4209,-0.856,-0.4554,-0.6324,1.2
-1.4209,-0.856,-0.2582,-0.5989,1.4
-1.4209,-0.856,-0.0754,-0.68,1.6
-1.4209,-0.856,0.1015,-0.7733,1.8
-1.4209,-0.856,0.3015,-0.7749,2.0
-1.4209,-0.856,0.5014,-0.7689,2.2
-1.4209,-0.856,0.6788,-0.6765,2.4
-1.4209,-0.856,0.8786,-0.6686,2.6
-1.4209,-0.856,1.0137,-0.8161,2.8
-1.4209,-0.856,1.1646,-0.9474,3.0
-1.4209,-0.856,1.3066,-0.8065,3.2
-1.4209,-0.856,1.4671,-0.9258,3.4
-1.4209,-0.856,1.6483,-0.8412,3.6
-1.4209,-0.856,1.826,-0.7493,3.8
-1.4209,-0.856,1.8098,-0.55,4.0
-1.4209,-0.856,1.909,-0.3763,4.2
-1.4209,-0.856,1.9449,-0.1796,4.4
-1.4209,-0.856,1.9415,0.0204,4.6
-1.4209,-0.856,2.0131,0.2072,4.8
-1.4209,-0.856,2.0847,0.3939,5.0
-1.4209,-0.856,1.9383,0.5302,5.2
-1.4209,-0.856,1.9797,0.7259,5.4
-1.4209,-0.856,1.9,0.9093,5.6
-1.4209,-0.856,1.8803,1.1084,5.8
-1.4209,-0.856,2.0032,1.2662,6.0
-1.4209,-0.856,2.154,1.3976,6.2
-1.4209,-0.856,2.1709,1.5968,6.4
-1.4209,-0.856,2.3049,1.7454,6.6
-1.4209,-0.856,2.4388,1.8939,6.8
-1.4209,-0.856,2.4191,2.0929,7.0
-1.4209,-0.856,2.5935,2.1908,7.2
-1.4209,-0.856,2.7679,2.2887,7.4
-1.4209,-0.856,2.8225,2.3193,7.4626
-1.4209,-0.856,2.8225,2.3193,7.4626
-1.2594,-0.974,-1.1153,-0.8353,0.2
-1.2594,-0.974,-0.9154,-0.8281,0.4
-1.2594,-0.974,-0.773,-0.6877,0.6
-1.2594,-0.974,-0.5939,-0.7767,0.8
-1.2594,-0.974,-0.4554,-0.6324,1.0
-1.2594,-0.974,-0.2582,-0.5989,1.2
-1.2594,-0.974,-0.0754,-0.68,1.4
-1.2594,-0.974,0.1015,-0.7733,1.6
-1.2594,-0.974,0.3015,-0.7749,1.8
-1.2594,-0.974,0.5014,-0.7689,2.0
-1.2594,-0.974,0.6788,-0.6765,2.2
-1.2594,-0.974,0.8786,-0.6686,2.4
-1.2594,-0.974,1.0137,-0.8161,2.6
-1.2594,-0.974,1.1646,-0.9474,2.8
-1.2594,-0.974,1.3066,-0.8065,3.0
-1.2594,-0.974,1.4671,-0.9258,3.2
-1.2594,-0.974,1.6483,-0.8412,3.4
-1.2594,-0.974,1.826,-0.7493,3.6
-1.2594,-0.974,1.8098,-0.55,3.8
-1.2594,-0.974,1.909,-0.3763,4.0
-1.2594,-0.974,1.9449,-0.1796,4.2
-1.2594,-0.974,1.9415,0.0204,4.4
-1.2594,-0.974,2.0131,0.2072,4.6
-1.2594,-0.974,2.0847,0.3939,4.8
-1.2594,-0.974,1.9383,0.5302,5.0
-1.2594,-0.974,1.9797,0.7259,5.2
-1.2594,-0.974,1.9,0.9093,5.4
-1.2594,-0.974,1.8803,1.1084,5.6
-1.2594,-0.974,2.0032,1.2662,5.8
-1.2594,-0.974,2.154,1.3976,6.0
-1.2594,-0.974,2.1709,1.5968,6.2
-1.2594,-0.974,2.3049,1.7454,6.4
-1.2594,-0.974,2.4388,1.8939,6.6
-1.2594,-0.974,2.4191,2.0929,6.8
-1.2594,-0.974,2.5935,2.1908,7.0
-1.2594,-0.974,2.7679,2.2887,7.2
-1.2594,-0.974,2.8225,2.3193,7.2626
-1.2594,-0.974,2.8225,2.3193,7.2626
-1.1153,-0.8353,-0.9154,-0.8281,0.2
-1.1153,-0.8353,-0.773,-0.6877,0.4
-1.1153,-0.8353,-0.5939,-0.7767,0.6
-1.1153,-0.8353,-0.4554,-0.6324,0.8
-1.1153,-0.8353,-0.2582,-0.5989,1.0
-1.1153,-0.8353,-0.0754,-0.68,1.2
-1.1153,-0.8353,0.1015,-0.7733,1.4
-1.1153,-0.8353,0.3015,-0.7749,1.6
-1.1153,-0.8353,0.5014,-0.7689,1.8
-1.1153,-0.8353,0.6788,-0.6765,2.0
-1.1153,-0.8353,0.8786,-0.6686,2.2
-1.1153,-0.8353,1.0137,-0.8161,2.4
-1.1153,-0.8353,1.1646,-0.9474,2.6
-1.1153,-0.8353,1.3066,-0.8065,2.8
-1.1153,-0.8353,1.4671,-0.9258,3.0
-1.1153,-0.8353,1.6483,-0.8412,3.2
-1.1153,-0.8353,1.826,-0.7493,3.4
-1.1153,-0.8353,1.8098,-0.55,3.6
-1.1153,-0.8353,1.909,-0.3763,3.8
-1.1153,-0.8353,1.9449,-0.1796,4.0
-1.1153,-0.8353,1.9415,0.0204,4.2
-1.1153,-0.8353,2.0131,0.2072,4.4
-1.1153,-0.8353,2.0847,0.3939,4.6
-1.1153,-0.8353,1.9383,0.5302,4.8
-1.1153,-0.8353,1.9797,0.7259,5.0
-1.1153,-0.8353,1.9,0.9093,5.2
-1.1153,-0.8353,1.8803,1.1084,5.4
-1.1153,-0.8353,2.0032,1.2662,5.6
-1.1153,-0.8353,2.154,1.3976,5.8
-1.1153,-0.8353,2.1709,1.5968,6.0
-1.1153,-0.8353,2.3049,1.7454,6.2
-1.1153,-0.8353,2.4388,1.8939,6.4
-1.1153,-0.8353,2.4191,2.0929,6.6
-1.1153,-0.8353,2.5935,2.1908,6.8
-1.1153,-0.8353,2.7679,2.2887,7.0
-1.1153,-0.8353,2.8225,2.3193,7.0626
-1.1153,-0.8353,2.8225,2.3193,7.0626
-0.9154,-0.8281,-0.773,-0.6877,0.2
-0.9154,-0.8281,-0.5939,-0.7767,0.4
-0.9154,-0.8281,-0.4554,-0.6324,0.6
-0.9154,-0.8281,-0.2582,-0.5989,0.8
-0.9154,-0.8281,-0.0754,-0.68,1.0
-0.9154,-0.8281,0.1015,-0.7733,1.2
-0.9154,-0.8281,0.3015,-0.7749,1.4
-0.9154,-0.8281,0.5014,-0.7689,1.6
-0.9154,-0.8281,0.6788,-0.6765,1.8
-0.9154,-0.8281,0.8786,-0.6686,2.0
-0.9154,-0.8281,1.0137,-0.8161,2.2
-0.9154,-0.8281,1.1646,-0.9474,2.4
-0.9154,-0.8281,1.3066,-0.8065,2.6
-0.9154,-0.8281,1.4671,-0.9258,2.8
-0.9154,-0.8281,1.6483,-0.8412,3.0
-0.9154,-0.8281,1.826,-0.7493,3.2
-0.9154,-0.8281,1.8098,-0.55,3.4
-0.9154,-0.8281,1.909,-0.3763,3.6
-0.9154,-0.8281,1.9449,-0.1796,3.8
-0.9154,-0.8281,1.9415,0.0204,4.0
-0.9154,-0.8281,2.0131,0.2072,4.2
-0.9154,-0.8281,2.0847,0.3939,4.4
-0.9154,-0.8281,1.9383,0.5302,4.6
-0.9154,-0.8281,1.9797,0.7259,4.8
-0.9154,-0.8281,1.9,0.9093,5.0
-0.9154,-0.8281,1.8803,1.1084,5.2
-0.9154,-0.8281,2.0032,1.2662,5.4
-0.9154,-0.8281,2.154,1.3976,5.6
-0.9154,-0.8281,2.1709,1.5968,5.8
-0.9154,-0.8281,2.3049,1.7454,6.0
-0.9154,-0.8281,2.4388,1.8939,6.2
-0.9154,-0.8281,2.4191,2.0929,6.4
-0.9154,-0.8281,2.5935,2.1908,6.6
-0.9154,-0.8281,2.7679,2.2887,6.8
-0.9154,-0.8281,2.8225,2.3193,6.8626
-0.9154,-0.8281,2.8225,2.3193,6.8626
-0.773,-0.6877,-0.5939,-0.7767,0.2
-0.773,-0.6877,-0.4554,-0.6324,0.4
-0.773,-0.6877,-0.2582,-0.5989,0.6
-0.773,-0.6877,-0.0754,-0.68,0.8
-0.773,-0.6877,0.1015,-0.7733,1.0
-0.773,-0.6877,0.3015,-0.7749,1.2
-0.773,-0.6877,0.5014,-0.7689,1.4
-0.773,-0.6877,0.6788,-0.6765,1.6
-0.773,-0.6877,0.8786,-0.6686,1.8
-0.773,-0.6877,1.0137,-0.8161,2.0
-0.773,-0.6877,1.1646,-0.9474,2.2
-0.773,-0.6877,1.3066,-0.8065,2.4
-0.773,-0.6877,1.4671,-0.9258,2.6
-0.773,-0.6877,1.6483,-0.8412,2.8
-0.773,-0.6877,1.826,-0.7493,3.0
-0.773,-0.6877,1.8098,-0.55,3.2
-0.773,-0.6877,1.909,-0.3763,3.4
-0.773,-0.6877,1.9449,-0.1796,3.6
-0.773,-0.6877,1.9415,0.0204,3.8
-0.773,-0.6877,2.0131,0.2072,4.0
-0.773,-0.6877,2.0847,0.3939,4.2
-0.773,-0.6877,1.9383,0.5302,4.4
-0.773,-0.6877,1.9797,0.7259,4.6
-0.773,-0.6877,1.9,0.9093,4.8
-0.773,-0.6877,1.8803,1.1084,5.0
-0.773,-0.6877,2.0032,1.2662,5.2
-0.773,-0.6877,2.154,1.3976,5.4
-0.773,-0.6877,2.1709,1.5968,5.6
-0.773,-0.6877,2.3049,1.7454,5.8
-0.773,-0.6877,2.4388,1.8939,6.0
-0.773,-0.6877,2.4191,2.0929,6.2
-0.773,-0.6877,2.5935,2.1908,6.4
-0.773,-0.6877,2.7679,2.2887,6.6
-0.773,-0.6877,2.8225,2.3193,6.6626
-0.773,-0.6877,2.8225,2.3193,6.6626
-0.5939,-0.7767,-0.4554,-0.6324,0.2
-0.5939,-0.7767,-0.2582,-0.5989,0.4
-0.5939,-0.7767,-0.0754,-0.68,0.6
-0.5939,-0.7767,0.1015,-0.7733,0.8
-0.5939,-0.7767,0.3015,-0.7749,1.0
-0.5939,-0.7767,0.5014,-0.7689,1.2
-0.5939,-0.7767,0.6788,-0.6765,1.4
-0.5939,-0.7767,0.8786,-0.6686,1.6
-0.5939,-0.7767,1.0137,-0.8161,1.8
-0.5939,-0.7767,1.1646,-0.9474,2.0
-0.5939,-0.7767,1.3066,-0.8065,2.2
-0.5939,-0.7767,1.4671,-0.9258,2.4
-0.5939,-0.7767,1.6483,-0.8412,2.6
-0.5939,-0.7767,1.826,-0.7493,2.8
-0.5939,-0.7767,1.8098,-0.55,3.0
-0.5939,-0.7767,1.909,-0.3763,3.2
-0.5939,-0.7767,1.9449,-0.1796,3.4
-0.5939,-0.7767,1.9415,0.0204,3.6
-0.5939,-0.7767,2.0131,0.2072,3.8
-0.5939,-0.7767,2.0847,0.3939,4.0
-0.5939,-0.7767,1.9383,0.5302,4.2
-0.5939,-0.7767,1.9797,0.7259,4.4
-0.5939,-0.7767,1.9,0.9093,4.6
-0.5939,-0.7767,1.8803,1.1084,4.8
-0.5939,-0.7767,2.0032,1.2662,5.0
-0.5939,-0.7767,2.154,1.3976,5.2
-0.5939,-0.7767,2.1709,1.5968,5.4
-0.5939,-0.7767,2.3049,1.7454,5.6
-0.5939,-0.7767,2.4388,1.8939,5.8
-0.5939,-0.7767,2.4191,2.0929,6.0
-0.5939,-0.7767,2.5935,2.1908,6.2
-0.5939,-0.7767,2.7679,2.2887,6.4
-0.5939,-0.7767,2.8225,2.3193,6.4626
-0.5939,-0.7767,2.8225,2.3193,6.4626
-0.4554,-0.6324,-0.2582,-0.5989,0.2
-0.4554,-0.6324,-0.0754,-0.68,0.4
-0.4554,-0.6324,0.1015,-0.7733,0.6
-0.4554,-0.6324,0.3015,-0.7749,0.8
-0.4554,-0.6324,0.5014,-0.7689,1.0
-0.4554,-0.6324,0.6788,-0.6765,1.2
-0.4554,-0.6324,0.8786,-0.6686,1.4
-0.4554,-0.6324,1.0137,-0.8161,1.6
-0.4554,-0.6324,1.1646,-0.9474,1.8
-0.4554,-0.6324,1.3066,-0.8065,2.0
-0.4554,-0.6324,1.4671,-0.9258,2.2
-0.4554,-0.6324,1.6483,-0.8412,2.4
-0.4554,-0.6324,1.826,-0.7493,2.6
-0.4554,-0.6324,1.8098,-0.55,2.8
-0.4554,-0.6324,1.909,-0.3763,3.0
-0.4554,-0.6324,1.9449,-0.1796,3.2
-0.4554,-0.6324,1.9415,0.0204,3.4
-0.4554,-0.6324,2.0131,0.2072,3.6
-0.4554,-0.6324,2.0847,0.3939,3.8
-0.4554,-0.6324,1.9383,0.5302,4.0
-0.4554,-0.6324,1.9797,0.7259,4.2
-0.4554,-0.6324,1.9,0.9093,4.4
-0.4554,-0.6324,1.8803,1.1084,4.6
-0.4554,-0.6324,2.0032,1.2662,4.8
-0.4554,-0.6324,2.154,1.3976,5.0
-0.4554,-0.6324,2.1709,1.5968,5.2
-0.4554,-0.6324,2.3049,1.7454,5.4
-0.4554,-0.6324,2.4388,1.8939,5.6
-0.4554,-0.6324,2.4191,2.0929,5.8
-0.4554,-0.6324,2.5935,2.1908,6.0
-0.4554,-0.6324,2.7679,2.2887,6.2
-0.4554,-0.6324,2.8225,2.3193,6.2626
-0.4554,-0.6324,2.8225,2.3193,6.2626
-0.2582,-0.5989,-0.0754,-0.68,0.2
-0.2582,-0.5989,0.1015,-0.7733,0.4
-0.2582,-0.5989,0.3015,-0.7749,0.6
-0.2582,-0.5989,0.5014,-0.7689,0.8
-0.2582,-0.5989,0.6788,-0.6765,1.0
-0.2582,-0.5989,0.8786,-0.6686,1.2
-0.2582,-0.5989,1.0137,-0.8161,1.4
-0.2582,-0.5989,1.1646,-0.9474,1.6
-0.2582,-0.5989,1.3066,-0.8065,1.8
-0.2582,-0.5989,1.4671,-0.9258,2.0
-0.2582,-0.5989,1.6483,-0.8412,2.2
-0.2582,-0.5989,1.826,-0.7493,2.4
-0.2582,-0.5989,1.8098,-0.55,2.6
-0.2582,-0.5989,1.909,-0.3763,2.8
-0.2582,-0.5989,1.9449,-0.1796,3.0
-0.2582,-0.5989,1.9415,0.0204,3.2
-0.2582,-0.5989,2.0131,0.2072,3.4
-0.2582,-0.5989,2.0847,0.3939,3.6
-0.2582,-0.5989,1.9383,0.5302,3.8
-0.2582,-0.5989,1.9797,0.7259,4.0
-0.2582,-0.5989,1.9,0.9093,4.2
-0.2582,-0.5989,1.8803,1.1084,4.4
-0.2582,-0.5989,2.0032,1.2662,4.6
-0.2582,-0.5989,2.154,1.3976,4.8
-0.2582,-0.5989,2.1709,1.5968,5.0
-0.2582,-0.5989,2.3049,1.7454,5.2
-0.2582,-0.5989,2.4388,1.8939,5.4
-0.2582,-0.5989,2.4191,2.0929,5.6
-0.2582,-0.5989,2.5935,2.1908,5.8
-0.2582,-0.5989,2.7679,2.2887,6.0
-0.2582,-0.5989,2.8225,2.3193,6.0626
-0.2582,-0.5989,2.8225,2.3193,6.0626
-0.0754,-0.68,0.1015,-0.7733,0.2
-0.0754,-0.68,0.3015,-0.7749,0.4
-0.0754,-0.68,0.5014,-0.7689,0.6
-0.0754,-0.68,0.6788,-0.6765,0.8
-0.0754,-0.68,0.8786,-0.6686,1.0
-0.0754,-0.68,1.0137,-0.8161,1.2
-0.0754,-0.68,1.1646,-0.9474,1.4
-0.0754,-0.68,1.3066,-0.8065,1.6
-0.0754,-0.68,1.4671,-0.9258,1.8
-0.0754,-0.68,1.6483,-0.8412,2.0
-0.0754,-0.68,1.826,-0.7493,2.2
-0.0754,-0.68,1.8098,-0.55,2.4
-0.0754,-0.68,1.909,-0.3763,2.6
-0.0754,-0.68,1.9449,-0.1796,2.8
-0.0754,-0.68,1.9415,0.0204,3.0
-0.0754,-0.68,2.0131,0.2072,3.2
-0.0754,-0.68,2.0847,0.3939,3.4
-0.0754,-0.68,1.9383,0.5302,3.6
-0.0754,-0.68,1.9797,0.7259,3.8
-0.0754,-0.68,1.9,0.9093,4.0
-0.0754,-0.68,1.8803,1.1084,4.2
-0.0754,-0.68,2.0032,1.2662,4.4
-0.0754,-0.68,2.154,1.3976,4.6
-0.0754,-0.68,2.1709,1.5968,4.8
-0.0754,-0.68,2.3049,1.7454,5.0
-0.0754,-0.68,2.4388,1.8939,5.2
-0.0754,-0.68,2.4191,2.0929,5.4
-0.0754,-0.68,2.5935,2.1908,5.6
-0.0754,-0.68,2.7679,2.2887,5.8
-0.0754,-0.68,2.8225,2.3193,5.8626
-0.0754,-0.68,2.8225,2.3193,5.8626
0.1015,-0.7733,0.3015,-0.7749,0.2
0.1015,-0.7733,0.5014,-0.7689,0.4
0.1015,-0.7733,0.6788,-0.6765,0.6
0.1015,-0.7733,0.8786,-0.6686,0.8
0.1015,-0.7733,1.0137,-0.8161,1.0
0.1015,-0.7733,1.1646,-0.9474,1.2
0.1015,-0.7733,1.3066,-0.8065,1.4
0.1015,-0.7733,1.4671,-0.9258,1.6
0.1015,-0.7733,1.6483,-0.8412,1.8
0.1015,-0.7733,1.826,-0.7493,2.0
0.1015,-0.7733,1.8098,-0.55,2.2
0.1015,-0.7733,1.909,-0.3763,2.4
0.1015,-0.7733,1.9449,-0.1796,2.6
0.1015,-0.7733,1.9415,0.0204,2.8
0.1015,-0.7733,2.0131,0.2072,3.0
0.1015,-0.7733,2.0847,0.3939,3.2
0.1015,-0.7733,1.9383,0.5302,3.4
0.1015,-0.7733,1.9797,0.7259,3.6
0.1015,-0.7733,1.9,0.9093,3.8
0.1015,-0.7733,1.8803,1.1084,4.0
0.1015,-0.7733,2.0032,1.2662,4.2
0.1015,-0.7733,2.154,1.3976,4.4
0.1015,-0.7733,2.1709,1.5968,4.6
0.1015,-0.7733,2.3049,1.7454,4.8
0.1015,-0.7733,2.4388,1.8939,5.0
0.1015,-0.7733,2.4191,2.0929,5.2
0.1015,-0.7733,2.5935,2.1908,5.4
0.1015,-0.7733,2.7679,2.2887,5.6
0.1015,-0.7733,2.8225,2.3193,5.6626
0.1015,-0.7733,2.8225,2.3193,5.6626
0.3015,-0.7749,0.5014,-0.7689,0.2
0.3015,-0.7749,0.6788,-0.6765,0.4
0.3015,-0.7749,0.8786,-0.6686,0.6
0.3015,-0.7749,1.0137,-0.8161,0.8
0.3015,-0.7749,1.1646,-0.9474,1.0
0.3015,-0.7749,1.3066,-0.8065,1.2
0.3015,-0.7749,1.4671,-0.9258,1.4
0.3015,-0.7749,1.6483,-0.8412,1.6
0.3015,-0.7749,1.826,-0.7493,1.8
0.3015,-0.7749,1.8098,-0.55,2.0
0.3015,-0.7749,1.909,-0.3763,2.2
0.3015,-0.7749,1.9449,-0.1796,2.4
0.3015,-0.7749,1.9415,0.0204,2.6
0.3015,-0.7749,2.0131,0.2072,2.8
0.3015,-0.7749,2.0847,0.3939,3.0
0.3015,-0.7749,1.9383,0.5302,3.2
0.3015,-0.7749,1.9797,0.7259,3.4
0.3015,-0.7749,1.9,0.9093,3.6
0.3015,-0.7749,1.8803,1.1084,3.8
0.3015,-0.7749,2.0032,1.2662,4.0
0.3015,-0.7749,2.154,1.3976,4.2
0.3015,-0.7749,2.1709,1.5968,4.4
0.3015,-0.7749,2.3049,1.7454,4.6
0.3015,-0.7749,2.4388,1.8939,4.8
0.3015,-0.7749,2.4191,2.0929,5.0
0.3015,-0.7749,2.5935,2.1908,5.2
0.3015,-0.7749,2.7679,2.2887,5.4
0.3015,-0.7749,2.8225,2.3193,5.4626
0.3015,-0.7749,2.8225,2.3193,5.4626
0.5014,-0.7689,0.6788,-0.6765,0.2
0.5014,-0.7689,0.8786,-0.6686,0.4
0.5014,-0.7689,1.0137,-0.8161,0.6
0.5014,-0.7689,1.1646,-0.9474,0.8
0.5014,-0.7689,1.3066,-0.8065,1.0
0.5014,-0.7689,1.4671,-0.9258,1.2
0.5014,-0.7689,1.6483,-0.8412,1.4
0.5014,-0.7689,1.826,-0.7493,1.6
0.5014,-0.7689,1.8098,-0.55,1.8
0.5014,-0.7689,1.909,-0.3763,2.0
0.5014,-0.7689,1.9449,-0.1796,2.2
0.5014,-0.7689,1.9415,0.0204,2.4
0.5014,-0.7689,2.0131,0.2072,2.6
0.5014,-0.7689,2.0847,0.3939,2.8
0.5014,-0.7689,1.9383,0.5302,3.0
0.5014,-0.7689,1.9797,0.7259,3.2
0.5014,-0.7689,1.9,0.9093,3.4
0.5014,-0.7689,1.8803,1.1084,3.6
0.5014,-0.7689,2.0032,1.2662,3.8
0.5014,-0.7689,2.154,1.3976,4.0
0.5014,-0.7689,2.1709,1.5968,4.2
0.5014,-0.7689,2.3049,1.7454,4.4
0.5014,-0.7689,2.4388,1.8939,4.6
0.5014,-0.7689,2.4191,2.0929,4.8
0.5014,-0.7689,2.5935,2.1908,5.0
0.5014,-0.7689,2.7679,2.2887,5.2
0.5014,-0.7689,2.8225,2.3193,5.2626
0.5014,-0.7689,2.8225,2.3193,5.2626
0.6788,-0.6765,0.8786,-0.6686,0.2
0.6788,-0.6765,1.0137,-0.8161,0.4
0.6788,-0.6765,1.1646,-0.9474,0.6
0.6788,-0.6765,1.3066,-0.8065,0.8
0.6788,-0.6765,1.4671,-0.9258,1.0
0.6788,-0.6765,1.6483,-0.8412,1.2
0.6788,-0.6765,1.826,-0.7493,1.4
0.6788,-0.6765,1.8098,-0.55,1.6
0.6788,-0.6765,1.909,-0.3763,1.8
0.6788,-0.6765,1.9449,-0.1796,2.0
0.6788,-0.6765,1.9415,0.0204,2.2
0.6788,-0.6765,2.0131,0.2072,2.4
0.6788,-0.6765,2.0847,0.3939,2.6
0.6788,-0.6765,1.9383,0.5302,2.8
0.6788,-0.6765,1.9797,0.7259,3.0
0.6788,-0.6765,1.9,0.9093,3.2
0.6788,-0.6765,1.8803,1.1084,3.4
0.6788,-0.6765,2.0032,1.2662,3.6
0.6788,-0.6765,2.154,1.3976,3.8
0.6788,-0.6765,2.1709,1.5968,4.0
0.6788,-0.6765,2.3049,1.7454,4.2
0.6788,-0.6765,2.4388,1.8939,4.4
0.6788,-0.6765,2.4191,2.0929,4.6
0.6788,-0.6765,2.5935,2.1908,4.8
0.6788,-0.6765,2.7679,2.2887,5.0
0.6788,-0.6765,2.8225,2.3193,5.0626
0.6788,-0.6765,2.8225,2.3193,5.0626
0.8786,-0.6686,1.0137,-0.8161,0.2
0.8786,-0.6686,1.1646,-0.9474,0.4
0.8786,-0.6686,1.3066,-0.8065,0.6
0.8786,-0.6686,1.4671,-0.9258,0.8
0.8786,-0.6686,1.6483,-0.8412,1.0
0.8786,-0.6686,1.826,-0.7493,1.2
0.8786,-0.6686,1.8098,-0.55,1.4
0.8786,-0.6686,1.909,-0.3763,1.6
0.8786,-0.6686,1.9449,-0.1796,1.8
0.8786,-0.6686,1.9415,0.0204,2.0
0.8786,-0.6686,2.0131,0.2072,2.2
0.8786,-0.6686,2.0847,0.3939,2.4
0.8786,-0.6686,1.9383,0.5302,2.6
0.8786,-0.6686,1.9797,0.7259,2.8
0.8786,-0.6686,1.9,0.9093,3.0
0.8786,-0.6686,1.8803,1.1084,3.2
0.8786,-0.6686,2.0032,1.2662,3.4
0.8786,-0.6686,2.154,1.3976,3.6
0.8786,-0.6686,2.1709,1.5968,3.8
0.8786,-0.6686,2.3049,1.7454,4.0
0.8786,-0.6686,2.4388,1.8939,4.2
0.8786,-0.6686,2.4191,2.0929,4.4
0.8786,-0.6686,2.5935,2.1908,4.6
0.8786,-0.6686,2.7679,2.2887,4.8
0.8786,-0.6686,2.8225,2.3193,4.8626
0.8786,-0.6686,2.8225,2.3193,4.8626
1.0137,-0.8161,1.1646,-0.9474,0.2
1.0137,-0.8161,1.3066,-0.8065,0.4
1.0137,-0.8161,1.4671,-0.9258,0.6
1.0137,-0.8161,1.6483,-0.8412,0.8
1.0137,-0.8161,1.826,-0.7493,1.0
1.0137,-0.8161,1.8098,-0.55,1.2
1.0137,-0.8161,1.909,-0.3763,1.4
1.0137,-0.8161,1.9449,-0.1796,1.6
1.0137,-0.8161,1.9415,0.0204,1.8
1.0137,-0.8161,2.0131,0.2072,2.0
1.0137,-0.8161,2.0847,0.3939,2.2
1.0137,-0.8161,1.9383,0.5302,2.4
1.0137,-0.8161,1.9797,0.7259,2.6
1.0137,-0.8161,1.9,0.9093,2.8
1.0137,-0.8161,1.8803,1.1084,3.0
1.0137,-0.8161,2.0032,1.2662,3.2
1.0137,-0.8161,2.154,1.3976,3.4
1.0137,-0.8161,2.1709,1.5968,3.6
1.0137,-0.8161,2.3049,1.7454,3.8
1.0137,-0.8161,2.4388,1.8939,4.0
1.0137,-0.8161,2.4191,2.0929,4.2
1.0137,-0.8161,2.5935,2.1908,4.4
1.0137,-0.8161,2.7679,2.2887,4.6
1.0137,-0.8161,2.8225,2.3193,4.6626
1.0137,-0.8161,2.8225,2.3193,4.6626
1.1646,-0.9474,1.3066,-0.8065,0.2
1.1646,-0.9474,1.4671,-0.9258,0.4
1.1646,-0.9474,1.6483,-0.8412,0.6
1.1646,-0.9474,1.826,-0.7493,0.8
1.1646,-0.9474,1.8098,-0.55,1.0
1.1646,-0.9474,1.909,-0.3763,1.2
1.1646,-0.9474,1.9449,-0.1796,1.4
1.1646,-0.9474,1.9415,0.0204,1.6
1.1646,-0.9474,2.0131,0.2072,1.8
1.1646,-0.9474,2.0847,0.3939,2.0
1.1646,-0.9474,1.9383,0.5302,2.2
1.1646,-0.9474,1.9797,0.7259,2.4
1.1646,-0.9474,1.9,0.9093,2.6
1.1646,-0.9474,1.8803,1.1084,2.8
1.1646,-0.9474,2.0032,1.2662,3.0
1.1646,-0.9474,2.154,1.3976,3.2
1.1646,-0.9474,2.1709,1.5968,3.4
1.1646,-0.9474,2.3049,1.7454,3.6
1.1646,-0.9474,2.4388,1.8939,3.8
1.1646,-0.9474,2.4191,2.0929,4.0
1.1646,-0.9474,2.5935,2.1908,4.2
1.1646,-0.9474,2.7679,2.2887,4.4
1.1646,-0.9474,2.8225,2.3193,4.4626
1.1646,-0.9474,2.8225,2.3193,4.4626
1.3066,-0.8065,1.4671,-0.9258,0.2
1.3066,-0.8065,1.6483,-0.8412,0.4
1.3066,-0.8065,1.826,-0.7493,0.6
1.3066,-0.8065,1.8098,-0.55,0.8
1.3066,-0.8065,1.909,-0.3763,1.0
1.3066,-0.8065,1.9449,-0.1796,1.2
1.3066,-0.8065,1.9415,0.0204,1.4
1.3066,-0.8065,2.0131,0.2072,1.6
1.3066,-0.8065,2.0847,0.3939,1.8
1.3066,-0.8065,1.9383,0.5302,2.0
1.3066,-0.8065,1.9797,0.7259,2.2
1.3066,-0.8065,1.9,0.9093,2.4
1.3066,-0.8065,1.8803,1.1084,2.6
1.3066,-0.8065,2.0032,1.2662,2.8
1.3066,-0.8065,2.154,1.3976,3.0
1.3066,-0.8065,2.1709,1.5968,3.2
1.3066,-0.8065,2.3049,1.7454,3.4
1.3066,-0.8065,2.4388,1.8939,3.6
1.3066,-0.8065,2.4191,2.0929,3.8
1.3066,-0.8065,2.5935,2.1908,4.0
1.3066,-0.8065,2.7679,2.2887,4.2
1.3066,-0.8065,2.8225,2.3193,4.2626
1.3066,-0.8065,2.8225,2.3193,4.2626
1.4671,-0.9258,1.6483,-0.8412,0.2
1.4671,-0.9258,1.826,-0.7493,0.4
1.4671,-0.9258,1.8098,-0.55,0.6
1.4671,-0.9258,1.909,-0.3763,0.8
1.4671,-0.9258,1.9449,-0.1796,1.0
1.4671,-0.9258,1.9415,0.0204,1.2
1.4671,-0.9258,2.0131,0.2072,1.4
1.4671,-0.9258,2.0847,0.3939,1.6
1.4671,-0.9258,1.9383,0.5302,1.8
1.4671,-0.9258,1.9797,0.7259,2.0
1.4671,-0.9258,1.9,0.9093,2.2
1.4671,-0.9258,1.8803,1.1084,2.4
1.4671,-0.9258,2.0032,1.2662,2.6
1.4671,-0.9258,2.154,1.3976,2.8
1.4671,-0.9258,2.1709,1.5968,3.0
1.4671,-0.9258,2.3049,1.7454,3.2
1.4671,-0.9258,2.4388,1.8939,3.4
1.4671,-0.9258,2.4191,2.0929,3.6
1.4671,-0.9258,2.5935,2.1908,3.8
1.4671,-0.9258,2.7679,2.2887,4.0
1.4671,-0.9258,2.8225,2.3193,4.0626
1.4671,-0.9258,2.8225,2.3193,4.0626
1.6483,-0.8412,1.826,-0.7493,0.2
1.6483,-0.8412,1.8098,-0.55,0.4
1.6483,-0.8412,1.909,-0.3763,0.6
1.6483,-0.8412,1.9449,-0.1796,0.8
1.6483,-0.8412,1.9415,0.0204,1.0
1.6483,-0.8412,2.0131,0.2072,1.2
1.6483,-0.8412,2.0847,0.3939,1.4
1.6483,-0.8412,1.9383,0.5302,1.6
1.6483,-0.8412,1.9797,0.7259,1.8
1.6483,-0.8412,1.9,0.9093,2.0
1.6483,-0.8412,1.8803,1.1084,2.2
1.6483,-0.8412,2.0032,1.2662,2.4
1.6483,-0.8412,2.154,1.3976,2.6
1.6483,-0.8412,2.1709,1.5968,2.8
1.6483,-0.8412,2.3049,1.7454,3.0
1.6483,-0.8412,2.4388,1.8939,3.2
1.6483,-0.8412,2.4191,2.0929,3.4
1.6483,-0.8412,2.5935,2.1908,3.6
1.6483,-0.8412,2.7679,2.2887,3.8
1.6483,-0.8412,2.8225,2.3193,3.8626
1.6483,-0.8412,2.8225,2.3193,3.8626
1.826,-0.7493,1.8098,-0.55,0.2
1.826,-0.7493,1.909,-0.3763,0.4
1.826,-0.7493,1.9449,-0.1796,0.6
1.826,-0.7493,1.9415,0.0204,0.8
1.826,-0.7493,2.0131,0.2072,1.0
1.826,-0.7493,2.0847,0.3939,1.2
1.826,-0.7493,1.9383,0.5302,1.4
1.826,-0.7493,1.9797,0.7259,1.6
1.826,-0.7493,1.9,0.9093,1.8
1.826,-0.7493,1.8803,1.1084,2.0
1.826,-0.7493,2.0032,1.2662,2.2
1.826,-0.7493,2.154,1.3976,2.4
1.826,-0.7493,2.1709,1.5968,2.6
1.826,-0.7493,2.3049,1.7454,2.8
1.826,-0.7493,2.4388,1.8939,3.0
1.826,-0.7493,2.4191,2.0929,3.2
1.826,-0.7493,2.5935,2.1908,3.4
1.826,-0.7493,2.7679,2.2887,3.6
1.826,-0.7493,2.8225,2.3193,3.6626
1.826,-0.7493,2.8225,2.3193,3.6626
1.8098,-0.55,1.909,-0.3763,0.2
1.8098,-0.55,1.9449,-0.1796,0.4
1.8098,-0.55,1.9415,0.0204,0.6
1.8098,-0.55,2.0131,0.2072,0.8
1.8098,-0.55,2.0847,0.3939,1.0
1.8098,-0.55,1.9383,0.5302,1.2
1.8098,-0.55,1.9797,0.7259,1.4
1.8098,-0.55,1.9,0.9093,1.6
1.8098,-0.55,1.8803,1.1084,1.8
1.8098,-0.55,2.0032,1.2662,2.0
1.8098,-0.55,2.154,1.3976,2.2
1.8098,-0.55,2.1709,1.5968,2.4
1.8098,-0.55,2.3049,1.7454,2.6
1.8098,-0.55,2.4388,1.8939,2.8
1.8098,-0.55,2.4191,2.0929,3.0
1.8098,-0.55,2.5935,2.1908,3.2
1.8098,-0.55,2.7679,2.2887,3.4
1.8098,-0.55,2.8225,2.3193,3.4626
1.8098,-0.55,2.8225,2.3193,3.4626
1.909,-0.3763,1.9449,-0.1796,0.2
1.909,-0.3763,1.9415,0.0204,0.4
1.909,-0.3763,2.0131,0.2072,0.6
1.909,-0.3763,2.0847,0.3939,0.8
1.909,-0.3763,1.9383,0.5302,1.0
1.909,-0.3763,1.9797,0.7259,1.2
1.909,-0.3763,1.9,0.9093,1.4
1.909,-0.3763,1.8803,1.1084,1.6
1.909,-0.3763,2.0032,1.2662,1.8
1.909,-0.3763,2.154,1.3976,2.0
1.909,-0.3763,2.1709,1.5968,2.2
1.909,-0.3763,2.3049,1.7454,2.4
1.909,-0.3763,2.4388,1.8939,2.6
1.909,-0.3763,2.4191,2.0929,2.8
1.909,-0.3763,2.5935,2.1908,3.0
1.909,-0.3763,2.7679,2.2887,3.2
1.909,-0.3763,2.8225,2.3193,3.2626
1.909,-0.3763,2.8225,2.3193,3.2626
1.9449,-0.1796,1.9415,0.0204,0.2
1.9449,-0.1796,2.0131,0.2072,0.4
1.9449,-0.1796,2.0847,0.3939,0.6
1.9449,-0.1796,1.9383,0.5302,0.8
1.9449,-0.1796,1.9797,0.7259,1.0
1.9449,-0.1796,1.9,0.9093,1.2
1.9449,-0.1796,1.8803,1.1084,1.4
1.9449,-0.1796,2.0032,1.2662,1.6
1.9449,-0.1796,2.154,1.3976,1.8
1.9449,-0.1796,2.1709,1.5968,2.0
1.9449,-0.1796,2.3049,1.7454,2.2
1.9449,-0.1796,2.4388,1.8939,2.4
1.9449,-0.1796,2.4191,2.0929,2.6
1.9449,-0.1796,2.5935,2.1908,2.8
1.9449,-0.1796,2.7679,2.2887,3.0
1.9449,-0.1796,2.8225,2.3193,3.0626
1.9449,-0.1796,2.8225,2.3193,3.0626
1.9415,0.0204,2.0131,0.2072,0.2
1.9415,0.0204,2.0847,0.3939,0.4
1.9415,0.0204,1.9383,0.5302,0.6
1.9415,0.0204,1.9797,0.7259,0.8
1.9415,0.0204,1.9,0.9093,1.0
1.9415,0.0204,1.8803,1.1084,1.2
1.9415,0.0204,2.0032,1.2662,1.4
1.9415,0.0204,2.154,1.3976,1.6
1.9415,0.0204,2.1709,1.5968,1.8
1.9415,0.0204,2.3049,1.7454,2.0
1.9415,0.0204,2.4388,1.8939,2.2
1.9415,0.0204,2.4191,2.0929,2.4
1.9415,0.0204,2.5935,2.1908,2.6
1.9415,0.0204,2.7679,2.2887,2.8
1.9415,0.0204,2.8225,2.3193,2.8626
1.9415,0.0204,2.8225,2.3193,2.8626
2.0131,0.2072,2.0847,0.3939,0.2
2.0131,0.2072,1.9383,0.5302,0.4
2.0131,0.2072,1.9797,0.7259,0.6
2.0131,0.2072,1.9,0.9093,0.8
2.0131,0.2072,1.8803,1.1084,1.0
2.0131,0.2072,2.0032,1.2662,1.2
2.0131,0.2072,2.154,1.3976,1.4
2.0131,0.2072,2.1709,1.5968,1.6
2.0131,0.2072,2.3049,1.7454,1.8
2.0131,0.2072,2.4388,1.8939,2.0
2.0131,0.2072,2.4191,2.0929,2.2
2.0131,0.2072,2.5935,2.1908,2.4
2.0131,0.2072,2.7679,2.2887,2.6
2.0131,0.2072,2.8225,2.3193,2.6626
2.0131,0.2072,2.8225,2.3193,2.6626
2.0847,0.3939,1.9383,0.5302,0.2
2.0847,0.3939,1.9797,0.7259,0.4
2.0847,0.3939,1.9,0.9093,0.6
2.0847,0.3939,1.8803,1.1084,0.8
2.0847,0.3939,2.0032,1.2662,1.0
2.0847,0.3939,2.154,1.3976,1.2
2.0847,0.3939,2.1709,1.5968,1.4
2.0847,0.3939,2.3049,1.7454,1.6
2.0847,0.3939,2.4388,1.8939,1.8
2.0847,0.3939,2.4191,2.0929,2.0
2.0847,0.3939,2.5935,2.1908,2.2
2.0847,0.3939,2.7679,2.2887,2.4
2.0847,0.3939,2.8225,2.3193,2.4626
2.0847,0.3939,2.8225,2.3193,2.4626
1.9383,0.5302,1.9797,0.7259,0.2
1.9383,0.5302,1.9,0.9093,0.4
1.9383,0.5302,1.8803,1.1084,0.6
1.9383,0.5302,2.0032,1.2662,0.8
1.9383,0.5302,2.154,1.3976,1.0
1.9383,0.5302,2.1709,1.5968,1.2
1.9383,0.5302,2.3049,1.7454,1.4
1.9383,0.5302,2.4388,1.8939,1.6
1.9383,0.5302,2.4191,2.0929,1.8
1.9383,0.5302,2.5935,2.1908,2.0
1.9383,0.5302,2.7679,2.2887,2.2
1.9383,0.5302,2.8225,2.3193,2.2626
1.9383,0.5302,2.8225,2.3193,2.2626
1.9797,0.7259,1.9,0.9093,0.2
1.9797,0.7259,1.8803,1.1084,0.4
1.9797,0.7259,2.0032,1.2662,0.6
1.9797,0.7259,2.154,1.3976,0.8
1.9797,0.7259,2.1709,1.5968,1.0
1.9797,0.7259,2.3049,1.7454,1.2
1.9797,0.7259,2.4388,1.8939,1.4
1.9797,0.7259,2.4191,2.0929,1.6
1.9797,0.7259,2.5935,2.1908,1.8
1.9797,0.7259,2.7679,2.2887,2.0
1.9797,0.7259,2.8225,2.3193,2.0626
1.9797,0.7259,2.8225,2.3193,2.0626
1.9,0.9093,1.8803,1.1084,0.2
1.9,0.9093,2.0032,1.2662,0.4
1.9,0.9093,2.154,1.3976,0.6
1.9,0.9093,2.1709,1.5968,0.8
1.9,0.9093,2.3049,1.7454,1.0
1.9,0.9093,2.4388,1.8939,1.2
1.9,0.9093,2.4191,2.0929,1.4
1.9,0.9093,2.5935,2.1908,1.6
1.9,0.9093,2.7679,2.2887,1.8
1.9,0.9093,2.8225,2.3193,1.8626
1.9,0.9093,2.8225,2.3193,1.8626
1.8803,1.1084,2.0032,1.2662,0.2
1.8803,1.1084,2.154,1.3976,0.4
1.8803,1.1084,2.1709,1.5968,0.6
1.8803,1.1084,2.3049,1.7454,0.8
1.8803,1.1084,2.4388,1.8939,1.0
1.8803,1.1084,2.4191,2.0929,1.2
1.8803,1.1084,2.5935,2.1908,1.4
1.8803,1.1084,2.7679,2.2887,1.6
1.8803,1.1084,2.8225,2.3193,1.6626
1.8803,1.1084,2.8225,2.3193,1.6626
2.0032,1.2662,2.154,1.3976,0.2
2.0032,1.2662,2.1709,1.5968,0.4
2.0032,1.2662,2.3049,1.7454,0.6
2.0032,1.2662,2.4388,1.8939,0.8
2.0032,1.2662,2.4191,2.0929,1.0
2.0032,1.2662,2.5935,2.1908,1.2
2.0032,1.2662,2.7679,2.2887,1.4
2.0032,1.2662,2.8225,2.3193,1.4626
2.0032,1.2662,2.8225,2.3193,1.4626
2.154,1.3976,2.1709,1.5968,0.2
2.154,1.3976,2.3049,1.7454,0.4
2.154,1.3976,2.4388,1.8939,0.6
2.154,1.3976,2.4191,2.0929,0.8
2.154,1.3976,2.5935,2.1908,1.0
2.154,1.3976,2.7679,2.2887,1.2
2.154,1.3976,2.8225,2.3193,1.2626
2.154,1.3976,2.8225,2.3193,1.2626
2.1709,1.5968,2.3049,1.7454,0.2
2.1709,1.5968,2.4388,1.8939,0.4
2.1709,1.5968,2.4191,2.0929,0.6
2.1709,1.5968,2.5935,2.1908,0.8
2.1709,1.5968,2.7679,2.2887,1.0
2.1709,1.5968,2.8225,2.3193,1.0626
2.1709,1.5968,2.8225,2.3193,1.0626
2.3049,1.7454,2.4388,1.8939,0.2
2.3049,1.7454,2.4191,2.0929,0.4
2.3049,1.7454,2.5935,2.1908,0.6
2.3049,1.7454,2.7679,2.2887,0.8
2.3049,1.7454,2.8225,2.3193,0.8626
2.3049,1.7454,2.8225,2.3193,0.8626
2.4388,1.8939,2.4191,2.0929,0.2
2.4388,1.8939,2.5935,2.1908,0.4
2.4388,1.8939,2.7679,2.2887,0.6
2.4388,1.8939,2.8225,2.3193,0.6626
2.4388,1.8939,2.8225,2.3193,0.6626
2.4191,2.0929,2.5935,2.1908,0.2
2.4191,2.0929,2.7679,2.2887,0.4
2.4191,2.0929,2.8225,2.3193,0.4626
2.4191,2.0929,2.8225,2.3193,0.4626
2.5935,2.1908,2.7679,2.2887,0.2
2.5935,2.1908,2.8225,2.3193,0.2626
2.5935,2.1908,2.8225,2.3193,0.2626
2.7679,2.2887,2.8225,2.3193,0.0626
2.7679,2.2887,2.8225,2.3193,0.0626
2.8225,2.3193,2.8225,2.3193,0.0
-0.6589,-0.3504,-0.3569,-0.3424,0.3022
-0.6589,-0.3504,-0.1894,-0.4517,0.5022
-0.6589,-0.3504,0.0085,-0.4228,0.7022
-0.6589,-0.3504,0.1694,-0.5416,0.9022
-0.6589,-0.3504,0.2882,-0.7025,1.1022
-0.6589,-0.3504,0.3926,-0.8731,1.3022
-0.6589,-0.3504,0.5926,-0.8707,1.5022
-0.6589,-0.3504,0.7753,-0.952,1.7022
-0.6589,-0.3504,0.7232,-1.1451,1.9022
-0.6589,-0.3504,0.8223,-1.3188,2.1022
-0.6589,-0.3504,0.7336,-1.4981,2.3022
-0.6589,-0.3504,0.8339,-1.6711,2.5022
-0.6589,-0.3504,1.0159,-1.754,2.7022
-0.6589,-0.3504,1.0897,-1.7875,2.7832
-0.6589,-0.3504,1.0897,-1.7875,2.7832
-0.3569,-0.3424,-0.1894,-0.4517,0.2
-0.3569,-0.3424,0.0085,-0.4228,0.4
-0.3569,-0.3424,0.1694,-0.5416,0.6
-0.3569,-0.3424,0.2882,-0.7025,0.8
-0.3569,-0.3424,0.3926,-0.8731,1.0
-0.3569,-0.3424,0.5926,-0.8707,1.2
-0.3569,-0.3424,0.7753,-0.952,1.4
-0.3569,-0.3424,0.7232,-1.1451,1.6
-0.3569,-0.3424,0.8223,-1.3188,1.8
-0.3569,-0.3424,0.7336,-1.4981,2.0
-0.3569,-0.3424,0.8339,-1.6711,2.2
-0.3569,-0.3424,1.0159,-1.754,2.4
-0.3569,-0.3424,1.0897,-1.7875,2.4811
-0.3569,-0.3424,1.0897,-1.7875,2.4811
-0.1894,-0.4517,0.0085,-0.4228,0.2
-0.1894,-0.4517,0.1694,-0.5416,0.4
-0.1894,-0.4517,0.2882,-0.7025,0.6
-0.1894,-0.4517,0.3926,-0.8731,0.8
-0.1894,-0.4517,0.5926,-0.8707,1.0
-0.1894,-0.4517,0.7753,-0.952,1.2
-0.1894,-0.4517,0.7232,-1.1451,1.4
-0.1894,-0.4517,0.8223,-1.3188,1.6
-0.1894,-0.4517,0.7336,-1.4981,1.8
-0.1894,-0.4517,0.8339,-1.6711,2.0
-0.1894,-0.4517,1.0159,-1.754,2.2
-0.1894,-0.4517,1.0897,-1.7875,2.2811
-0.1894,-0.4517,1.0897,-1.7875,2.2811
0.0085,-0.4228,0.1694,-0.5416,0.2
0.0085,-0.4228,0.2882,-0.7025,0.4
0.0085,-0.4228,0.3926,-0.8731,0.6
0.0085,-0.4228,0.5926,-0.8707,0.8
0.0085,-0.4228,0.7753,-0.952,1.0
0.0085,-0.4228,0.7232,-1.1451,1.2
0.0085,-0.4228,0.8223,-1.3188,1.4
0.0085,-0.4228,0.7336,-1.4981,1.6
0.0085,-0.4228,0.8339,-1.6711,1.8
0.0085,-0.4228,1.0159,-1.754,2.0
0.0085,-0.4228,1.0897,-1.7875,2.0811
0.0085,-0.4228,1.0897,-1.7875,2.0811
0.1694,-0.5416,0.2882,-0.7025,0.2
0.1694,-0.5416,0.3926,-0.8731,0.4
0.1694,-0.5416,0.5926,-0.8707,0.6
0.1694,-0.5416,0.7753,-0.952,0.8
0.1694,-0.5416,0.7232,-1.1451,1.0
0.1694,-0.5416,0.8223,-1.3188,1.2
0.1694,-0.5416,0.7336,-1.4981,1.4
0.1694,-0.5416,0.8339,-1.6711,1.6
0.1694,-0.5416,1.0159,-1.754,1.8
0.1694,-0.5416,1.0897,-1.7875,1.8811
0.1694,-0.5416,1.0897,-1.7875,1.8811
0.2882,-0.7025,0.3926,-0.8731,0.2
0.2882,-0.7025,0.5926,-0.8707,0.4
0.2882,-0.7025,0.7753,-0.952,0.6
0.2882,-0.7025,0.7232,-1.1451,0.8
0.2882,-0.7025,0.8223,-1.3188,1.0
0.2882,-0.7025,0.7336,-1.4981,1.2
0.2882,-0.7025,0.8339,-1.6711,1.4
0.2882,-0.7025,1.0159,-1.754,1.6
0.2882,-0.7025,1.0897,-1.7875,1.6811
0.2882,-0.7025,1.0897,-1.7875,1.6811
0.3926,-0.8731,0.5926,-0.8707,0.2
0.3926,-0.8731,0.7753,-0.952,0.4
0.3926,-0.8731,0.7232,-1.1451,0.6
0.3926,-0.8731,0.8223,-1.3188,0.8
0.3926,-0.8731,0.7336,-1.4981,1.0
0.3926,-0.8731,0.8339,-1.6711,1.2
0.3926,-0.8731,1.0159,-1.754,1.4
0.3926,-0.8731,1.0897,-1.7875,1.4811
0.3926,-0.8731,1.0897,-1.7875,1.4811
0.5926,-0.8707,0.7753,-0.952,0.2
0.5926,-0.8707,0.7232,-1.1451,0.4
0.5926,-0.8707,0.8223,-1.3188,0.6
0.5926,-0.8707,0.7336,-1.4981,0.8
0.5926,-0.8707,0.8339,-1.6711,1.0
0.5926,-0.8707,1.0159,-1.754,1.2
0.5926,-0.8707,1.0897,-1.7875,1.2811
0.5926,-0.8707,1.0897,-1.7875,1.2811
0.7753,-0.952,0.7232,-1.1451,0.2
0.7753,-0.952,0.8223,-1.3188,0.4
0.7753,-0.952,0.7336,-1.4981,0.6
0.7753,-0.952,0.8339,-1.6711,0.8
0.7753,-0.952,1.0159,-1.754,1.0
0.7753,-0.952,1.0897,-1.7875,1.0811
0.7753,-0.952,1.0897,-1.7875,1.0811
0.7232,-1.1451,0.8223,-1.3188,0.2
0.7232,-1.1451,0.7336,-1.4981,0.4
0.7232,-1.1451,0.8339,-1.6711,0.6
0.7232,-1.1451,1.0159,-1.754,0.8
0.7232,-1.1451,1.0897,-1.7875,0.8811
0.7232,-1.1451,1.0897,-1.7875,0.8811
0.8223,-1.3188,0.7336,-1.4981,0.2
0.8223,-1.3188,0.8339,-1.6711,0.4
0.8223,-1.3188,1.0159,-1.754,0.6
0.8223,-1.3188,1.0897,-1.7875,0.6811
0.8223,-1.3188,1.0897,-1.7875,0.6811
0.7336,-1.4981,0.8339,-1.6711,0.2
0.7336,-1.4981,1.0159,-1.754,0.4
0.7336,-1.4981,1.0897,-1.7875,0.4811
0.7336,-1.4981,1.0897,-1.7875,0.4811
0.8339,-1.6711,1.0159,-1.754,0.2
0.8339,-1.6711,1.0897,-1.7875,0.2811
0.8339,-1.6711,1.0897,-1.7875,0.2811
1.0159,-1.754,1.0897,-1.7875,0.0811
1.0159,-1.754,1.0897,-1.7875,0.0811
1.0897,-1.7875,1.0897,-1.7875,0.0
-1.7546,0.5929,-1.7657,0.3932,0.2
-1.7546,0.5929,-1.6633,0.2215,0.4
-1.7546,0.5929,-1.6254,0.0251,0.6
-1.7546,0.5929,-1.4427,-0.0562,0.8
-1.7546,0.5929,-1.2575,-0.1316,1.0
-1.7546,0.5929,-1.1757,-0.3142,1.2
-1.7546,0.5929,-0.9936,-0.2316,1.4
-1.7546,0.5929,-0.8253,-0.3397,1.6
-1.7546,0.5929,-0.6389,-0.4123,1.8
-1.7546,0.5929,-0.5425,-0.5875,2.0
-1.7546,0.5929,-0.3897,-0.7166,2.2
-1.7546,0.5929,-0.1983,-0.7746,2.4
-1.7546,0.5929,-0.0179,-0.8611,2.6
-1.7546,0.5929,0.142,-0.9811,2.8
-1.7546,0.5929,0.2343,-1.1585,3.0
-1.7546,0.5929,0.4205,-1.2315,3.2
-1.7546,0.5929,0.6067,-1.3045,3.4
-1.7546,0.5929,0.7698,-1.4204,3.6
-1.7546,0.5929,0.9402,-1.5251,3.8
-1.7546,0.5929,0.8942,-1.7198,4.0
-1.7546,0.5929,1.0914,-1.7533,4.2
-1.7546,0.5929,1.2886,-1.7868,4.4
-1.7546,0.5929,1.4114,-1.9446,4.6
-1.7546,0.5929,1.5846,-2.0447,4.8
-1.7546,0.5929,1.7822,-2.0135,5.0
-1.7546,0.5929,1.9805,-1.9874,5.2
-1.7546,0.5929,2.1788,-1.9614,5.4
-1.7546,0.5929,2.256,-1.9512,5.4779
-1.7546,0.5929,2.256,-1.9512,5.4779
-1.7657,0.3932,-1.6633,0.2215,0.2
-1.7657,0.3932,-1.6254,0.0251,0.4
-1.7657,0.3932,-1.4427,-0.0562,0.6
-1.7657,0.3932,-1.2575,-0.1316,0.8
-1.7657,0.3932,-1.1757,-0.3142,1.0
-1.7657,0.3932,-0.9936,-0.2316,1.2
-1.7657,0.3932,-0.8253,-0.3397,1.4
-1.7657,0.3932,-0.6389,-0.4123,1.6
-1.7657,0.3932,-0.5425,-0.5875,1.8
-1.7657,0.3932,-0.3897,-0.7166,2.0
-1.7657,0.3932,-0.1983,-0.7746,2.2
-1.7657,0.3932,-0.0179,-0.8611,2.4
-1.7657,0.3932,0.142,-0.9811,2.6
-1.7657,0.3932,0.2343,-1.1585,2.8
-1.7657,0.3932,0.4205,-1.2315,3.0
-1.7657,0.3932,0.6067,-1.3045,3.2
-1.7657,0.3932,0.7698,-1.4204,3.4
-1.7657,0.3932,0.9402,-1.5251,3.6
-1.7657,0.3932,0.8942,-1.7198,3.8
-1.7657,0.3932,1.0914,-1.7533,4.0
-1.7657,0.3932,1.2886,-1.7868,4.2
-1.7657,0.3932,1.4114,-1.9446,4.4
-1.7657,0.3932,1.5846,-2.0447,4.6
-1.7657,0.3932,1.7822,-2.0135,4.8
-1.7657,0.3932,1.9805,-1.9874,5.0
-1.7657,0.3932,2.1788,-1.9614,5.2
-1.7657,0.3932,2.256,-1.9512,5.2779
-1.7657,0.3932,2.256,-1.9512,5.2779
-1.6633,0.2215,-1.6254,0.0251,0.2
-1.6633,0.2215,-1.4427,-0.0562,0.4
-1.6633,0.2215,-1.2575,-0.1316,0.6
-1.6633,0.2215,-1.1757,-0.3142,0.8
-1.6633,0.2215,-0.9936,-0.2316,1.0
-1.6633,0.2215,-0.8253,-0.3397,1.2
-1.6633,0.2215,-0.6389,-0.4123,1.4
-1.6633,0.2215,-0.5425,-0.5875,1.6
-1.6633,0.2215,-0.3897,-0.7166,1.8
-1.6633,0.2215,-0.1983,-0.7746,2.0
-1.6633,0.2215,-0.0179,-0.8611,2.2
-1.6633,0.2215,0.142,-0.9811,2.4
-1.6633,0.2215,0.2343,-1.1585,2.6
-1.6633,0.2215,0.4205,-1.2315,2.8
-1.6633,0.2215,0.6067,-1.3045,3.0
-1.6633,0.2215,0.7698,-1.4204,3.2
-1.6633,0.2215,0.9402,-1.5251,3.4
-1.6633,0.2215,0.8942,-1.7198,3.6
-1.6633,0.2215,1.0914,-1.7533,3.8
-1.6633,0.2215,1.2886,-1.7868,4.0
-1.6633,0.2215,1.4114,-1.9446,4.2
-1.6633,0.2215,1.5846,-2.0447,4.4
-1.6633,0.2215,1.7822,-2.0135,4.6
-1.6633,0.2215,1.9805,-1.9874,4.8
-1.6633,0.2215,2.1788,-1.9614,5.0
-1.6633,0.2215,2.256,-1.9512,5.0779
-1.6633,0.2215,2.256,-1.9512,5.0779
-1.6254,0.0251,-1.4427,-0.0562,0.2
-1.6254,0.0251,-1.2575,-0.1316,0.4
-1.6254,0.0251,-1.1757,-0.3142,0.6
-1.6254,0.0251,-0.9936,-0.2316,0.8
-1.6254,0.0251,-0.8253,-0.3397,1.0
-1.6254,0.0251,-0.6389,-0.4123,1.2
-1.6254,0.0251,-0.5425,-0.5875,1.4
-1.6254,0.0251,-0.3897,-0.7166,1.6
-1.6254,0.0251,-0.1983,-0.7746,1.8
-1.6254,0.0251,-0.0179,-0.8611,2.0
-1.6254,0.0251,0.142,-0.9811,2.2
-1.6254,0.0251,0.2343,-1.1585,2.4
-1.6254,0.0251,0.4205,-1.2315,2.6
-1.6254,0.0251,0.6067,-1.3045,2.8
-1.6254,0.0251,0.7698,-1.4204,3.0
-1.6254,0.0251,0.9402,-1.5251,3.2
-1.6254,0.0251,0.8942,-1.7198,3.4
-1.6254,0.0251,1.0914,-1.7533,3.6
-1.6254,0.0251,1.2886,-1.7868,3.8
-1.6254,0.0251,1.4114,-1.9446,4.0
-1.6254,0.0251,1.5846,-2.0447,4.2
-1.6254,0.0251,1.7822,-2.0135,4.4
-1.6254,0.0251,1.9805,-1.9874,4.6
-1.6254,0.0251,2.1788,-1.9614,4.8
-1.6254,0.0251,2.256,-1.9512,4.8779
-1.6254,0.0251,2.256,-1.9512,4.8779
-1.4427,-0.0562,-1.2575,-0.1316,0.2
-1.4427,-0.0562,-1.1757,-0.3142,0.4
-1.4427,-0.0562,-0.9936,-0.2316,0.6
-1.4427,-0.0562,-0.8253,-0.3397,0.8
-1.4427,-0.0562,-0.6389,-0.4123,1.0
-1.4427,-0.0562,-0.5425,-0.5875,1.2
-1.4427,-0.0562,-0.3897,-0.7166,1.4
-1.4427,-0.0562,-0.1983,-0.7746,1.6
-1.4427,-0.0562,-0.0179,-0.8611,1.8
-1.4427,-0.0562,0.142,-0.9811,2.0
-1.4427,-0.0562,0.2343,-1.1585,2.2
-1.4427,-0.0562,0.4205,-1.2315,2.4
-1.4427,-0.0562,0.6067,-1.3045,2.6
-1.4427,-0.0562,0.7698,-1.4204,2.8
-1.4427,-0.0562,0.9402,-1.5251,3.0
-1.4427,-0.0562,0.8942,-1.7198,3.2
-1.4427,-0.0562,1.0914,-1.7533,3.4
-1.4427,-0.0562,1.2886,-1.7868,3.6
-1.4427,-0.0562,1.4114,-1.9446,3.8
-1.4427,-0.0562,1.5846,-2.0447,4.0
-1.4427,-0.0562,1.7822,-2.0135,4.2
-1.4427,-0.0562,1.9805,-1.9874,4.4
-1.4427,-0.0562,2.1788,-1.9614,4.6
-1.4427,-0.0562,2.256,-1.9512,4.6779
-1.4427,-0.0562,2.256,-1.9512,4.6779
-1.2575,-0.1316,-1.1757,-0.3142,0.2
-1.2575,-0.1316,-0.9936,-0.2316,0.4
-1.2575,-0.1316,-0.8253,-0.3397,0.6
-1.2575,-0.1316,-0.6389,-0.4123,0.8
-1.2575,-0.1316,-0.5425,-0.5875,1.0
-1.2575,-0.1316,-0.3897,-0.7166,1.2
-1.2575,-0.1316,-0.1983,-0.7746,1.4
-1.2575,-0.1316,-0.0179,-0.8611,1.6
-1.2575,-0.1316,0.142,-0.9811,1.8
-1.2575,-0.1316,0.2343,-1.1585,2.0
-1.2575,-0.1316,0.4205,-1.2315,2.2
-1.2575,-0.1316,0.6067,-1.3045,2.4
-1.2575,-0.1316,0.7698,-1.4204,2.6
-1.2575,-0.1316,0.9402,-1.5251,2.8
-1.2575,-0.1316,0.8942,-1.7198,3.0
-1.2575,-0.1316,1.0914,-1.7533,3.2
-1.2575,-0.1316,1.2886,-1.7868,3.4
-1.2575,-0.1316,1.4114,-1.9446,3.6
-1.2575,-0.1316,1.5846,-2.0447,3.8
-1.2575,-0.1316,1.7822,-2.0135,4.0
-1.2575,-0.1316,1.9805,-1.9874,4.2
-1.2575,-0.1316,2.1788,-1.9614,4.4
-1.2575,-0.1316,2.256,-1.9512,4.4779
-1.2575,-0.1316,2.256,-1.9512,4.4779
-1.1757,-0.3142,-0.9936,-0.2316,0.2
-1.1757,-0.3142,-0.8253,-0.3397,0.4
-1.1757,-0.3142,-0.6389,-0.4123,0.6
-1.1757,-0.3142,-0.5425,-0.5875,0.8
-1.1757,-0.3142,-0.3897,-0.7166,1.0
-1.1757,-0.3142,-0.1983,-0.7746,1.2
-1.1757,-0.3142,-0.0179,-0.8611,1.4
-1.1757,-0.3142,0.142,-0.9811,1.6
-1.1757,-0.3142,0.2343,-1.1585,1.8
-1.1757,-0.3142,0.4205,-1.2315,2.0
-1.1757,-0.3142,0.6067,-1.3045,2.2
-1.1757,-0.3142,0.7698,-1.4204,2.4
-1.1757,-0.3142,0.9402,-1.5251,2.6
-1.1757,-0.3142,0.8942,-1.7198,2.8
-1.1757,-0.3142,1.0914,-1.7533,3.0
-1.1757,-0.3142,1.2886,-1.7868,3.2
-1.1757,-0.3142,1.4114,-1.9446,3.4
-1.1757,-0.3142,1.5846,-2.0447,3.6
-1.1757,-0.3142,1.7822,-2.0135,3.8
-1.1757,-0.3142,1.9805,-1.9874,4.0
-1.1757,-0.3142,2.1788,-1.9614,4.2
-1.1757,-0.3142,2.256,-1.9512,4.2779
-1.1757,-0.3142,2.256,-1.9512,4.2779
-0.9936,-0.2316,-0.8253,-0.3397,0.2
-0.9936,-0.2316,-0.6389,-0.4123,0.4
-0.9936,-0.2316,-0.5425,-0.5875,0.6
-0.9936,-0.2316,-0.3897,-0.7166,0.8
-0.9936,-0.2316,-0.1983,-0.7746,1.0
-0.9936,-0.2316,-0.0179,-0.8611,1.2
-0.9936,-0.2316,0.142,-0.9811,1.4
-0.9936,-0.2316,0.2343,-1.1585,1.6
-0.9936,-0.2316,0.4205,-1.2315,1.8
-0.9936,-0.2316,0.6067,-1.3045,2.0
-0.9936,-0.2316,0.7698,-1.4204,2.2
-0.9936,-0.2316,0.9402,-1.5251,2.4
-0.9936,-0.2316,0.8942,-1.7198,2.6
-0.9936,-0.2316,1.0914,-1.7533,2.8
-0.9936,-0.2316,1.2886,-1.7868,3.0
-0.9936,-0.2316,1.4114,-1.9446,3.2
-0.9936,-0.2316,1.5846,-2.0447,3.4
-0.9936,-0.2316,1.7822,-2.0135,3.6
-0.9936,-0.2316,1.9805,-1.9874,3.8
-0.9936,-0.2316,2.1788,-1.9614,4.0
-0.9936,-0.2316,2.256,-1.9512,4.0779
-0.9936,-0.2316,2.256,-1.9512,4.0779
-0.8253,-0.3397,-0.6389,-0.4123,0.2
-0.8253,-0.3397,-0.5425,-0.5875,0.4
-0.8253,-0.3397,-0.3897,-0.7166,0.6
-0.8253,-0.3397,-0.1983,-0.7746,0.8
-0.8253,-0.3397,-0.0179,-0.8611,1.0
-0.8253,-0.3397,0.142,-0.9811,1.2
-0.8253,-0.3397,0.2343,-1.1585,1.4
-0.8253,-0.3397,0.4205,-1.2315,1.6
-0.8253,-0.3397,0.6067,-1.3045,1.8
-0.8253,-0.3397,0.7698,-1.4204,2.0
-0.8253,-0.3397,0.9402,-1.5251,2.2
-0.8253,-0.3397,0.8942,-1.7198,2.4
-0.8253,-0.3397,1.0914,-1.7533,2.6
-0.8253,-0.3397,1.2886,-1.7868,2.8
-0.8253,-0.3397,1.4114,-1.9446,3.0
-0.8253,-0.3397,1.5846,-2.0447,3.2
-0.8253,-0.3397,1.7822,-2.0135,3.4
-0.8253,-0.3397,1.9805,-1.9874,3.6
-0.8253,-0.3397,2.1788,-1.9614,3.8
-0.8253,-0.3397,2.256,-1.9512,3.8779
-0.8253,-0.3397,2.256,-1.9512,3.8779
-0.6389,-0.4123,-0.5425,-0.5875,0.2
-0.6389,-0.4123,-0.3897,-0.7166,0.4
-0.6389,-0.4123,-0.1983,-0.7746,0.6
-0.6389,-0.4123,-0.0179,-0.8611,0.8
-0.6389,-0.4123,0.142,-0.9811,1.0
-0.6389,-0.4123,0.2343,-1.1585,1.2
-0.6389,-0.4123,0.4205,-1.2315,1.4
-0.6389,-0.4123,0.6067,-1.3045,1.6
-0.6389,-0.4123,0.7698,-1.4204,1.8
-0.6389,-0.4123,0.9402,-1.5251,2.0
-0.6389,-0.4123,0.8942,-1.7198,2.2
-0.6389,-0.4123,1.0914,-1.7533,2.4
-0.6389,-0.4123,1.2886,-1.7868,2.6
-0.6389,-0.4123,1.4114,-1.9446,2.8
-0.6389,-0.4123,1.5846,-2.0447,3.0
-0.6389,-0.4123,1.7822,-2.0135,3.2
-0.6389,-0.4123,1.9805,-1.9874,3.4
-0.6389,-0.4123,2.1788,-1.9614,3.6
-0.6389,-0.4123,2.256,-1.9512,3.6779
-0.6389,-0.4123,2.256,-1.9512,3.6779
-0.5425,-0.5875,-0.3897,-0.7166,0.2
-0.5425,-0.5875,-0.1983,-0.7746,0.4
-0.5425,-0.5875,-0.0179,-0.8611,0.6
-0.5425,-0.5875,0.142,-0.9811,0.8
-0.5425,-0.5875,0.2343,-1.1585,1.0
-0.5425,-0.5875,0.4205,-1.2315,1.2
-0.5425,-0.5875,0.6067,-1.3045,1.4
-0.5425,-0.5875,0.7698,-1.4204,1.6
-0.5425,-0.5875,0.9402,-1.5251,1.8
-0.5425,-0.5875,0.8942,-1.7198,2.0
-0.5425,-0.5875,1.0914,-1.7533,2.2
-0.5425,-0.5875,1.2886,-1.7868,2.4
-0.5425,-0.5875,1.4114,-1.9446,2.6
-0.5425,-0.5875,1.5846,-2.0447,2.8
-0.5425,-0.5875,1.7822,-2.0135,3.0
-0.5425,-0.5875,1.9805,-1.9874,3.2
-0.5425,-0.5875,2.1788,-1.9614,3.4
-0.5425,-0.5875,2.256,-1.9512,3.4779
-0.5425,-0.5875,2.256,-1.9512,3.4779
-0.3897,-0.7166,-0.1983,-0.7746,0.2
-0.3897,-0.7166,-0.0179,-0.8611,0.4
-0.3897,-0.7166,0.142,-0.9811,0.6
-0.3897,-0.7166,0.2343,-1.1585,0.8
-0.3897,-0.7166,0.4205,-1.2315,1.0
-0.3897,-0.7166,0.6067,-1.3045,1.2
-0.3897,-0.7166,0.7698,-1.4204,1.4
-0.3897,-0.7166,0.9402,-1.5251,1.6
-0.3897,-0.7166,0.8942,-1.7198,1.8
-0.3897,-0.7166,1.0914,-1.7533,2.0
-0.3897,-0.7166,1.2886,-1.7868,2.2
-0.3897,-0.7166,1.4114,-1.9446,2.4
-0.3897,-0.7166,1.5846,-2.0447,2.6
-0.3897,-0.7166,1.7822,-2.0135,2.8
-0.3897,-0.7166,1.9805,-1.9874,3.0
-0.3897,-0.7166,2.1788,-1.9614,3.2
-0.3897,-0.7166,2.256,-1.9512,3.2779
-0.3897,-0.7166,2.256,-1.9512,3.2779
-0.1983,-0.7746,-0.0179,-0.8611,0.2
-0.1983,-0.7746,0.142,-0.9811,0.4
-0.1983,-0.7746,0.2343,-1.1585,0.6
-0.1983,-0.7746,0.4205,-1.2315,0.8
-0.1983,-0.7746,0.6067,-1.3045,1.0
-0.1983,-0.7746,0.7698,-1.4204,1.2
-0.1983,-0.7746,0.9402,-1.5251,1.4
-0.1983,-0.7746,0.8942,-1.7198,1.6
-0.1983,-0.7746,1.0914,-1.7533,1.8
-0.1983,-0.7746,1.2886,-1.7868,2.0
-0.1983,-0.7746,1.4114,-1.9446,2.2
-0.1983,-0.7746,1.5846,-2.0447,2.4
-0.1983,-0.7746,1.7822,-2.0135,2.6
-0.1983,-0.7746,1.9805,-1.9874,2.8
-0.1983,-0.7746,2.1788,-1.9614,3.0
-0.1983,-0.7746,2.256,-1.9512,3.0779
-0.1983,-0.7746,2.256,-1.9512,3.0779
-0.0179,-0.8611,0.142,-0.9811,0.2
-0.0179,-0.8611,0.2343,-1.1585,0.4
-0.0179,-0.8611,0.4205,-1.2315,0.6
-0.0179,-0.8611,0.6067,-1.3045,0.8
-0.0179,-0.8611,0.7698,-1.4204,1.0
-0.0179,-0.8611,0.9402,-1.5251,1.2
-0.0179,-0.8611,0.8942,-1.7198,1.4
-0.0179,-0.8611,1.0914,-1.7533,1.6
-0.0179,-0.8611,1.2886,-1.7868,1.8
-0.0179,-0.8611,1.4114,-1.9446,2.0
-0.0179,-0.8611,1.5846,-2.0447,2.2
-0.0179,-0.8611,1.7822,-2.0135,2.4
-0.0179,-0.8611,1.9805,-1.9874,2.6
-0.0179,-0.8611,2.1788,-1.9614,2.8
-0.0179,-0.8611,2.256,-1.9512,2.8779
-0.0179,-0.8611,2.256,-1.9512,2.8779
0.142,-0.9811,0.2343,-1.1585,0.2
0.142,-0.9811,0.4205,-1.2315,0.4
0.142,-0.9811,0.6067,-1.3045,0.6
0.142,-0.9811,0.7698,-1.4204,0.8
0.142,-0.9811,0.9402,-1.5251,1.0
0.142,-0.9811,0.8942,-1.7198,1.2
0.142,-0.9811,1.0914,-1.7533,1.4
0.142,-0.9811,1.2886,-1.7868,1.6
0.142,-0.9811,1.4114,-1.9446,1.8
0.142,-0.9811,1.5846,-2.0447,2.0
0.142,-0.9811,1.7822,-2.0135,2.2
0.142,-0.9811,1.9805,-1.9874,2.4
0.142,-0.9811,2.1788,-1.9614,2.6
0.142,-0.9811,2.256,-1.9512,2.6779
0.142,-0.9811,2.256,-1.9512,2.6779
0.2343,-1.1585,0.4205,-1.2315,0.2
0.2343,-1.1585,0.6067,-1.3045,0.4
0.2343,-1.1585,0.7698,-1.4204,0.6
0.2343,-1.1585,0.9402,-1.5251,0.8
0.2343,-1.1585,0.8942,-1.7198,1.0
0.2343,-1.1585,1.0914,-1.7533,1.2
0.2343,-1.1585,1.2886,-1.7868,1.4
0.2343,-1.1585,1.4114,-1.9446,1.6
0.2343,-1.1585,1.5846,-2.0447,1.8
0.2343,-1.1585,1.7822,-2.0135,2.0
0.2343,-1.1585,1.9805,-1.9874,2.2
0.2343,-1.1585,2.1788,-1.9614,2.4
0.2343,-1.1585,2.256,-1.9512,2.4779
0.2343,-1.1585,2.256,-1.9512,2.4779
0.4205,-1.2315,0.6067,-1.3045,0.2
0.4205,-1.2315,0.7698,-1.4204,0.4
0.4205,-1.2315,0.9402,-1.5251,0.6
0.4205,-1.2315,0.8942,-1.7198,0.8
0.4205,-1.2315,1.0914,-1.7533,1.0
0.4205,-1.2315,1.2886,-1.7868,1.2
0.4205,-1.2315,1.4114,-1.9446,1.4
0.4205,-1.2315,1.5846,-2.0447,1.6
0.4205,-1.2315,1.7822,-2.0135,1.8
0.4205,-1.2315,1.9805,-1.9874,2.0
0.4205,-1.2315,2.1788,-1.9614,2.2
0.4205,-1.2315,2.256,-1.9512,2.2779
0.4205,-1.2315,2.256,-1.9512,2.2779
0.6067,-1.3045,0.7698,-1.4204,0.2
0.6067,-1.3045,0.9402,-1.5251,0.4
0.6067,-1.3045,0.8942,-1.7198,0.6
0.6067,-1.3045,1.0914,-1.7533,0.8
0.6067,-1.3045,1.2886,-1.7868,1.0
0.6067,-1.3045,1.4114,-1.9446,1.2
0.6067,-1.3045,1.5846,-2.0447,1.4
0.6067,-1.3045,1.7822,-2.0135,1.6
0.6067,-1.3045,1.9805,-1.9874,1.8
0.6067,-1.3045,2.1788,-1.9614,2.0
0.6067,-1.3045,2.256,-1.9512,2.0779
0.6067,-1.3045,2.256,-1.9512,2.0779
0.7698,-1.4204,0.9402,-1.5251,0.2
0.7698,-1.4204,0.8942,-1.7198,0.4
0.7698,-1.4204,1.0914,-1.7533,0.6
0.7698,-1.4204,1.2886,-1.7868,0.8
0.7698,-1.4204,1.4114,-1.9446,1.0
0.7698,-1.4204,1.5846,-2.0447,1.2
0.7698,-1.4204,1.7822,-2.0135,1.4
0.7698,-1.4204,1.9805,-1.9874,1.6
0.7698,-1.4204,2.1788,-1.9614,1.8
0.7698,-1.4204,2.256,-1.9512,1.8779
0.7698,-1.4204,2.256,-1.9512,1.8779
0.9402,-1.5251,0.8942,-1.7198,0.2
0.9402,-1.5251,1.0914,-1.7533,0.4
0.9402,-1.5251,1.2886,-1.7868,0.6
0.9402,-1.5251,1.4114,-1.9446,0.8
0.9402,-1.5251,1.5846,-2.0447,1.0
0.9402,-1.5251,1.7822,-2.0135,1.2
0.9402,-1.5251,1.9805,-1.9874,1.4
0.9402,-1.5251,2.1788,-1.9614,1.6
0.9402,-1.5251,2.256,-1.9512,1.6779
0.9402,-1.5251,2.256,-1.9512,1.6779
0.8942,-1.7198,1.0914,-1.7533,0.2
0.8942,-1.7198,1.2886,-1.7868,0.4
0.8942,-1.7198,1.4114,-1.9446,0.6
0.8942,-1.7198,1.5846,-2.0447,0.8
0.8942,-1.7198,1.7822,-2.0135,1.0
0.8942,-1.7198,1.9805,-1.9874,1.2
0.8942,-1.7198,2.1788,-1.9614,1.4
0.8942,-1.7198,2.256,-1.9512,1.4779
0.8942,-1.7198,2.256,-1.9512,1.4779
1.0914,-1.7533,1.2886,-1.7868,0.2
1.0914,-1.7533,1.4114,-1.9446,0.4
1.0914,-1.7533,1.5846,-2.0447,0.6
1.0914,-1.7533,1.7822,-2.0135,0.8
1.0914,-1.7533,1.9805,-1.9874,1.0
1.0914,-1.7533,2.1788,-1.9614,1.2
1.0914,-1.7533,2.256,-1.9512,1.2779
1.0914,-1.7533,2.256,-1.9512,1.2779
1.2886,-1.7868,1.4114,-1.9446,0.2
1.2886,-1.7868,1.5846,-2.0447,0.4
1.2886,-1.7868,1.7822,-2.0135,0.6
1.2886,-1.7868,1.9805,-1.9874,0.8
1.2886,-1.7868,2.1788,-1.9614,1.0
1.2886,-1.7868,2.256,-1.9512,1.0779
1.2886,-1.7868,2.256,-1.9512,1.0779
1.4114,-1.9446,1.5846,-2.0447,0.2
1.4114,-1.9446,1.7822,-2.0135,0.4
1.4114,-1.9446,1.9805,-1.9874,0.6
1.4114,-1.9446,2.1788,-1.9614,0.8
1.4114,-1.9446,2.256,-1.9512,0.8779
1.4114,-1.9446,2.256,-1.9512,0.8779
1.5846,-2.0447,1.7822,-2.0135,0.2
1.5846,-2.0447,1.9805,-1.9874,0.4
1.5846,-2.0447,2.1788,-1.9614,0.6
1.5846,-2.0447,2.256,-1.9512,0.6779
1.5846,-2.0447,2.256,-1.9512,0.6779
1.7822,-2.0135,1.9805,-1.9874,0.2
1.7822,-2.0135,2.1788,-1.9614,0.4
1.7822,-2.0135,2.256,-1.9512,0.4779
1.7822,-2.0135,2.256,-1.9512,0.4779
1.9805,-1.9874,2.1788,-1.9614,0.2
1.9805,-1.9874,2.256,-1.9512,0.2779
1.9805,-1.9874,2.256,-1.9512,0.2779
2.1788,-1.9614,2.256,-1.9512,0.0779
2.1788,-1.9614,2.256,-1.9512,0.0779
2.256,-1.9512,2.256,-1.9512,0.0
-0.8803,2.3242,-0.8436,2.1276,0.2
-0.8803,2.3242,-0.7748,1.9398,0.4
-0.8803,2.3242,-0.6658,1.7721,0.6
-0.8803,2.3242,-0.5318,1.6237,0.8
-0.8803,2.3242,-0.3636,1.5155,1.0
-0.8803,2.3242,-0.1703,1.4638,1.2
-0.8803,2.3242,-0.122,1.2698,1.4
-0.8803,2.3242,-0.0523,1.0823,1.6
-0.8803,2.3242,-0.1735,0.9232,1.8
-0.8803,2.3242,-0.3297,0.7983,2.0
-0.8803,2.3242,-0.4732,0.659,2.2
-0.8803,2.3242,-0.4017,0.4722,2.4
-0.8803,2.3242,-0.4232,0.2734,2.6
-0.8803,2.3242,-0.3771,0.0788,2.8
-0.8803,2.3242,-0.3697,-0.1211,3.0
-0.8803,2.3242,-0.3204,-0.3149,3.2
-0.8803,2.3242,-0.1508,-0.4209,3.4
-0.8803,2.3242,-0.1049,-0.6155,3.6
-0.8803,2.3242,0.0592,-0.7299,3.8
-0.8803,2.3242,0.2512,-0.7856,4.0
-0.8803,2.3242,0.4501,-0.8067,4.2
-0.8803,2.3242,0.6496,-0.7927,4.4
-0.8803,2.3242,0.7835,-0.9413,4.6
-0.8803,2.3242,0.9618,-1.0317,4.8
-0.8803,2.3242,1.1224,-1.1509,5.0
-0.8803,2.3242,1.2544,-1.3012,5.2
-0.8803,2.3242,1.3864,-1.4515,5.4
-0.8803,2.3242,1.5821,-1.4924,5.6
-0.8803,2.3242,1.6782,-1.6678,5.8
-0.8803,2.3242,1.7742,-1.8433,6.0
-0.8803,2.3242,1.8466,-1.9756,6.1509
-0.8803,2.3242,1.8466,-1.9756,6.1509
-0.8436,2.1276,-0.7748,1.9398,0.2
-0.8436,2.1276,-0.6658,1.7721,0.4
-0.8436,2.1276,-0.5318,1.6237,0.6
-0.8436,2.1276,-0.3636,1.5155,0.8
-0.8436,2.1276,-0.1703,1.4638,1.0
-0.8436,2.1276,-0.122,1.2698,1.2
-0.8436,2.1276,-0.0523,1.0823,1.4
-0.8436,2.1276,-0.1735,0.9232,1.6
-0.8436,2.1276,-0.3297,0.7983,1.8
-0.8436,2.1276,-0.4732,0.659,2.0
-0.8436,2.1276,-0.4017,0.4722,2.2
-0.8436,2.1276,-0.4232,0.2734,2.4
-0.8436,2.1276,-0.3771,0.0788,2.6
-0.8436,2.1276,-0.3697,-0.1211,2.8
-0.8436,2.1276,-0.3204,-0.3149,3.0
-0.8436,2.1276,-0.1508,-0.4209,3.2
-0.8436,2.1276,-0.1049,-0.6155,3.4
-0.8436,2.1276,0.0592,-0.7299,3.6
-0.8436,2.1276,0.2512,-0.7856,3.8
-0.8436,2.1276,0.4501,-0.8067,4.0
-0.8436,2.1276,0.6496,-0.7927,4.2
-0.8436,2.1276,0.7835,-0.9413,4.4
-0.8436,2.1276,0.9618,-1.0317,4.6
-0.8436,2.1276,1.1224,-1.1509,4.8
-0.8436,2.1276,1.2544,-1.3012,5.0
-0.8436,2.1276,1.3864,-1.4515,5.2
-0.8436,2.1276,1.5821,-1.4924,5.4
-0.8436,2.1276,1.6782,-1.6678,5.6
-0.8436,2.1276,1.7742,-1.8433,5.8
-0.8436,2.1276,1.8466,-1.9756,5.9509
-0.8436,2.1276,1.8466,-1.9756,5.9509
-0.7748,1.9398,-0.6658,1.7721,0.2
-0.7748,1.9398,-0.5318,1.6237,0.4
-0.7748,1.9398,-0.3636,1.5155,0.6
-0.7748,1.9398,-0.1703,1.4638,0.8
-0.7748,1.9398,-0.122,1.2698,1.0
-0.7748,1.9398,-0.0523,1.0823,1.2
-0.7748,1.9398,-0.1735,0.9232,1.4
-0.7748,1.9398,-0.3297,0.7983,1.6
-0.7748,1.9398,-0.4732,0.659,1.8
-0.7748,1.9398,-0.4017,0.4722,2.0
-0.7748,1.9398,-0.4232,0.2734,2.2
-0.7748,1.9398,-0.3771,0.0788,2.4
-0.7748,1.9398,-0.3697,-0.1211,2.6
-0.7748,1.9398,-0.3204,-0.3149,2.8
-0.7748,1.9398,-0.1508,-0.4209,3.0
-0.7748,1.9398,-0.1049,-0.6155,3.2
-0.7748,1.9398,0.0592,-0.7299,3.4
-0.7748,1.9398,0.2512,-0.7856,3.6
-0.7748,1.9398,0.4501,-0.8067,3.8
-0.7748,1.9398,0.6496,-0.7927,4.0
-0.7748,1.9398,0.7835,-0.9413,4.2
-0.7748,1.9398,0.9618,-1.0317,4.4
-0.7748,1.9398,1.1224,-1.1509,4.6
-0.7748,1.9398,1.2544,-1.3012,4.8
-0.7748,1.9398,1.3864,-1.4515,5.0
-0.7748,1.9398,1.5821,-1.4924,5.2
-0.7748,1.9398,1.6782,-1.6678,5.4
-0.7748,1.9398,1.7742,-1.8433,5.6
-0.7748,1.9398,1.8466,-1.9756,5.7509
-0.7748,1.9398,1.8466,-1.9756,5.7509
-0.6658,1.7721,-0.5318,1.6237,0.2
-0.6658,1.7721,-0.3636,1.5155,0.4
-0.6658,1.7721,-0.1703,1.4638,0.6
-0.6658,1.7721,-0.122,1.2698,0.8
-0.6658,1.7721,-0.0523,1.0823,1.0
-0.6658,1.7721,-0.1735,0.9232,1.2
-0.6658,1.7721,-0.3297,0.7983,1.4
-0.6658,1.7721,-0.4732,0.659,1.6
-0.6658,1.7721,-0.4017,0.4722,1.8
-0.6658,1.7721,-0.4232,0.2734,2.0
-0.6658,1.7721,-0.3771,0.0788,2.2
-0.6658,1.7721,-0.3697,-0.1211,2.4
-0.6658,1.7721,-0.3204,-0.3149,2.6
-0.6658,1.7721,-0.1508,-0.4209,2.8
-0.6658,1.7721,-0.1049,-0.6155,3.0
-0.6658,1.7721,0.0592,-0.7299,3.2
-0.6658,1.7721,0.2512,-0.7856,3.4
-0.6658,1.7721,0.4501,-0.8067,3.6
-0.6658,1.7721,0.6496,-0.7927,3.8
-0.6658,1.7721,0.7835,-0.9413,4.0
-0.6658,1.7721,0.9618,-1.0317,4.2
-0.6658,1.7721,1.1224,-1.1509,4.4
-0.6658,1.7721,1.2544,-1.3012,4.6
-0.6658,1.7721,1.3864,-1.4515,4.8
-0.6658,1.7721,1.5821,-1.4924,5.0
-0.6658,1.7721,1.6782,-1.6678,5.2
-0.6658,1.7721,1.7742,-1.8433,5.4
-0.6658,1.7721,1.8466,-1.9756,5.5509
-0.6658,1.7721,1.8466,-1.9756,5.5509
-0.5318,1.6237,-0.3636,1.5155,0.2
-0.5318,1.6237,-0.1703,1.4638,0.4
-0.5318,1.6237,-0.122,1.2698,0.6
-0.5318,1.6237,-0.0523,1.0823,0.8
-0.5318,1.6237,-0.1735,0.9232,1.0
-0.5318,1.6237,-0.3297,0.7983,1.2
-0.5318,1.6237,-0.4732,0.659,1.4
-0.5318,1.6237,-0.4017,0.4722,1.6
-0.5318,1.6237,-0.4232,0.2734,1.8
-0.5318,1.6237,-0.3771,0.0788,2.0
-0.5318,1.6237,-0.3697,-0.1211,2.2
-0.5318,1.6237,-0.3204,-0.3149,2.4
-0.5318,1.6237,-0.1508,-0.4209,2.6
-0.5318,1.6237,-0.1049,-0.6155,2.8
-0.5318,1.6237,0.0592,-0.7299,3.0
-0.5318,1.6237,0.2512,-0.7856,3.2
-0.5318,1.6237,0.4501,-0.8067,3.4
-0.5318,1.6237,0.6496,-0.7927,3.6
-0.5318,1.6237,0.7835,-0.9413,3.8
-0.5318,1.6237,0.9618,-1.0317,4.0
-0.5318,1.6237,1.1224,-1.1509,4.2
-0.5318,1.6237,1.2544,-1.3012,4.4
-0.5318,1.6237,1.3864,-1.4515,4.6
-0.5318,1.6237,1.5821,-1.4924,4.8
-0.5318,1.6237,1.6782,-1.6678,5.0
-0.5318,1.6237,1.7742,-1.8433,5.2
-0.5318,1.6237,1.8466,-1.9756,5.3509
-0.5318,1.6237,1.8466,-1.9756,5.3509
-0.3636,1.5155,-0.1703,1.4638,0.2
-0.3636,1.5155,-0.122,1.2698,0.4
-0.3636,1.5155,-0.0523,1.0823,0.6
-0.3636,1.5155,-0.1735,0.9232,0.8
-0.3636,1.5155,-0.3297,0.7983,1.0
-0.3636,1.5155,-0.4732,0.659,1.2
-0.3636,1.5155,-0.4017,0.4722,1.4
-0.3636,1.5155,-0.4232,0.2734,1.6
-0.3636,1.5155,-0.3771,0.0788,1.8
-0.3636,1.5155,-0.3697,-0.1211,2.0
-0.3636,1.5155,-0.3204,-0.3149,2.2
-0.3636,1.5155,-0.1508,-0.4209,2.4
-0.3636,1.5155,-0.1049,-0.6155,2.6
-0.3636,1.5155,0.0592,-0.7299,2.8
-0.3636,1.5155,0.2512,-0.7856,3.0
-0.3636,1.5155,0.4501,-0.8067,3.2
-0.3636,1.5155,0.6496,-0.7927,3.4
-0.3636,1.5155,0.7835,-0.9413,3.6
-0.3636,1.5155,0.9618,-1.0317,3.8
-0.3636,1.5155,1.1224,-1.1509,4.0
-0.3636,1.5155,1.2544,-1.3012,4.2
-0.3636,1.5155,1.3864,-1.4515,4.4
-0.3636,1.5155,1.5821,-1.4924,4.6
-0.3636,1.5155,1.6782,-1.6678,4.8
-0.3636,1.5155,1.7742,-1.8433,5.0
-0.3636,1.5155,1.8466,-1.9756,5.1509
-0.3636,1.5155,1.8466,-1.9756,5.1509
-0.1703,1.4638,-0.122,1.2698,0.2
-0.1703,1.4638,-0.0523,1.0823,0.4
-0.1703,1.4638,-0.1735,0.9232,0.6
-0.1703,1.4638,-0.3297,0.7983,0.8
-0.1703,1.4638,-0.4732,0.659,1.0
-0.1703,1.4638,-0.4017,0.4722,1.2
-0.1703,1.4638,-0.4232,0.2734,1.4
-0.1703,1.4638,-0.3771,0.0788,1.6
-0.1703,1.4638,-0.3697,-0.1211,1.8
-0.1703,1.4638,-0.3204,-0.3149,2.0
-0.1703,1.4638,-0.1508,-0.4209,2.2
-0.1703,1.4638,-0.1049,-0.6155,2.4
-0.1703,1.4638,0.0592,-0.7299,2.6
-0.1703,1.4638,0.2512,-0.7856,2.8
-0.1703,1.4638,0.4501,-0.8067,3.0
-0.1703,1.4638,0.6496,-0.7927,3.2
-0.1703,1.4638,0.7835,-0.9413,3.4
-0.1703,1.4638,0.9618,-1.0317,3.6
-0.1703,1.4638,1.1224,-1.1509,3.8
-0.1703,1.4638,1.2544,-1.3012,4.0
-0.1703,1.4638,1.3864,-1.4515,4.2
-0.1703,1.4638,1.5821,-1.4924,4.4
-0.1703,1.4638,1.6782,-1.6678,4.6
-0.1703,1.4638,1.7742,-1.8433,4.8
-0.1703,1.4638,1.8466,-1.9756,4.9509
-0.1703,1.4638,1.8466,-1.9756,4.9509
-0.122,1.2698,-0.0523,1.0823,0.2
-0.122,1.2698,-0.1735,0.9232,0.4
-0.122,1.2698,-0.3297,0.7983,0.6
-0.122,1.2698,-0.4732,0.659,0.8
-0.122,1.2698,-0.4017,0.4722,1.0
-0.122,1.2698,-0.4232,0.2734,1.2
-0.122,1.2698,-0.3771,0.0788,1.4
-0.122,1.2698,-0.3697,-0.1211,1.6
-0.122,1.2698,-0.3204,-0.3149,1.8
-0.122,1.2698,-0.1508,-0.4209,2.0
-0.122,1.2698,-0.1049,-0.6155,2.2
-0.122,1.2698,0.0592,-0.7299,2.4
-0.122,1.2698,0.2512,-0.7856,2.6
-0.122,1.2698,0.4501,-0.8067,2.8
-0.122,1.2698,0.6496,-0.7927,3.0
-0.122,1.2698,0.7835,-0.9413,3.2
-0.122,1.2698,0.9618,-1.0317,3.4
-0.122,1.2698,1.1224,-1.1509,3.6
-0.122,1.2698,1.2544,-1.3012,3.8
-0.122,1.2698,1.3864,-1.4515,4.0
-0.122,1.2698,1.5821,-1.4924,4.2
-0.122,1.2698,1.6782,-1.6678,4.4
-0.122,1.2698,1.7742,-1.8433,4.6
-0.122,1.2698,1.8466,-1.9756,4.7509
-0.122,1.2698,1.8466,-1.9756,4.7509
-0.0523,1.0823,-0.1735,0.9232,0.2
-0.0523,1.0823,-0.3297,0.7983,0.4
-0.0523,1.0823,-0.4732,0.659,0.6
-0.0523,1.0823,-0.4017,0.4722,0.8
-0.0523,1.0823,-0.4232,0.2734,1.0
-0.0523,1.0823,-0.3771,0.0788,1.2
-0.0523,1.0823,-0.3697,-0.1211,1.4
-0.0523,1.0823,-0.3204,-0.3149,1.6
-0.0523,1.0823,-0.1508,-0.4209,1.8
-0.0523,1.0823,-0.1049,-0.6155,2.0
-0.0523,1.0823,0.0592,-0.7299,2.2
-0.0523,1.0823,0.2512,-0.7856,2.4
-0.0523,1.0823,0.4501,-0.8067,2.6
-0.0523,1.0823,0.6496,-0.7927,2.8
-0.0523,1.0823,0.7835,-0.9413,3.0
-0.0523,1.0823,0.9618,-1.0317,3.2
-0.0523,1.0823,1.1224,-1.1509,3.4
-0.0523,1.0823,1.2544,-1.3012,3.6
-0.0523,1.0823,1.3864,-1.4515,3.8
-0.0523,1.0823,1.5821,-1.4924,4.0
-0.0523,1.0823,1.6782,-1.6678,4.2
-0.0523,1.0823,1.7742,-1.8433,4.4
-0.0523,1.0823,1.8466,-1.9756,4.5509
-0.0523,1.0823,1.8466,-1.9756,4.5509
-0.1735,0.9232,-0.3297,0.7983,0.2
-0.1735,0.9232,-0.4732,0.659,0.4
-0.1735,0.9232,-0.4017,0.4722,0.6
-0.1735,0.9232,-0.4232,0.2734,0.8
-0.1735,0.9232,-0.3771,0.0788,1.0
-0.1735,0.9232,-0.3697,-0.1211,1.2
-0.1735,0.9232,-0.3204,-0.3149,1.4
-0.1735,0.9232,-0.1508,-0.4209,1.6
-0.1735,0.9232,-0.1049,-0.6155,1.8
-0.1735,0.9232,0.0592,-0.7299,2.0
-0.1735,0.9232,0.2512,-0.7856,2.2
-0.1735,0.9232,0.4501,-0.8067,2.4
-0.1735,0.9232,0.6496,-0.7927,2.6
-0.1735,0.9232,0.7835,-0.9413,2.8
-0.1735,0.9232,0.9618,-1.0317,3.0
-0.1735,0.9232,1.1224,-1.1509,3.2
-0.1735,0.9232,1.2544,-1.3012,3.4
-0.1735,0.9232,1.3864,-1.4515,3.6
-0.1735,0.9232,1.5821,-1.4924,3.8
-0.1735,0.9232,1.6782,-1.6678,4.0
-0.1735,0.9232,1.7742,-1.8433,4.2
-0.1735,0.9232,1.8466,-1.9756,4.3509
-0.1735,0.9232,1.8466,-1.9756,4.3509
-0.3297,0.7983,-0.4732,0.659,0.2
-0.3297,0.7983,-0.4017,0.4722,0.4
-0.3297,0.7983,-0.4232,0.2734,0.6
-0.3297,0.7983,-0.3771,0.0788,0.8
-0.3297,0.7983,-0.3697,-0.1211,1.0
-0.3297,0.7983,-0.3204,-0.3149,1.2
-0.3297,0.7983,-0.1508,-0.4209,1.4
-0.3297,0.7983,-0.1049,-0.6155,1.6
-0.3297,0.7983,0.0592,-0.7299,1.8
-0.3297,0.7983,0.2512,-0.7856,2.0
-0.3297,0.7983,0.4501,-0.8067,2.2
-0.3297,0.7983,0.6496,-0.7927,2.4
-0.3297,0.7983,0.7835,-0.9413,2.6
-0.3297,0.7983,0.9618,-1.0317,2.8
-0.3297,0.7983,1.1224,-1.1509,3.0
-0.3297,0.7983,1.2544,-1.3012,3.2
-0.3297,0.7983,1.3864,-1.4515,3.4
-0.3297,0.7983,1.5821,-1.4924,3.6
-0.3297,0.7983,1.6782,-1.6678,3.8
-0.3297,0.7983,1.7742,-1.8433,4.0
-0.3297,0.7983,1.8466,-1.9756,4.1509
-0.3297,0.7983,1.8466,-1.9756,4.1509
-0.4732,0.659,-0.4017,0.4722,0.2
-0.4732,0.659,-0.4232,0.2734,0.4
-0.4732,0.659,-0.3771,0.0788,0.6
-0.4732,0.659,-0.3697,-0.1211,0.8
-0.4732,0.659,-0.3204,-0.3149,1.0
-0.4732,0.659,-0.1508,-0.4209,1.2
-0.4732,0.659,-0.1049,-0.6155,1.4
-0.4732,0.659,0.0592,-0.7299,1.6
-0.4732,0.659,0.2512,-0.7856,1.8
-0.4732,0.659,0.4501,-0.8067,2.0
-0.4732,0.659,0.6496,-0.7927,2.2
-0.4732,0.659,0.7835,-0.9413,2.4
-0.4732,0.659,0.9618,-1.0317,2.6
-0.4732,0.659,1.1224,-1.1509,2.8
-0.4732,0.659,1.2544,-1.3012,3.0
-0.4732,0.659,1.3864,-1.4515,3.2
-0.4732,0.659,1.5821,-1.4924,3.4
-0.4732,0.659,1.6782,-1.6678,3.6
-0.4732,0.659,1.7742,-1.8433,3.8
-0.4732,0.659,1.8466,-1.9756,3.9509
-0.4732,0.659,1.8466,-1.9756,3.9509
-0.4017,0.4722,-0.4232,0.2734,0.2
-0.4017,0.4722,-0.3771,0.0788,0.4
-0.4017,0.4722,-0.3697,-0.1211,0.6
-0.4017,0.4722,-0.3204,-0.3149,0.8
-0.4017,0.4722,-0.1508,-0.4209,1.0
-0.4017,0.4722,-0.1049,-0.6155,1.2
-0.4017,0.4722,0.0592,-0.7299,1.4
-0.4017,0.4722,0.2512,-0.7856,1.6
-0.4017,0.4722,0.4501,-0.8067,1.8
-0.4017,0.4722,0.6496,-0.7927,2.0
-0.4017,0.4722,0.7835,-0.9413,2.2
-0.4017,0.4722,0.9618,-1.0317,2.4
-0.4017,0.4722,1.1224,-1.1509,2.6
-0.4017,0.4722,1.2544,-1.3012,2.8
-0.4017,0.4722,1.3864,-1.4515,3.0
-0.4017,0.4722,1.5821,-1.4924,3.2
-0.4017,0.4722,1.6782,-1.6678,3.4
-0.4017,0.4722,1.7742,-1.8433,3.6
-0.4017,0.4722,1.8466,-1.9756,3.7509
-0.4017,0.4722,1.8466,-1.9756,3.7509
-0.4232,0.2734,-0.3771,0.0788,0.2
-0.4232,0.2734,-0.3697,-0.1211,0.4
-0.4232,0.2734,-0.3204,-0.3149,0.6
-0.4232,0.2734,-0.1508,-0.4209,0.8
-0.4232,0.2734,-0.1049,-0.6155,1.0
-0.4232,0.2734,0.0592,-0.7299,1.2
-0.4232,0.2734,0.2512,-0.7856,1.4
-0.4232,0.2734,0.4501,-0.8067,1.6
-0.4232,0.2734,0.6496,-0.7927,1.8
-0.4232,0.2734,0.7835,-0.9413,2.0
-0.4232,0.2734,0.9618,-1.0317,2.2
-0.4232,0.2734,1.1224,-1.1509,2.4
-0.4232,0.2734,1.2544,-1.3012,2.6
-0.4232,0.2734,1.3864,-1.4515,2.8
-0.4232,0.2734,1.5821,-1.4924,3.0
-0.4232,0.2734,1.6782,-1.6678,3.2
-0.4232,0.2734,1.7742,-1.8433,3.4
-0.4232,0.2734,1.8466,-1.9756,3.5509
-0.4232,0.2734,1.8466,-1.9756,3.5509
-0.3771,0.0788,-0.3697,-0.1211,0.2
-0.3771,0.0788,-0.3204,-0.3149,0.4
-0.3771,0.0788,-0.1508,-0.4209,0.6
-0.3771,0.0788,-0.1049,-0.6155,0.8
-0.3771,0.0788,0.0592,-0.7299,1.0
-0.3771,0.0788,0.2512,-0.7856,1.2
-0.3771,0.0788,0.4501,-0.8067,1.4
-0.3771,0.0788,0.6496,-0.7927,1.6
-0.3771,0.0788,0.7835,-0.9413,1.8
-0.3771,0.0788,0.9618,-1.0317,2.0
-0.3771,0.0788,1.1224,-1.1509,2.2
-0.3771,0.0788,1.2544,-1.3012,2.4
-0.3771,0.0788,1.3864,-1.4515,2.6
-0.3771,0.0788,1.5821,-1.4924,2.8
-0.3771,0.0788,1.6782,-1.6678,3.0
-0.3771,0.0788,1.7742,-1.8433,3.2
-0.3771,0.0788,1.8466,-1.9756,3.3509
-0.3771,0.0788,1.8466,-1.9756,3.3509
-0.3697,-0.1211,-0.3204,-0.3149,0.2
-0.3697,-0.1211,-0.1508,-0.4209,0.4
-0.3697,-0.1211,-0.1049,-0.6155,0.6
-0.3697,-0.1211,0.0592,-0.7299,0.8
-0.3697,-0.1211,0.2512,-0.7856,1.0
-0.3697,-0.1211,0.4501,-0.8067,1.2
-0.3697,-0.1211,0.6496,-0.7927,1.4
-0.3697,-0.1211,0.7835,-0.9413,1.6
-0.3697,-0.1211,0.9618,-1.0317,1.8
-0.3697,-0.1211,1.1224,-1.1509,2.0
-0.3697,-0.1211,1.2544,-1.3012,2.2
-0.3697,-0.1211,1.3864,-1.4515,2.4
-0.3697,-0.1211,1.5821,-1.4924,2.6
-0.3697,-0.1211,1.6782,-1.6678,2.8
-0.3697,-0.1211,1.7742,-1.8433,3.0
-0.3697,-0.1211,1.8466,-1.9756,3.1509
-0.3697,-0.1211,1.8466,-1.9756,3.1509
-0.3204,-0.3149,-0.1508,-0.4209,0.2
-0.3204,-0.3149,-0.1049,-0.6155,0.4
-0.3204,-0.3149,0.0592,-0.7299,0.6
-0.3204,-0.3149,0.2512,-0.7856,0.8
-0.3204,-0.3149,0.4501,-0.8067,1.0
-0.3204,-0.3149,0.6496,-0.7927,1.2
-0.3204,-0.3149,0.7835,-0.9413,1.4
-0.3204,-0.3149,0.9618,-1.0317,1.6
-0.3204,-0.3149,1.1224,-1.1509,1.8
-0.3204,-0.3149,1.2544,-1.3012,2.0
-0.3204,-0.3149,1.3864,-1.4515,2.2
-0.3204,-0.3149,1.5821,-1.4924,2.4
-0.3204,-0.3149,1.6782,-1.6678,2.6
-0.3204,-0.3149,1.7742,-1.8433,2.8
-0.3204,-0.3149,1.8466,-1.9756,2.9509
-0.3204,-0.3149,1.8466,-1.9756,2.9509
-0.1508,-0.4209,-0.1049,-0.6155,0.2
-0.1508,-0.4209,0.0592,-0.7299,0.4
-0.1508,-0.4209,0.2512,-0.7856,0.6
-0.1508,-0.4209,0.4501,-0.8067,0.8
-0.1508,-0.4209,0.6496,-0.7927,1.0
-0.1508,-0.4209,0.7835,-0.9413,1.2
-0.1508,-0.4209,0.9618,-1.0317,1.4
-0.1508,-0.4209,1.1224,-1.1509,1.6
-0.1508,-0.4209,1.2544,-1.3012,1.8
-0.1508,-0.4209,1.3864,-1.4515,2.0
-0.1508,-0.4209,1.5821,-1.4924,2.2
-0.1508,-0.4209,1.6782,-1.6678,2.4
-0.1508,-0.4209,1.7742,-1.8433,2.6
-0.1508,-0.4209,1.8466,-1.9756,2.7509
-0.1508,-0.4209,1.8466,-1.9756,2.7509
-0.1049,-0.6155,0.0592,-0.7299,0.2
-0.1049,-0.6155,0.2512,-0.7856,0.4
-0.1049,-0.6155,0.4501,-0.8067,0.6
-0.1049,-0.6155,0.6496,-0.7927,0.8
-0.1049,-0.6155,0.7835,-0.9413,1.0
-0.1049,-0.6155,0.9618,-1.0317,1.2
-0.1049,-0.6155,1.1224,-1.1509,1.4
-0.1049,-0.6155,1.2544,-1.3012,1.6
-0.1049,-0.6155,1.3864,-1.4515,1.8
-0.1049,-0.6155,1.5821,-1.4924,2.0
-0.1049,-0.6155,1.6782,-1.6678,2.2
-0.1049,-0.6155,1.7742,-1.8433,2.4
-0.1049,-0.6155,1.8466,-1.9756,2.5509
-0.1049,-0.6155,1.8466,-1.9756,2.5509
0.0592,-0.7299,0.2512,-0.7856,0.2
0.0592,-0.7299,0.4501,-0.8067,0.4
0.0592,-0.7299,0.6496,-0.7927,0.6
0.0592,-0.7299,0.7835,-0.9413,0.8
0.0592,-0.7299,0.9618,-1.0317,1.0
0.0592,-0.7299,1.1224,-1.1509,1.2
0.0592,-0.7299,1.2544,-1.3012,1.4
0.0592,-0.7299,1.3864,-1.4515,1.6
0.0592,-0.7299,1.5821,-1.4924,1.8
0.0592,-0.7299,1.6782,-1.6678,2.0
0.0592,-0.7299,1.7742,-1.8433,2.2
0.0592,-0.7299,1.8466,-1.9756,2.3509
0.0592,-0.7299,1.8466,-1.9756,2.3509
0.2512,-0.7856,0.4501,-0.8067,0.2
0.2512,-0.7856,0.6496,-0.7927,0.4
0.2512,-0.7856,0.7835,-0.9413,0.6
0.2512,-0.7856,0.9618,-1.0317,0.8
0.2512,-0.7856,1.1224,-1.1509,1.0
0.2512,-0.7856,1.2544,-1.3012,1.2
0.2512,-0.7856,1.3864,-1.4515,1.4
0.2512,-0.7856,1.5821,-1.4924,1.6
0.2512,-0.7856,1.6782,-1.6678,1.8
0.2512,-0.7856,1.7742,-1.8433,2.0
0.2512,-0.7856,1.8466,-1.9756,2.1509
0.2512,-0.7856,1.8466,-1.9756,2.1509
0.4501,-0.8067,0.6496,-0.7927,0.2
0.4501,-0.8067,0.7835,-0.9413,0.4
0.4501,-0.8067,0.9618,-1.0317,0.6
0.4501,-0.8067,1.1224,-1.1509,0.8
0.4501,-0.8067,1.2544,-1.3012,1.0
0.4501,-0.8067,1.3864,-1.4515,1.2
0.4501,-0.8067,1.5821,-1.4924,1.4
0.4501,-0.8067,1.6782,-1.6678,1.6
0.4501,-0.8067,1.7742,-1.8433,1.8
0.4501,-0.8067,1.8466,-1.9756,1.9509
0.4501,-0.8067,1.8466,-1.9756,1.9509
0.6496,-0.7927,0.7835,-0.9413,0.2
0.6496,-0.7927,0.9618,-1.0317,0.4
0.6496,-0.7927,1.1224,-1.1509,0.6
0.6496,-0.7927,1.2544,-1.3012,0.8
0.6496,-0.7927,1.3864,-1.4515,1.0
0.6496,-0.7927,1.5821,-1.4924,1.2
0.6496,-0.7927,1.6782,-1.6678,1.4
0.6496,-0.7927,1.7742,-1.8433,1.6
0.6496,-0.7927,1.8466,-1.9756,1.7509
0.6496,-0.7927,1.8466,-1.9756,1.7509
0.7835,-0.9413,0.9618,-1.0317,0.2
0.7835,-0.9413,1.1224,-1.1509,0.4
0.7835,-0.9413,1.2544,-1.3012,0.6
0.7835,-0.9413,1.3864,-1.4515,0.8
0.7835,-0.9413,1.5821,-1.4924,1.0
0.7835,-0.9413,1.6782,-1.6678,1.2
0.7835,-0.9413,1.7742,-1.8433,1.4
0.7835,-0.9413,1.8466,-1.9756,1.5509
0.7835,-0.9413,1.8466,-1.9756,1.5509
0.9618,-1.0317,1.1224,-1.1509,0.2
0.9618,-1.0317,1.2544,-1.3012,0.4
0.9618,-1.0317,1.3864,-1.4515,0.6
0.9618,-1.0317,1.5821,-1.4924,0.8
0.9618,-1.0317,1.6782,-1.6678,1.0
0.9618,-1.0317,1.7742,-1.8433,1.2
0.9618,-1.0317,1.8466,-1.9756,1.3509
0.9618,-1.0317,1.8466,-1.9756,1.3509
1.1224,-1.1509,1.2544,-1.3012,0.2
1.1224,-1.1509,1.3864,-1.4515,0.4
1.1224,-1.1509,1.5821,-1.4924,0.6
1.1224,-1.1509,1.6782,-1.6678,0.8
1.1224,-1.1509,1.7742,-1.8433,1.0
1.1224,-1.1509,1.8466,-1.9756,1.1509
1.1224,-1.1509,1.8466,-1.9756,1.1509
1.2544,-1.3012,1.3864,-1.4515,0.2
1.2544,-1.3012,1.5821,-1.4924,0.4
1.2544,-1.3012,1.6782,-1.6678,0.6
1.2544,-1.3012,1.7742,-1.8433,0.8
1.2544,-1.3012,1.8466,-1.9756,0.9509
1.2544,-1.3012,1.8466,-1.9756,0.9509
1.3864,-1.4515,1.5821,-1.4924,0.2
1.3864,-1.4515,1.6782,-1.6678,0.4
1.3864,-1.4515,1.7742,-1.8433,0.6
1.3864,-1.4515,1.8466,-1.9756,0.7509
1.3864,-1.4515,1.8466,-1.9756,0.7509
1.5821,-1.4924,1.6782,-1.6678,0.2
1.5821,-1.4924,1.7742,-1.8433,0.4
1.5821,-1.4924,1.8466,-1.9756,0.5509
1.5821,-1.4924,1.8466,-1.9756,0.5509
1.6782,-1.6678,1.7742,-1.8433,0.2
1.6782,-1.6678,1.8466,-1.9756,0.3509
1.6782,-1.6678,1.8466,-1.9756,0.3509
1.7742,-1.8433,1.8466,-1.9756,0.1509
1.7742,-1.8433,1.8466,-1.9756,0.1509
1.8466,-1.9756,1.8466,-1.9756,0.0
-0.7522,-1.1181,-0.773,-0.9192,0.2
-0.7522,-1.1181,-0.6345,-0.7749,0.4
-0.7522,-1.1181,-0.6322,-0.5749,0.6
-0.7522,-1.1181,-0.7946,-0.4581,0.8
-0.7522,-1.1181,-0.8383,-0.2629,1.0
-0.7522,-1.1181,-1.0269,-0.1964,1.2
-0.7522,-1.1181,-1.1667,-0.0533,1.4
-0.7522,-1.1181,-1.2709,0.1174,1.6
-0.7522,-1.1181,-1.436,0.0046,1.8
-0.7522,-1.1181,-1.6194,0.0845,2.0
-0.7522,-1.1181,-1.7583,-0.0594,2.2
-0.7522,-1.1181,-1.8059,-0.2537,2.4
-0.7522,-1.1181,-1.9718,-0.3654,2.6
-0.7522,-1.1181,-2.1707,-0.3862,2.8
-0.7522,-1.1181,-2.3396,-0.4933,3.0
-0.7522,-1.1181,-2.4377,-0.6676,3.2
-0.7522,-1.1181,-2.4484,-0.6865,3.2218
-0.7522,-1.1181,-2.4484,-0.6865,3.2218
-0.773,-0.9192,-0.6345,-0.7749,0.2
-0.773,-0.9192,-0.6322,-0.5749,0.4
-0.773,-0.9192,-0.7946,-0.4581,0.6
-0.773,-0.9192,-0.8383,-0.2629,0.8
-0.773,-0.9192,-1.0269,-0.1964,1.0
-0.773,-0.9192,-1.1667,-0.0533,1.2
-0.773,-0.9192,-1.2709,0.1174,1.4
-0.773,-0.9192,-1.436,0.0046,1.6
-0.773,-0.9192,-1.6194,0.0845,1.8
-0.773,-0.9192,-1.7583,-0.0594,2.0
-0.773,-0.9192,-1.8059,-0.2537,2.2
-0.773,-0.9192,-1.9718,-0.3654,2.4
-0.773,-0.9192,-2.1707,-0.3862,2.6
-0.773,-0.9192,-2.3396,-0.4933,2.8
-0.773,-0.9192,-2.4377,-0.6676,3.0
-0.773,-0.9192,-2.4484,-0.6865,3.0218
-0.773,-0.9192,-2.4484,-0.6865,3.0218
-0.6345,-0.7749,-0.6322,-0.5749,0.2
-0.6345,-0.7749,-0.7946,-0.4581,0.4
-0.6345,-0.7749,-0.8383,-0.2629,0.6
-0.6345,-0.7749,-1.0269,-0.1964,0.8
-0.6345,-0.7749,-1.1667,-0.0533,1.0
-0.6345,-0.7749,-1.2709,0.1174,1.2
-0.6345,-0.7749,-1.436,0.0046,1.4
-0.6345,-0.7749,-1.6194,0.0845,1.6
-0.6345,-0.7749,-1.7583,-0.0594,1.8
-0.6345,-0.7749,-1.8059,-0.2537,2.0
-0.6345,-0.7749,-1.9718,-0.3654,2.2
-0.6345,-0.7749,-2.1707,-0.3862,2.4
-0.6345,-0.7749,-2.3396,-0.4933,2.6
-0.6345,-0.7749,-2.4377,-0.6676,2.8
-0.6345,-0.7749,-2.4484,-0.6865,2.8218
-0.6345,-0.7749,-2.4484,-0.6865,2.8218
-0.6322,-0.5749,-0.7946,-0.4581,0.2
-0.6322,-0.5749,-0.8383,-0.2629,0.4
-0.6322,-0.5749,-1.0269,-0.1964,0.6
-0.6322,-0.5749,-1.1667,-0.0533,0.8
-0.6322,-0.5749,-1.2709,0.1174,1.0
-0.6322,-0.5749,-1.436,0.0046,1.2
-0.6322,-0.5749,-1.6194,0.0845,1.4
-0.6322,-0.5749,-1.7583,-0.0594,1.6
-0.6322,-0.5749,-1.8059,-0.2537,1.8
-0.6322,-0.5749,-1.9718,-0.3654,2.0
-0.6322,-0.5749,-2.1707,-0.3862,2.2
-0.6322,-0.5749,-2.3396,-0.4933,2.4
-0.6322,-0.5749,-2.4377,-0.6676,2.6
-0.6322,-0.5749,-2.4484,-0.6865,2.6218
-0.6322,-0.5749,-2.4484,-0.6865,2.6218
-0.7946,-0.4581,-0.8383,-0.2629,0.2
-0.7946,-0.4581,-1.0269,-0.1964,0.4
-0.7946,-0.4581,-1.1667,-0.0533,0.6
-0.7946,-0.4581,-1.2709,0.1174,0.8
-0.7946,-0.4581,-1.436,0.0046,1.0
-0.7946,-0.4581,-1.6194,0.0845,1.2
-0.7946,-0.4581,-1.7583,-0.0594,1.4
-0.7946,-0.4581,-1.8059,-0.2537,1.6
-0.7946,-0.4581,-1.9718,-0.3654,1.8
-0.7946,-0.4581,-2.1707,-0.3862,2.0
-0.7946,-0.4581,-2.3396,-0.4933,2.2
-0.7946,-0.4581,-2.4377,-0.6676,2.4
-0.7946,-0.4581,-2.4484,-0.6865,2.4218
-0.7946,-0.4581,-2.4484,-0.6865,2.4218
-0.8383,-0.2629,-1.0269,-0.1964,0.2
-0.8383,-0.2629,-1.1667,-0.0533,0.4
-0.8383,-0.2629,-1.2709,0.1174,0.6
-0.8383,-0.2629,-1.436,0.0046,0.8
-0.8383,-0.2629,-1.6194,0.0845,1.0
-0.8383,-0.2629,-1.7583,-0.0594,1.2
-0.8383,-0.2629,-1.8059,-0.2537,1.4
-0.8383,-0.2629,-1.9718,-0.3654,1.6
-0.8383,-0.2629,-2.1707,-0.3862,1.8
-0.8383,-0.2629,-2.3396,-0.4933,2.0
-0.8383,-0.2629,-2.4377,-0.6676,2.2
-0.8383,-0.2629,-2.4484,-0.6865,2.2218
-0.8383,-0.2629,-2.4484,-0.6865,2.2218
-1.0269,-0.1964,-1.1667,-0.0533,0.2
-1.0269,-0.1964,-1.2709,0.1174,0.4
-1.0269,-0.1964,-1.436,0.0046,0.6
-1.0269,-0.1964,-1.6194,0.0845,0.8
-1.0269,-0.1964,-1.7583,-0.0594,1.0
-1.0269,-0.1964,-1.8059,-0.2537,1.2
-1.0269,-0.1964,-1.9718,-0.3654,1.4
-1.0269,-0.1964,-2.1707,-0.3862,1.6
-1.0269,-0.1964,-2.3396,-0.4933,1.8
-1.0269,-0.1964,-2.4377,-0.6676,2.0
-1.0269,-0.1964,-2.4484,-0.6865,2.0218
-1.0269,-0.1964,-2.4484,-0.6865,2.0218
-1.1667,-0.0533,-1.2709,0.1174,0.2
-1.1667,-0.0533,-1.436,0.0046,0.4
-1.1667,-0.0533,-1.6194,0.0845,0.6
-1.1667,-0.0533,-1.7583,-0.0594,0.8
-1.1667,-0.0533,-1.8059,-0.2537,1.0
-1.1667,-0.0533,-1.9718,-0.3654,1.2
-1.1667,-0.0533,-2.1707,-0.3862,1.4
-1.1667,-0.0533,-2.3396,-0.4933,1.6
-1.1667,-0.0533,-2.4377,-0.6676,1.8
-1.1667,-0.0533,-2.4484,-0.6865,1.8218
-1.1667,-0.0533,-2.4484,-0.6865,1.8218
-1.2709,0.1174,-1.436,0.0046,0.2
-1.2709,0.1174,-1.6194,0.0845,0.4
-1.2709,0.1174,-1.7583,-0.0594,0.6
-1.2709,0.1174,-1.8059,-0.2537,0.8
-1.2709,0.1174,-1.9718,-0.3654,1.0
-1.2709,0.1174,-2.1707,-0.3862,1.2
-1.2709,0.1174,-2.3396,-0.4933,1.4
-1.2709,0.1174,-2.4377,-0.6676,1.6
-1.2709,0.1174,-2.4484,-0.6865,1.6218
-1.2709,0.1174,-2.4484,-0.6865,1.6218
-1.436,0.0046,-1.6194,0.0845,0.2
-1.436,0.0046,-1.7583,-0.0594,0.4
-1.436,0.0046,-1.8059,-0.2537,0.6
-1.436,0.0046,-1.9718,-0.3654,0.8
-1.436,0.0046,-2.1707,-0.3862,1.0
-1.436,0.0046,-2.3396,-0.4933,1.2
-1.436,0.0046,-2.4377,-0.6676,1.4
-1.436,0.0046,-2.4484,-0.6865,1.4218
-1.436,0.0046,-2.4484,-0.6865,1.4218
-1.6194,0.0845,-1.7583,-0.0594,0.2
-1.6194,0.0845,-1.8059,-0.2537,0.4
-1.6194,0.0845,-1.9718,-0.3654,0.6
-1.6194,0.0845,-2.1707,-0.3862,0.8
-1.6194,0.0845,-2.3396,-0.4933,1.0
-1.6194,0.0845,-2.4377,-0.6676,1.2
-1.6194,0.0845,-2.4484,-0.6865,1.2218
-1.6194,0.0845,-2.4484,-0.6865,1.2218
-1.7583,-0.0594,-1.8059,-0.2537,0.2
-1.7583,-0.0594,-1.9718,-0.3654,0.4
-1.7583,-0.0594,-2.1707,-0.3862,0.6
-1.7583,-0.0594,-2.3396,-0.4933,0.8
-1.7583,-0.0594,-2.4377,-0.6676,1.0
-1.7583,-0.0594,-2.4484,-0.6865,1.0218
-1.7583,-0.0594,-2.4484,-0.6865,1.0218
-1.8059,-0.2537,-1.9718,-0.3654,0.2
-1.8059,-0.2537,-2.1707,-0.3862,0.4
-1.8059,-0.2537,-2.3396,-0.4933,0.6
-1.8059,-0.2537,-2.4377,-0.6676,0.8
-1.8059,-0.2537,-2.4484,-0.6865,0.8218
-1.8059,-0.2537,-2.4484,-0.6865,0.8218
-1.9718,-0.3654,-2.1707,-0.3862,0.2
-1.9718,-0.3654,-2.3396,-0.4933,0.4
-1.9718,-0.3654,-2.4377,-0.6676,0.6
-1.9718,-0.3654,-2.4484,-0.6865,0.6218
-1.9718,-0.3654,-2.4484,-0.6865,0.6218
-2.1707,-0.3862,-2.3396,-0.4933,0.2
-2.1707,-0.3862,-2.4377,-0.6676,0.4
-2.1707,-0.3862,-2.4484,-0.6865,0.4218
-2.1707,-0.3862,-2.4484,-0.6865,0.4218
-2.3396,-0.4933,-2.4377,-0.6676,0.2
-2.3396,-0.4933,-2.4484,-0.6865,0.2218
-2.3396,-0.4933,-2.4484,-0.6865,0.2218
-2.4377,-0.6676,-2.4484,-0.6865,0.0218
-2.4377,-0.6676,-2.4484,-0.6865,0.0218
-2.4484,-0.6865,-2.4484,-0.6865,0.0
-2.2181,2.149,-2.0242,2.0999,0.2
-2.2181,2.149,-1.8537,1.8748,0.4824
-2.2181,2.149,-1.9611,1.706,0.6824
-2.2181,2.149,-1.9865,1.5077,0.8824
-2.2181,2.149,-1.9848,1.3077,1.0824
-2.2181,2.149,-2.0154,1.11,1.2824
-2.2181,2.149,-2.0523,0.9135,1.4824
-2.2181,2.149,-1.9695,0.7314,1.6824
-2.2181,2.149,-1.84,0.579,1.8824
-2.2181,2.149,-1.7524,0.3992,2.0824
-2.2181,2.149,-1.7062,0.2046,2.2824
-2.2181,2.149,-1.6461,0.0139,2.4824
-2.2181,2.149,-1.5604,-0.1668,2.6824
-2.2181,2.149,-1.4776,-0.3489,2.8824
-2.2181,2.149,-1.4695,-0.5487,3.0824
-2.2181,2.149,-1.6664,-0.5838,3.2824
-2.2181,2.149,-1.6275,-0.7799,3.4824
-2.2181,2.149,-1.5119,-0.9431,3.6824
-2.2181,2.149,-1.542,-1.1409,3.8824
-2.2181,2.149,-1.3434,-1.1638,4.0824
-2.2181,2.149,-1.2291,-1.3279,4.2824
-2.2181,2.149,-1.1356,-1.5047,4.4824
-2.2181,2.149,-1.039,-1.6798,4.6824
-2.2181,2.149,-1.1224,-1.8616,4.8824
-2.2181,2.149,-0.9518,-1.9659,5.0824
-2.2181,2.149,-0.7812,-2.0703,5.2824
-2.2181,2.149,-0.6615,-2.1434,5.4226
-2.2181,2.149,-0.6615,-2.1434,5.4226
-2.0242,2.0999,-1.8537,1.8748,0.2824
-2.0242,2.0999,-1.9611,1.706,0.4824
-2.0242,2.0999,-1.9865,1.5077,0.6824
-2.0242,2.0999,-1.9848,1.3077,0.8824
-2.0242,2.0999,-2.0154,1.11,1.0824
-2.0242,2.0999,-2.0523,0.9135,1.2824
-2.0242,2.0999,-1.9695,0.7314,1.4824
-2.0242,2.0999,-1.84,0.579,1.6824
-2.0242,2.0999,-1.7524,0.3992,1.8824
-2.0242,2.0999,-1.7062,0.2046,2.0824
-2.0242,2.0999,-1.6461,0.0139,2.2824
-2.0242,2.0999,-1.5604,-0.1668,2.4824
-2.0242,2.0999,-1.4776,-0.3489,2.6824
-2.0242,2.0999,-1.4695,-0.5487,2.8824
-2.0242,2.0999,-1.6664,-0.5838,3.0824
-2.0242,2.0999,-1.6275,-0.7799,3.2824
-2.0242,2.0999,-1.5119,-0.9431,3.4824
-2.0242,2.0999,-1.542,-1.1409,3.6824
-2.0242,2.0999,-1.3434,-1.1638,3.8824
-2.0242,2.0999,-1.2291,-1.3279,4.0824
-2.0242,2.0999,-1.1356,-1.5047,4.2824
-2.0242,2.0999,-1.039,-1.6798,4.4824
-2.0242,2.0999,-1.1224,-1.8616,4.6824
-2.0242,2.0999,-0.9518,-1.9659,4.8824
-2.0242,2.0999,-0.7812,-2.0703,5.0824
-2.0242,2.0999,-0.6615,-2.1434,5.2226
-2.0242,2.0999,-0.6615,-2.1434,5.2226
-1.8537,1.8748,-1.9611,1.706,0.2
-1.8537,1.8748,-1.9865,1.5077,0.4
-1.8537,1.8748,-1.9848,1.3077,0.6
-1.8537,1.8748,-2.0154,1.11,0.8
-1.8537,1.8748,-2.0523,0.9135,1.0
-1.8537,1.8748,-1.9695,0.7314,1.2
-1.8537,1.8748,-1.84,0.579,1.4
-1.8537,1.8748,-1.7524,0.3992,1.6
-1.8537,1.8748,-1.7062,0.2046,1.8
-1.8537,1.8748,-1.6461,0.0139,2.0
-1.8537,1.8748,-1.5604,-0.1668,2.2
-1.8537,1.8748,-1.4776,-0.3489,2.4
-1.8537,1.8748,-1.4695,-0.5487,2.6
-1.8537,1.8748,-1.6664,-0.5838,2.8
-1.8537,1.8748,-1.6275,-0.7799,3.0
-1.8537,1.8748,-1.5119,-0.9431,3.2
-1.8537,1.8748,-1.542,-1.1409,3.4
-1.8537,1.8748,-1.3434,-1.1638,3.6
-1.8537,1.8748,-1.2291,-1.3279,3.8
-1.8537,1.8748,-1.1356,-1.5047,4.0
-1.8537,1.8748,-1.039,-1.6798,4.2
-1.8537,1.8748,-1.1224,-1.8616,4.4
-1.8537,1.8748,-0.9518,-1.9659,4.6
-1.8537,1.8748,-0.7812,-2.0703,4.8
-1.8537,1.8748,-0.6615,-2.1434,4.9402
-1.8537,1.8748,-0.6615,-2.1434,4.9402
-1.9611,1.706,-1.9865,1.5077,0.2
-1.9611,1.706,-1.9848,1.3077,0.4
-1.9611,1.706,-2.0154,1.11,0.6
-1.9611,1.706,-2.0523,0.9135,0.8
-1.9611,1.706,-1.9695,0.7314,1.0
-1.9611,1.706,-1.84,0.579,1.2
-1.9611,1.706,-1.7524,0.3992,1.4
-1.9611,1.706,-1.7062,0.2046,1.6
-1.9611,1.706,-1.6461,0.0139,1.8
-1.9611,1.706,-1.5604,-0.1668,2.0
-1.9611,1.706,-1.4776,-0.3489,2.2
-1.9611,1.706,-1.4695,-0.5487,2.4
-1.9611,1.706,-1.6664,-0.5838,2.6
-1.9611,1.706,-1.6275,-0.7799,2.8
-1.9611,1.706,-1.5119,-0.9431,3.0
-1.9611,1.706,-1.542,-1.1409,3.2
-1.9611,1.706,-1.3434,-1.1638,3.4
-1.9611,1.706,-1.2291,-1.3279,3.6
-1.9611,1.706,-1.1356,-1.5047,3.8
-1.9611,1.706,-1.039,-1.6798,4.0
-1.9611,1.706,-1.1224,-1.8616,4.2
-1.9611,1.706,-0.9518,-1.9659,4.4
-1.9611,1.706,-0.7812,-2.0703,4.6
-1.9611,1.706,-0.6615,-2.1434,4.7402
-1.9611,1.706,-0.6615,-2.1434,4.7402
-1.9865,1.5077,-1.9848,1.3077,0.2
-1.9865,1.5077,-2.0154,1.11,0.4
-1.9865,1.5077,-2.0523,0.9135,0.6
-1.9865,1.5077,-1.9695,0.7314,0.8
-1.9865,1.5077,-1.84,0.579,1.0
-1.9865,1.5077,-1.7524,0.3992,1.2
-1.9865,1.5077,-1.7062,0.2046,1.4
-1.9865,1.5077,-1.6461,0.0139,1.6
-1.9865,1.5077,-1.5604,-0.1668,1.8
-1.9865,1.5077,-1.4776,-0.3489,2.0
-1.9865,1.5077,-1.4695,-0.5487,2.2
-1.9865,1.5077,-1.6664,-0.5838,2.4
-1.9865,1.5077,-1.6275,-0.7799,2.6
-1.9865,1.5077,-1.5119,-0.9431,2.8
-1.9865,1.5077,-1.542,-1.1409,3.0
-1.9865,1.5077,-1.3434,-1.1638,3.2
-1.9865,1.5077,-1.2291,-1.3279,3.4
-1.9865,1.5077,-1.1356,-1.5047,3.6
-1.9865,1.5077,-1.039,-1.6798,3.8
-1.9865,1.5077,-1.1224,-1.8616,4.0
-1.9865,1.5077,-0.9518,-1.9659,4.2
-1.9865,1.5077,-0.7812,-2.0703,4.4
-1.9865,1.5077,-0.6615,-2.1434,4.5402
-1.9865,1.5077,-0.6615,-2.1434,4.5402
-1.9848,1.3077,-2.0154,1.11,0.2
-1.9848,1.3077,-2.0523,0.9135,0.4
-1.9848,1.3077,-1.9695,0.7314,0.6
-1.9848,1.3077,-1.84,0.579,0.8
-1.9848,1.3077,-1.7524,0.3992,1.0
-1.9848,1.3077,-1.7062,0.2046,1.2
-1.9848,1.3077,-1.6461,0.0139,1.4
-1.9848,1.3077,-1.5604,-0.1668,1.6
-1.9848,1.3077,-1.4776,-0.3489,1.8
-1.9848,1.3077,-1.4695,-0.5487,2.0
-1.9848,1.3077,-1.6664,-0.5838,2.2
-1.9848,1.3077,-1.6275,-0.7799,2.4
-1.9848,1.3077,-1.5119,-0.9431,2.6
-1.9848,1.3077,-1.542,-1.1409,2.8
-1.9848,1.3077,-1.3434,-1.1638,3.0
-1.9848,1.3077,-1.2291,-1.3279,3.2
-1.9848,1.3077,-1.1356,-1.5047,3.4
-1.9848,1.3077,-1.039,-1.6798,3.6
-1.9848,1.3077,-1.1224,-1.8616,3.8
-1.9848,1.3077,-0.9518,-1.9659,4.0
-1.9848,1.3077,-0.7812,-2.0703,4.2
-1.9848,1.3077,-0.6615,-2.1434,4.3402
-1.9848,1.3077,-0.6615,-2.1434,4.3402
-2.0154,1.11,-2.0523,0.9135,0.2
-2.0154,1.11,-1.9695,0.7314,0.4
-2.0154,1.11,-1.84,0.579,0.6
-2.0154,1.11,-1.7524,0.3992,0.8
-2.0154,1.11,-1.7062,0.2046,1.0
-2.0154,1.11,-1.6461,0.0139,1.2
-2.0154,1.11,-1.5604,-0.1668,1.4
-2.0154,1.11,-1.4776,-0.3489,1.6
-2.0154,1.11,-1.4695,-0.5487,1.8
-2.0154,1.11,-1.6664,-0.5838,2.0
-2.0154,1.11,-1.6275,-0.7799,2.2
-2.0154,1.11,-1.5119,-0.9431,2.4
-2.0154,1.11,-1.542,-1.1409,2.6
-2.0154,1.11,-1.3434,-1.1638,2.8
-2.0154,1.11,-1.2291,-1.3279,3.0
-2.0154,1.11,-1.1356,-1.5047,3.2
-2.0154,1.11,-1.039,-1.6798,3.4
-2.0154,1.11,-1.1224,-1.8616,3.6
-2.0154,1.11,-0.9518,-1.9659,3.8
-2.0154,1.11,-0.7812,-2.0703,4.0
-2.0154,1.11,-0.6615,-2.1434,4.1402
-2.0154,1.11,-0.6615,-2.1434,4.1402
-2.0523,0.9135,-1.9695,0.7314,0.2
-2.0523,0.9135,-1.84,0.579,0.4
-2.0523,0.9135,-1.7524,0.3992,0.6
-2.0523,0.9135,-1.7062,0.2046,0.8
-2.0523,0.9135,-1.6461,0.0139,1.0
-2.0523,0.9135,-1.5604,-0.1668,1.2
-2.0523,0.9135,-1.4776,-0.3489,1.4
-2.0523,0.9135,-1.4695,-0.5487,1.6
-2.0523,0.9135,-1.6664,-0.5838,1.8
-2.0523,0.9135,-1.6275,-0.7799,2.0
-2.0523,0.9135,-1.5119,-0.9431,2.2
-2.0523,0.9135,-1.542,-1.1409,2.4
-2.0523,0.9135,-1.3434,-1.1638,2.6
-2.0523,0.9135,-1.2291,-1.3279,2.8
-2.0523,0.9135,-1.1356,-1.5047,3.0
-2.0523,0.9135,-1.039,-1.6798,3.2
-2.0523,0.9135,-1.1224,-1.8616,3.4
-2.0523,0.9135,-0.9518,-1.9659,3.6
-2.0523,0.9135,-0.7812,-2.0703,3.8
-2.0523,0.9135,-0.6615,-2.1434,3.9402
-2.0523,0.9135,-0.6615,-2.1434,3.9402
-1.9695,0.7314,-1.84,0.579,0.2
-1.9695,0.7314,-1.7524,0.3992,0.4
-1.9695,0.7314,-1.7062,0.2046,0.6
-1.9695,0.7314,-1.6461,0.0139,0.8
-1.9695,0.7314,-1.5604,-0.1668,1.0
-1.9695,0.7314,-1.4776,-0.3489,1.2
-1.9695,0.7314,-1.4695,-0.5487,1.4
-1.9695,0.7314,-1.6664,-0.5838,1.6
-1.9695,0.7314,-1.6275,-0.7799,1.8
-1.9695,0.7314,-1.5119,-0.9431,2.0
-1.9695,0.7314,-1.542,-1.1409,2.2
-1.9695,0.7314,-1.3434,-1.1638,2.4
-1.9695,0.7314,-1.2291,-1.3279,2.6
-1.9695,0.7314,-1.1356,-1.5047,2.8
-1.9695,0.7314,-1.039,-1.6798,3.0
-1.9695,0.7314,-1.1224,-1.8616,3.2
-1.9695,0.7314,-0.9518,-1.9659,3.4
-1.9695,0.7314,-0.7812,-2.0703,3.6
-1.9695,0.7314,-0.6615,-2.1434,3.7402
-1.9695,0.7314,-0.6615,-2.1434,3.7402
-1.84,0.579,-1.7524,0.3992,0.2
-1.84,0.579,-1.7062,0.2046,0.4
-1.84,0.579,-1.6461,0.0139,0.6
-1.84,0.579,-1.5604,-0.1668,0.8
-1.84,0.579,-1.4776,-0.3489,1.0
-1.84,0.579,-1.4695,-0.5487,1.2
-1.84,0.579,-1.6664,-0.5838,1.4
-1.84,0.579,-1.6275,-0.7799,1.6
-1.84,0.579,-1.5119,-0.9431,1.8
-1.84,0.579,-1.542,-1.1409,2.0
-1.84,0.579,-1.3434,-1.1638,2.2
-1.84,0.579,-1.2291,-1.3279,2.4
-1.84,0.579,-1.1356,-1.5047,2.6
-1.84,0.579,-1.039,-1.6798,2.8
-1.84,0.579,-1.1224,-1.8616,3.0
-1.84,0.579,-0.9518,-1.9659,3.2
-1.84,0.579,-0.7812,-2.0703,3.4
-1.84,0.579,-0.6615,-2.1434,3.5402
-1.84,0.579,-0.6615,-2.1434,3.5402
-1.7524,0.3992,-1.7062,0.2046,0.2
-1.7524,0.3992,-1.6461,0.0139,0.4
-1.7524,0.3992,-1.5604,-0.1668,0.6
-1.7524,0.3992,-1.4776,-0.3489,0.8
-1.7524,0.3992,-1.4695,-0.5487,1.0
-1.7524,0.3992,-1.6664,-0.5838,1.2
-1.7524,0.3992,-1.6275,-0.7799,1.4
-1.7524,0.3992,-1.5119,-0.9431,1.6
-1.7524,0.3992,-1.542,-1.1409,1.8
-1.7524,0.3992,-1.3434,-1.1638,2.0
-1.7524,0.3992,-1.2291,-1.3279,2.2
-1.7524,0.3992,-1.1356,-1.5047,2.4
-1.7524,0.3992,-1.039,-1.6798,2.6
-1.7524,0.3992,-1.1224,-1.8616,2.8
-1.7524,0.3992,-0.9518,-1.9659,3.0
-1.7524,0.3992,-0.7812,-2.0703,3.2
-1.7524,0.3992,-0.6615,-2.1434,3.3402
-1.7524,0.3992,-0.6615,-2.1434,3.3402
-1.7062,0.2046,-1.6461,0.0139,0.2
-1.7062,0.2046,-1.5604,-0.1668,0.4
-1.7062,0.2046,-1.4776,-0.3489,0.6
-1.7062,0.2046,-1.4695,-0.5487,0.8
-1.7062,0.2046,-1.6664,-0.5838,1.0
-1.7062,0.2046,-1.6275,-0.7799,1.2
-1.7062,0.2046,-1.5119,-0.9431,1.4
-1.7062,0.2046,-1.542,-1.1409,1.6
-1.7062,0.2046,-1.3434,-1.1638,1.8
-1.7062,0.2046,-1.2291,-1.3279,2.0
-1.7062,0.2046,-1.1356,-1.5047,2.2
-1.7062,0.2046,-1.039,-1.6798,2.4
-1.7062,0.2046,-1.1224,-1.8616,2.6
-1.7062,0.2046,-0.9518,-1.9659,2.8
-1.7062,0.2046,-0.7812,-2.0703,3.0
-1.7062,0.2046,-0.6615,-2.1434,3.1402
-1.7062,0.2046,-0.6615,-2.1434,3.1402
-1.6461,0.0139,-1.5604,-0.1668,0.2
-1.6461,0.0139,-1.4776,-0.3489,0.4
-1.6461,0.0139,-1.4695,-0.5487,0.6
-1.6461,0.0139,-1.6664,-0.5838,0.8
-1.6461,0.0139,-1.6275,-0.7799,1.0
-1.6461,0.0139,-1.5119,-0.9431,1.2
-1.6461,0.0139,-1.542,-1.1409,1.4
-1.6461,0.0139,-1.3434,-1.1638,1.6
-1.6461,0.0139,-1.2291,-1.3279,1.8
-1.6461,0.0139,-1.1356,-1.5047,2.0
-1.6461,0.0139,-1.039,-1.6798,2.2
-1.6461,0.0139,-1.1224,-1.8616,2.4
-1.6461,0.0139,-0.9518,-1.9659,2.6
-1.6461,0.0139,-0.7812,-2.0703,2.8
-1.6461,0.0139,-0.6615,-2.1434,2.9402
-1.6461,0.0139,-0.6615,-2.1434,2.9402
-1.5604,-0.1668,-1.4776,-0.3489,0.2
-1.5604,-0.1668,-1.4695,-0.5487,0.4
-1.5604,-0.1668,-1.6664,-0.5838,0.6
-1.5604,-0.1668,-1.6275,-0.7799,0.8
-1.5604,-0.1668,-1.5119,-0.9431,1.0
-1.5604,-0.1668,-1.542,-1.1409,1.2
-1.5604,-0.1668,-1.3434,-1.1638,1.4
-1.5604,-0.1668,-1.2291,-1.3279,1.6
-1.5604,-0.1668,-1.1356,-1.5047,1.8
-1.5604,-0.1668,-1.039,-1.6798,2.0
-1.5604,-0.1668,-1.1224,-1.8616,2.2
-1.5604,-0.1668,-0.9518,-1.9659,2.4
-1.5604,-0.1668,-0.7812,-2.0703,2.6
-1.5604,-0.1668,-0.6615,-2.1434,2.7402
-1.5604,-0.1668,-0.6615,-2.1434,2.7402
-1.4776,-0.3489,-1.4695,-0.5487,0.2
-1.4776,-0.3489,-1.6664,-0.5838,0.4
-1.4776,-0.3489,-1.6275,-0.7799,0.6
-1.4776,-0.3489,-1.5119,-0.9431,0.8
-1.4776,-0.3489,-1.542,-1.1409,1.0
-1.4776,-0.3489,-1.3434,-1.1638,1.2
-1.4776,-0.3489,-1.2291,-1.3279,1.4
-1.4776,-0.3489,-1.1356,-1.5047,1.6
-1.4776,-0.3489,-1.039,-1.6798,1.8
-1.4776,-0.3489,-1.1224,-1.8616,2.0
-1.4776,-0.3489,-0.9518,-1.9659,2.2
-1.4776,-0.3489,-0.7812,-2.0703,2.4
-1.4776,-0.3489,-0.6615,-2.1434,2.5402
-1.4776,-0.3489,-0.6615,-2.1434,2.5402
-1.4695,-0.5487,-1.6664,-0.5838,0.2
-1.4695,-0.5487,-1.6275,-0.7799,0.4
-1.4695,-0.5487,-1.5119,-0.9431,0.6
-1.4695,-0.5487,-1.542,-1.1409,0.8
-1.4695,-0.5487,-1.3434,-1.1638,1.0
-1.4695,-0.5487,-1.2291,-1.3279,1.2
-1.4695,-0.5487,-1.1356,-1.5047,1.4
-1.4695,-0.5487,-1.039,-1.6798,1.6
-1.4695,-0.5487,-1.1224,-1.8616,1.8
-1.4695,-0.5487,-0.9518,-1.9659,2.0
-1.4695,-0.5487,-0.7812,-2.0703,2.2
-1.4695,-0.5487,-0.6615,-2.1434,2.3402
-1.4695,-0.5487,-0.6615,-2.1434,2.3402
-1.6664,-0.5838,-1.6275,-0.7799,0.2
-1.6664,-0.5838,-1.5119,-0.9431,0.4
-1.6664,-0.5838,-1.542,-1.1409,0.6
-1.6664,-0.5838,-1.3434,-1.1638,0.8
-1.6664,-0.5838,-1.2291,-1.3279,1.0
-1.6664,-0.5838,-1.1356,-1.5047,1.2
-1.6664,-0.5838,-1.039,-1.6798,1.4
-1.6664,-0.5838,-1.1224,-1.8616,1.6
-1.6664,-0.5838,-0.9518,-1.9659,1.8
-1.6664,-0.5838,-0.7812,-2.0703,2.0
-1.6664,-0.5838,-0.6615,-2.1434,2.1402
-1.6664,-0.5838,-0.6615,-2.1434,2.1402
-1.6275,-0.7799,-1.5119,-0.9431,0.2
-1.6275,-0.7799,-1.542,-1.1409,0.4
-1.6275,-0.7799,-1.3434,-1.1638,0.6
-1.6275,-0.7799,-1.2291,-1.3279,0.8
-1.6275,-0.7799,-1.1356,-1.5047,1.0
-1.6275,-0.7799,-1.039,-1.6798,1.2
-1.6275,-0.7799,-1.1224,-1.8616,1.4
-1.6275,-0.7799,-0.9518,-1.9659,1.6
-1.6275,-0.7799,-0.7812,-2.0703,1.8
-1.6275,-0.7799,-0.6615,-2.1434,1.9402
-1.6275,-0.7799,-0.6615,-2.1434,1.9402
-1.5119,-0.9431,-1.542,-1.1409,0.2
-1.5119,-0.9431,-1.3434,-1.1638,0.4
-1.5119,-0.9431,-1.2291,-1.3279,0.6
-1.5119,-0.9431,-1.1356,-1.5047,0.8
-1.5119,-0.9431,-1.039,-1.6798,1.0
-1.5119,-0.9431,-1.1224,-1.8616,1.2
-1.5119,-0.9431,-0.9518,-1.9659,1.4
-1.5119,-0.9431,-0.7812,-2.0703,1.6
-1.5119,-0.9431,-0.6615,-2.1434,1.7402
-1.5119,-0.9431,-0.6615,-2.1434,1.7402
-1.542,-1.1409,-1.3434,-1.1638,0.2
-1.542,-1.1409,-1.2291,-1.3279,0.4
-1.542,-1.1409,-1.1356,-1.5047,0.6
-1.542,-1.1409,-1.039,-1.6798,0.8
-1.542,-1.1409,-1.1224,-1.8616,1.0
-1.542,-1.1409,-0.9518,-1.9659,1.2
-1.542,-1.1409,-0.7812,-2.0703,1.4
-1.542,-1.1409,-0.6615,-2.1434,1.5402
-1.542,-1.1409,-0.6615,-2.1434,1.5402
-1.3434,-1.1638,-1.2291,-1.3279,0.2
-1.3434,-1.1638,-1.1356,-1.5047,0.4
-1.3434,-1.1638,-1.039,-1.6798,0.6
-1.3434,-1.1638,-1.1224,-1.8616,0.8
-1.3434,-1.1638,-0.9518,-1.9659,1.0
-1.3434,-1.1638,-0.7812,-2.0703,1.2
-1.3434,-1.1638,-0.6615,-2.1434,1.3402
-1.3434,-1.1638,-0.6615,-2.1434,1.3402
-1.2291,-1.3279,-1.1356,-1.5047,0.2
-1.2291,-1.3279,-1.039,-1.6798,0.4
-1.2291,-1.3279,-1.1224,-1.8616,0.6
-1.2291,-1.3279,-0.9518,-1.9659,0.8
-1.2291,-1.3279,-0.7812,-2.0703,1.0
-1.2291,-1.3279,-0.6615,-2.1434,1.1402
-1.2291,-1.3279,-0.6615,-2.1434,1.1402
-1.1356,-1.5047,-1.039,-1.6798,0.2
-1.1356,-1.5047,-1.1224,-1.8616,0.4
-1.1356,-1.5047,-0.9518,-1.9659,0.6
-1.1356,-1.5047,-0.7812,-2.0703,0.8
-1.1356,-1.5047,-0.6615,-2.1434,0.9402
-1.1356,-1.5047,-0.6615,-2.1434,0.9402
-1.039,-1.6798,-1.1224,-1.8616,0.2
-1.039,-1.6798,-0.9518,-1.9659,0.4
-1.039,-1.6798,-0.7812,-2.0703,0.6
-1.039,-1.6798,-0.6615,-2.1434,0.7402
-1.039,-1.6798,-0.6615,-2.1434,0.7402
-1.1224,-1.8616,-0.9518,-1.9659,0.2
-1.1224,-1.8616,-0.7812,-2.0703,0.4
-1.1224,-1.8616,-0.6615,-2.1434,0.5402
-1.1224,-1.8616,-0.6615,-2.1434,0.5402
-0.9518,-1.9659,-0.7812,-2.0703,0.2
-0.9518,-1.9659,-0.6615,-2.1434,0.3402
-0.9518,-1.9659,-0.6615,-2.1434,0.3402
-0.7812,-2.0703,-0.6615,-2.1434,0.1402
-0.7812,-2.0703,-0.6615,-2.1434,0.1402
-0.6615,-2.1434,-0.6615,-2.1434,0.0
0.1571,0.4737,-0.0285,0.5482,0.2
0.1571,0.4737,-0.0626,0.7453,0.4
0.1571,0.4737,0.0025,0.9344,0.6
0.1571,0.4737,-0.0282,1.132,0.8
0.1571,0.4737,0.0274,1.3242,1.0
0.1571,0.4737,0.0121,1.5236,1.2
0.1571,0.4737,0.005,1.5856,1.2624
0.1571,0.4737,0.0973,1.763,1.4624
0.1571,0.4737,0.2672,1.8686,1.6624
0.1571,0.4737,0.418,1.9999,1.8624
0.1571,0.4737,0.6179,1.9955,2.0624
0.1571,0.4737,0.8179,1.9911,2.2624
0.1571,0.4737,0.9956,2.0828,2.4624
0.1571,0.4737,1.1767,2.1677,2.6624
0.1571,0.4737,1.3751,2.1422,2.8624
0.1571,0.4737,1.5747,2.1544,3.0624
0.1571,0.4737,1.7683,2.1041,3.2624
0.1571,0.4737,1.9619,2.0538,3.4624
0.1571,0.4737,2.1555,2.0035,3.6624
0.1571,0.4737,2.3312,1.9578,3.8439
0.1571,0.4737,2.3312,1.9578,3.8439
-0.0285,0.5482,-0.0626,0.7453,0.2
-0.0285,0.5482,0.0025,0.9344,0.4
-0.0285,0.5482,-0.0282,1.132,0.6
-0.0285,0.5482,0.0274,1.3242,0.8
-0.0285,0.5482,0.0121,1.5236,1.0
-0.0285,0.5482,0.005,1.5856,1.0624
-0.0285,0.5482,0.0973,1.763,1.2624
-0.0285,0.5482,0.2672,1.8686,1.4624
-0.0285,0.5482,0.418,1.9999,1.6624
-0.0285,0.5482,0.6179,1.9955,1.8624
-0.0285,0.5482,0.8179,1.9911,2.0624
-0.0285,0.5482,0.9956,2.0828,2.2624
-0.0285,0.5482,1.1767,2.1677,2.4624
-0.0285,0.5482,1.3751,2.1422,2.6624
-0.0285,0.5482,1.5747,2.1544,2.8624
-0.0285,0.5482,1.7683,2.1041,3.0624
-0.0285,0.5482,1.9619,2.0538,3.2624
-0.0285,0.5482,2.1555,2.0035,3.4624
-0.0285,0.5482,2.3312,1.9578,3.6439
-0.0285,0.5482,2.3312,1.9578,3.6439
-0.0626,0.7453,0.0025,0.9344,0.2
-0.0626,0.7453,-0.0282,1.132,0.4
-0.0626,0.7453,0.0274,1.3242,0.6
-0.0626,0.7453,0.0121,1.5236,0.8
-0.0626,0.7453,0.005,1.5856,0.8624
-0.0626,0.7453,0.0973,1.763,1.0624
-0.0626,0.7453,0.2672,1.8686,1.2624
-0.0626,0.7453,0.418,1.9999,1.4624
-0.0626,0.7453,0.6179,1.9955,1.6624
-0.0626,0.7453,0.8179,1.9911,1.8624
-0.0626,0.7453,0.9956,2.0828,2.0624
-0.0626,0.7453,1.1767,2.1677,2.2624
-0.0626,0.7453,1.3751,2.1422,2.4624
-0.0626,0.7453,1.5747,2.1544,2.6624
-0.0626,0.7453,1.7683,2.1041,2.8624
-0.0626,0.7453,1.9619,2.0538,3.0624
-0.0626,0.7453,2.1555,2.0035,3.2624
-0.0626,0.7453,2.3312,1.9578,3.4439
-0.0626,0.7453,2.3312,1.9578,3.4439
0.0025,0.9344,-0.0282,1.132,0.2
0.0025,0.9344,0.0274,1.3242,0.4
0.0025,0.9344,0.0121,1.5236,0.6
0.0025,0.9344,0.005,1.5856,0.6624
0.0025,0.9344,0.0973,1.763,0.8624
0.0025,0.9344,0.2672,1.8686,1.0624
0.0025,0.9344,0.418,1.9999,1.2624
0.0025,0.9344,0.6179,1.9955,1.4624
0.0025,0.9344,0.8179,1.9911,1.6624
0.0025,0.9344,0.9956,2.0828,1.8624
0.0025,0.9344,1.1767,2.1677,2.0624
0.0025,0.9344,1.3751,2.1422,2.2624
0.0025,0.9344,1.5747,2.1544,2.4624
0.0025,0.9344,1.7683,2.1041,2.6624
0.0025,0.9344,1.9619,2.0538,2.8624
0.0025,0.9344,2.1555,2.0035,3.0624
0.0025,0.9344,2.3312,1.9578,3.2439
0.0025,0.9344,2.3312,1.9578,3.2439
-0.0282,1.132,0.0274,1.3242,0.2
-0.0282,1.132,0.0121,1.5236,0.4
-0.0282,1.132,0.005,1.5856,0.4624
-0.0282,1.132,0.0973,1.763,0.6624
-0.0282,1.132,0.2672,1.8686,0.8624
-0.0282,1.132,0.418,1.9999,1.0624
-0.0282,1.132,0.6179,1.9955,1.2624
-0.0282,1.132,0.8179,1.9911,1.4624
-0.0282,1.132,0.9956,2.0828,1.6624
-0.0282,1.132,1.1767,2.1677,1.8624
-0.0282,1.132,1.3751,2.1422,2.0624
-0.0282,1.132,1.5747,2.1544,2.2624
-0.0282,1.132,1.7683,2.1041,2.4624
-0.0282,1.132,1.9619,2.0538,2.6624
-0.0282,1.132,2.1555,2.0035,2.8624
-0.0282,1.132,2.3312,1.9578,3.0439
-0.0282,1.132,2.3312,1.9578,3.0439
0.0274,1.3242,0.0121,1.5236,0.2
0.0274,1.3242,0.005,1.5856,0.2624
0.0274,1.3242,0.0973,1.763,0.4624
0.0274,1.3242,0.2672,1.8686,0.6624
0.0274,1.3242,0.418,1.9999,0.8624
0.0274,1.3242,0.6179,1.9955,1.0624
0.0274,1.3242,0.8179,1.9911,1.2624
0.0274,1.3242,0.9956,2.0828,1.4624
0.0274,1.3242,1.1767,2.1677,1.6624
0.0274,1.3242,1.3751,2.1422,1.8624
0.0274,1.3242,1.5747,2.1544,2.0624
0.0274,1.3242,1.7683,2.1041,2.2624
0.0274,1.3242,1.9619,2.0538,2.4624
0.0274,1.3242,2.1555,2.0035,2.6624
0.0274,1.3242,2.3312,1.9578,2.8439
0.0274,1.3242,2.3312,1.9578,2.8439
0.0121,1.5236,0.005,1.5856,0.0624
0.0121,1.5236,0.0973,1.763,0.2624
0.0121,1.5236,0.2672,1.8686,0.4624
0.0121,1.5236,0.418,1.9999,0.6624
0.0121,1.5236,0.6179,1.9955,0.8624
0.0121,1.5236,0.8179,1.9911,1.0624
0.0121,1.5236,0.9956,2.0828,1.2624
0.0121,1.5236,1.1767,2.1677,1.4624
0.0121,1.5236,1.3751,2.1422,1.6624
0.0121,1.5236,1.5747,2.1544,1.8624
0.0121,1.5236,1.7683,2.1041,2.0624
0.0121,1.5236,1.9619,2.0538,2.2624
0.0121,1.5236,2.1555,2.0035,2.4624
0.0121,1.5236,2.3312,1.9578,2.6439
0.0121,1.5236,2.3312,1.9578,2.6439
0.005,1.5856,0.0973,1.763,0.2
0.005,1.5856,0.2672,1.8686,0.4
0.005,1.5856,0.418,1.9999,0.6
0.005,1.5856,0.6179,1.9955,0.8
0.005,1.5856,0.8179,1.9911,1.0
0.005,1.5856,0.9956,2.0828,1.2
0.005,1.5856,1.1767,2.1677,1.4
0.005,1.5856,1.3751,2.1422,1.6
0.005,1.5856,1.5747,2.1544,1.8
0.005,1.5856,1.7683,2.1041,2.0
0.005,1.5856,1.9619,2.0538,2.2
0.005,1.5856,2.1555,2.0035,2.4
0.005,1.5856,2.3312,1.9578,2.5815
0.005,1.5856,2.3312,1.9578,2.5815
0.0973,1.763,0.2672,1.8686,0.2
0.0973,1.763,0.418,1.9999,0.4
0.0973,1.763,0.6179,1.9955,0.6
0.0973,1.763,0.8179,1.9911,0.8
0.0973,1.763,0.9956,2.0828,1.0
0.0973,1.763,1.1767,2.1677,1.2
0.0973,1.763,1.3751,2.1422,1.4
0.0973,1.763,1.5747,2.1544,1.6
0.0973,1.763,1.7683,2.1041,1.8
0.0973,1.763,1.9619,2.0538,2.0
0.0973,1.763,2.1555,2.0035,2.2
0.0973,1.763,2.3312,1.9578,2.3815
0.0973,1.763,2.3312,1.9578,2.3815
0.2672,1.8686,0.418,1.9999,0.2
0.2672,1.8686,0.6179,1.9955,0.4
0.2672,1.8686,0.8179,1.9911,0.6
0.2672,1.8686,0.9956,2.0828,0.8
0.2672,1.8686,1.1767,2.1677,1.0
0.2672,1.8686,1.3751,2.1422,1.2
0.2672,1.8686,1.5747,2.1544,1.4
0.2672,1.8686,1.7683,2.1041,1.6
0.2672,1.8686,1.9619,2.0538,1.8
0.2672,1.8686,2.1555,2.0035,2.0
0.2672,1.8686,2.3312,1.9578,2.1815
0.2672,1.8686,2.3312,1.9578,2.1815
0.418,1.9999,0.6179,1.9955,0.2
0.418,1.9999,0.8179,1.9911,0.4
0.418,1.9999,0.9956,2.0828,0.6
0.418,1.9999,1.1767,2.1677,0.8
0.418,1.9999,1.3751,2.1422,1.0
0.418,1.9999,1.5747,2.1544,1.2
0.418,1.9999,1.7683,2.1041,1.4
0.418,1.9999,1.9619,2.0538,1.6
0.418,1.9999,2.1555,2.0035,1.8
0.418,1.9999,2.3312,1.9578,1.9815
0.418,1.9999,2.3312,1.9578,1.9815
0.6179,1.9955,0.8179,1.9911,0.2
0.6179,1.9955,0.9956,2.0828,0.4
0.6179,1.9955,1.1767,2.1677,0.6
0.6179,1.9955,1.3751,2.1422,0.8
0.6179,1.9955,1.5747,2.1544,1.0
0.6179,1.9955,1.7683,2.1041,1.2
0.6179,1.9955,1.9619,2.0538,1.4
0.6179,1.9955,2.1555,2.0035,1.6
0.6179,1.9955,2.3312,1.9578,1.7815
0.6179,1.9955,2.3312,1.9578,1.7815
0.8179,1.9911,0.9956,2.0828,0.2
0.8179,1.9911,1.1767,2.1677,0.4
0.8179,1.9911,1.3751,2.1422,0.6
0.8179,1.9911,1.5747,2.1544,0.8
0.8179,1.9911,1.7683,2.1041,1.0
0.8179,1.9911,1.9619,2.0538,1.2
0.8179,1.9911,2.1555,2.0035,1.4
0.8179,1.9911,2.3312,1.9578,1.5815
0.8179,1.9911,2.3312,1.9578,1.5815
0.9956,2.0828,1.1767,2.1677,0.2
0.9956,2.0828,1.3751,2.1422,0.4
0.9956,2.0828,1.5747,2.1544,0.6
0.9956,2.0828,1.7683,2.1041,0.8
0.9956,2.0828,1.9619,2.0538,1.0
0.9956,2.0828,2.1555,2.0035,1.2
0.9956,2.0828,2.3312,1.9578,1.3815
0.9956,2.0828,2.3312,1.9578,1.3815
1.1767,2.1677,1.3751,2.1422,0.2
1.1767,2.1677,1.5747,2.1544,0.4
1.1767,2.1677,1.7683,2.1041,0.6
1.1767,2.1677,1.9619,2.0538,0.8
1.1767,2.1677,2.1555,2.0035,1.0
1.1767,2.1677,2.3312,1.9578,1.1815
1.1767,2.1677,2.3312,1.9578,1.1815
1.3751,2.1422,1.5747,2.1544,0.2
1.3751,2.1422,1.7683,2.1041,0.4
1.3751,2.1422,1.9619,2.0538,0.6
1.3751,2.1422,2.1555,2.0035,0.8
1.3751,2.1422,2.3312,1.9578,0.9815
1.3751,2.1422,2.3312,1.9578,0.9815
1.5747,2.1544,1.7683,2.1041,0.2
1.5747,2.1544,1.9619,2.0538,0.4
1.5747,2.1544,2.1555,2.0035,0.6
1.5747,2.1544,2.3312,1.9578,0.7815
1.5747,2.1544,2.3312,1.9578,0.7815
1.7683,2.1041,1.9619,2.0538,0.2
1.7683,2.1041,2.1555,2.0035,0.4
1.7683,2.1041,2.3312,1.9578,0.5815
1.7683,2.1041,2.3312,1.9578,0.5815
1.9619,2.0538,2.1555,2.0035,0.2
1.9619,2.0538,2.3312,1.9578,0.3815
1.9619,2.0538,2.3312,1.9578,0.3815
2.1555,2.0035,2.3312,1.9578,0.1815
2.1555,2.0035,2.3312,1.9578,0.1815
2.3312,1.9578,2.3312,1.9578,0.0
-1.4433,0.406,-1.511,0.2178,0.2
-1.4433,0.406,-1.3778,0.0686,0.4
-1.4433,0.406,-1.1889,0.0029,0.6
-1.4433,0.406,-0.9937,0.0465,0.8
-1.4433,0.406,-0.828,0.1584,1.0
-1.4433,0.406,-0.6295,0.183,1.2
-1.4433,0.406,-0.4324,0.2168,1.4
-1.4433,0.406,-0.2989,0.0679,1.6
-1.4433,0.406,-0.2384,-0.1227,1.8
-1.4433,0.406,-0.1928,-0.3174,2.0
-1.4433,0.406,-0.0396,-0.4461,2.2
-1.4433,0.406,0.0947,-0.5943,2.4
-1.4433,0.406,0.223,-0.7477,2.6
-1.4433,0.406,0.3734,-0.8796,2.8
-1.4433,0.406,0.4278,-1.072,3.0
-1.4433,0.406,0.2875,-1.2146,3.2
-1.4433,0.406,0.2457,-1.4102,3.4
-1.4433,0.406,0.2151,-1.5535,3.5465
-1.4433,0.406,0.2151,-1.5535,3.5465
-1.511,0.2178,-1.3778,0.0686,0.2
-1.511,0.2178,-1.1889,0.0029,0.4
-1.511,0.2178,-0.9937,0.0465,0.6
-1.511,0.2178,-0.828,0.1584,0.8
-1.511,0.2178,-0.6295,0.183,1.0
-1.511,0.2178,-0.4324,0.2168,1.2
-1.511,0.2178,-0.2989,0.0679,1.4
-1.511,0.2178,-0.2384,-0.1227,1.6
-1.511,0.2178,-0.1928,-0.3174,1.8
-1.511,0.2178,-0.0396,-0.4461,2.0
-1.511,0.2178,0.0947,-0.5943,2.2
-1.511,0.2178,0.223,-0.7477,2.4
-1.511,0.2178,0.3734,-0.8796,2.6
-1.511,0.2178,0.4278,-1.072,2.8
-1.511,0.2178,0.2875,-1.2146,3.0
-1.511,0.2178,0.2457,-1.4102,3.2
-1.511,0.2178,0.2151,-1.5535,3.3465
-1.511,0.2178,0.2151,-1.5535,3.3465
-1.3778,0.0686,-1.1889,0.0029,0.2
-1.3778,0.0686,-0.9937,0.0465,0.4
-1.3778,0.0686,-0.828,0.1584,0.6
-1.3778,0.0686,-0.6295,0.183,0.8
-1.3778,0.0686,-0.4324,0.2168,1.0
-1.3778,0.0686,-0.2989,0.0679,1.2
-1.3778,0.0686,-0.2384,-0.1227,1.4
-1.3778,0.0686,-0.1928,-0.3174,1.6
-1.3778,0.0686,-0.0396,-0.4461,1.8
-1.3778,0.0686,0.0947,-0.5943,2.0
-1.3778,0.0686,0.223,-0.7477,2.2
-1.3778,0.0686,0.3734,-0.8796,2.4
-1.3778,0.0686,0.4278,-1.072,2.6
-1.3778,0.0686,0.2875,-1.2146,2.8
-1.3778,0.0686,0.2457,-1.4102,3.0
-1.3778,0.0686,0.2151,-1.5535,3.1465
-1.3778,0.0686,0.2151,-1.5535,3.1465
-1.1889,0.0029,-0.9937,0.0465,0.2
-1.1889,0.0029,-0.828,0.1584,0.4
-1.1889,0.0029,-0.6295,0.183,0.6
-1.1889,0.0029,-0.4324,0.2168,0.8
-1.1889,0.0029,-0.2989,0.0679,1.0
-1.1889,0.0029,-0.2384,-0.1227,1.2
-1.1889,0.0029,-0.1928,-0.3174,1.4
-1.1889,0.0029,-0.0396,-0.4461,1.6
-1.1889,0.0029,0.0947,-0.5943,1.8
-1.1889,0.0029,0.223,-0.7477,2.0
-1.1889,0.0029,0.3734,-0.8796,2.2
-1.1889,0.0029,0.4278,-1.072,2.4
-1.1889,0.0029,0.2875,-1.2146,2.6
-1.1889,0.0029,0.2457,-1.4102,2.8
-1.1889,0.0029,0.2151,-1.5535,2.9465
-1.1889,0.0029,0.2151,-1.5535,2.9465
-0.9937,0.0465,-0.828,0.1584,0.2
-0.9937,0.0465,-0.6295,0.183,0.4
-0.9937,0.0465,-0.4324,0.2168,0.6
-0.9937,0.0465,-0.2989,0.0679,0.8
-0.9937,0.0465,-0.2384,-0.1227,1.0
-0.9937,0.0465,-0.1928,-0.3174,1.2
-0.9937,0.0465,-0.0396,-0.4461,1.4
-0.9937,0.0465,0.0947,-0.5943,1.6
-0.9937,0.0465,0.223,-0.7477,1.8
-0.9937,0.0465,0.3734,-0.8796,2.0
-0.9937,0.0465,0.4278,-1.072,2.2
-0.9937,0.0465,0.2875,-1.2146,2.4
-0.9937,0.0465,0.2457,-1.4102,2.6
-0.9937,0.0465,0.2151,-1.5535,2.7465
-0.9937,0.0465,0.2151,-1.5535,2.7465
-0.828,0.1584,-0.6295,0.183,0.2
-0.828,0.1584,-0.4324,0.2168,0.4
-0.828,0.1584,-0.2989,0.0679,0.6
-0.828,0.1584,-0.2384,-0.1227,0.8
-0.828,0.1584,-0.1928,-0.3174,1.0
-0.828,0.1584,-0.0396,-0.4461,1.2
-0.828,0.1584,0.0947,-0.5943,1.4
-0.828,0.1584,0.223,-0.7477,1.6
-0.828,0.1584,0.3734,-0.8796,1.8
-0.828,0.1584,0.4278,-1.072,2.0
-0.828,0.1584,0.2875,-1.2146,2.2
-0.828,0.1584,0.2457,-1.4102,2.4
-0.828,0.1584,0.2151,-1.5535,2.5465
-0.828,0.1584,0.2151,-1.5535,2.5465
-0.6295,0.183,-0.4324,0.2168,0.2
-0.6295,0.183,-0.2989,0.0679,0.4
-0.6295,0.183,-0.2384,-0.1227,0.6
-0.6295,0.183,-0.1928,-0.3174,0.8
-0.6295,0.183,-0.0396,-0.4461,1.0
-0.6295,0.183,0.0947,-0.5943,1.2
-0.6295,0.183,0.223,-0.7477,1.4
-0.6295,0.183,0.3734,-0.8796,1.6
-0.6295,0.183,0.4278,-1.072,1.8
-0.6295,0.183,0.2875,-1.2146,2.0
-0.6295,0.183,0.2457,-1.4102,2.2
-0.6295,0.183,0.2151,-1.5535,2.3465
-0.6295,0.183,0.2151,-1.5535,2.3465
-0.4324,0.2168,-0.2989,0.0679,0.2
-0.4324,0.2168,-0.2384,-0.1227,0.4
-0.4324,0.2168,-0.1928,-0.3174,0.6
-0.4324,0.2168,-0.0396,-0.4461,0.8
-0.4324,0.2168,0.0947,-0.5943,1.0
-0.4324,0.2168,0.223,-0.7477,1.2
-0.4324,0.2168,0.3734,-0.8796,1.4
-0.4324,0.2168,0.4278,-1.072,1.6
-0.4324,0.2168,0.2875,-1.2146,1.8
-0.4324,0.2168,0.2457,-1.4102,2.0
-0.4324,0.2168,0.2151,-1.5535,2.1465
-0.4324,0.2168,0.2151,-1.5535,2.1465
-0.2989,0.0679,-0.2384,-0.1227,0.2
-0.2989,0.0679,-0.1928,-0.3174,0.4
-0.2989,0.0679,-0.0396,-0.4461,0.6
-0.2989,0.0679,0.0947,-0.5943,0.8
-0.2989,0.0679,0.223,-0.7477,1.0
-0.2989,0.0679,0.3734,-0.8796,1.2
-0.2989,0.0679,0.4278,-1.072,1.4
-0.2989,0.0679,0.2875,-1.2146,1.6
-0.2989,0.0679,0.2457,-1.4102,1.8
-0.2989,0.0679,0.2151,-1.5535,1.9465
-0.2989,0.0679,0.2151,-1.5535,1.9465
-0.2384,-0.1227,-0.1928,-0.3174,0.2
-0.2384,-0.1227,-0.0396,-0.4461,0.4
-0.2384,-0.1227,0.0947,-0.5943,0.6
-0.2384,-0.1227,0.223,-0.7477,0.8
-0.2384,-0.1227,0.3734,-0.8796,1.0
-0.2384,-0.1227,0.4278,-1.072,1.2
-0.2384,-0.1227,0.2875,-1.2146,1.4
-0.2384,-0.1227,0.2457,-1.4102,1.6
-0.2384,-0.1227,0.2151,-1.5535,1.7465
-0.2384,-0.1227,0.2151,-1.5535,1.7465
-0.1928,-0.3174,-0.0396,-0.4461,0.2
-0.1928,-0.3174,0.0947,-0.5943,0.4
-0.1928,-0.3174,0.223,-0.7477,0.6
-0.1928,-0.3174,0.3734,-0.8796,0.8
-0.1928,-0.3174,0.4278,-1.072,1.0
-0.1928,-0.3174,0.2875,-1.2146,1.2
-0.1928,-0.3174,0.2457,-1.4102,1.4
-0.1928,-0.3174,0.2151,-1.5535,1.5465
-0.1928,-0.3174,0.2151,-1.5535,1.5465
-0.0396,-0.4461,0.0947,-0.5943,0.2
-0.0396,-0.4461,0.223,-0.7477,0.4
-0.0396,-0.4461,0.3734,-0.8796,0.6
-0.0396,-0.4461,0.4278,-1.072,0.8
-0.0396,-0.4461,0.2875,-1.2146,1.0
-0.0396,-0.4461,0.2457,-1.4102,1.2
-0.0396,-0.4461,0.2151,-1.5535,1.3465
-0.0396,-0.4461,0.2151,-1.5535,1.3465
0.0947,-0.5943,0.223,-0.7477,0.2
0.0947,-0.5943,0.3734,-0.8796,0.4
0.0947,-0.5943,0.4278,-1.072,0.6
0.0947,-0.5943,0.2875,-1.2146,0.8
0.0947,-0.5943,0.2457,-1.4102,1.0
0.0947,-0.5943,0.2151,-1.5535,1.1465
0.0947,-0.5943,0.2151,-1.5535,1.1465
0.223,-0.7477,0.3734,-0.8796,0.2
0.223,-0.7477,0.4278,-1.072,0.4
0.223,-0.7477,0.2875,-1.2146,0.6
0.223,-0.7477,0.2457,-1.4102,0.8
0.223,-0.7477,0.2151,-1.5535,0.9465
0.223,-0.7477,0.2151,-1.5535,0.9465
0.3734,-0.8796,0.4278,-1.072,0.2
0.3734,-0.8796,0.2875,-1.2146,0.4
0.3734,-0.8796,0.2457,-1.4102,0.6
0.3734,-0.8796,0.2151,-1.5535,0.7465
0.3734,-0.8796,0.2151,-1.5535,0.7465
0.4278,-1.072,0.2875,-1.2146,0.2
0.4278,-1.072,0.2457,-1.4102,0.4
0.4278,-1.072,0.2151,-1.5535,0.5465
0.4278,-1.072,0.2151,-1.5535,0.5465
0.2875,-1.2146,0.2457,-1.4102,0.2
0.2875,-1.2146,0.2151,-1.5535,0.3465
0.2875,-1.2146,0.2151,-1.5535,0.3465
0.2457,-1.4102,0.2151,-1.5535,0.1465
0.2457,-1.4102,0.2151,-1.5535,0.1465
0.2151,-1.5535,0.2151,-1.5535,0.0
-1.8047,-2.6792,-1.8396,-2.4823,0.2
-1.8047,-2.6792,-2.0348,-2.4389,0.4
-1.8047,-2.6792,-2.2092,-2.5367,0.6
-1.8047,-2.6792,-2.3672,-2.5009,0.762
-1.8047,-2.6792,-2.5128,-2.6381,0.962
-1.8047,-2.6792,-2.5712,-2.7413,1.0806
-1.8047,-2.6792,-2.6845,-2.8031,1.2096
-1.8047,-2.6792,-2.6845,-2.8031,1.2096
-1.8396,-2.4823,-2.0348,-2.4389,0.2
-1.8396,-2.4823,-2.2092,-2.5367,0.4
-1.8396,-2.4823,-2.3672,-2.5009,0.562
-1.8396,-2.4823,-2.5128,-2.6381,0.762
-1.8396,-2.4823,-2.5712,-2.7413,0.8806
-1.8396,-2.4823,-2.6845,-2.8031,1.0096
-1.8396,-2.4823,-2.6845,-2.8031,1.0096
-2.0348,-2.4389,-2.2092,-2.5367,0.2
-2.0348,-2.4389,-2.3672,-2.5009,0.362
-2.0348,-2.4389,-2.5128,-2.6381,0.562
-2.0348,-2.4389,-2.5712,-2.7413,0.6806
-2.0348,-2.4389,-2.6845,-2.8031,0.8096
-2.0348,-2.4389,-2.6845,-2.8031,0.8096
-2.2092,-2.5367,-2.3672,-2.5009,0.162
-2.2092,-2.5367,-2.5128,-2.6381,0.362
-2.2092,-2.5367,-2.5712,-2.7413,0.4806
-2.2092,-2.5367,-2.6845,-2.8031,0.6096
-2.2092,-2.5367,-2.6845,-2.8031,0.6096
-2.3672,-2.5009,-2.5128,-2.6381,0.2
-2.3672,-2.5009,-2.5712,-2.7413,0.3187
-2.3672,-2.5009,-2.6845,-2.8031,0.4477
-2.3672,-2.5009,-2.6845,-2.8031,0.4477
-2.5128,-2.6381,-2.5712,-2.7413,0.1187
-2.5128,-2.6381,-2.6845,-2.8031,0.2477
-2.5128,-2.6381,-2.6845,-2.8031,0.2477
-2.5712,-2.7413,-2.6845,-2.8031,0.129
-2.5712,-2.7413,-2.6845,-2.8031,0.129
-2.6845,-2.8031,-2.6845,-2.8031,0.0
-0.9533,2.576,-0.7979,2.4501,0.2
-0.9533,2.576,-0.8463,2.256,0.4
-0.9533,2.576,-0.8606,2.0565,0.6
-0.9533,2.576,-0.7819,1.8727,0.8
-0.9533,2.576,-0.6628,1.712,1.0
-0.9533,2.576,-0.6107,1.5189,1.2
-0.9533,2.576,-0.5288,1.3364,1.4
-0.9533,2.576,-0.4627,1.1477,1.6
-0.9533,2.576,-0.5814,0.9867,1.8
-0.9533,2.576,-0.5843,0.7867,2.0
-0.9533,2.576,-0.4806,0.6157,2.2
-0.9533,2.576,-0.4462,0.4187,2.4
-0.9533,2.576,-0.6087,0.3022,2.6
-0.9533,2.576,-0.7962,0.2326,2.8
-0.9533,2.576,-0.8139,0.0333,3.0
-0.9533,2.576,-0.7312,-0.1487,3.2
-0.9533,2.576,-0.7231,-0.3486,3.4
-0.9533,2.576,-0.8958,-0.4494,3.6
-0.9533,2.576,-1.0838,-0.5176,3.8
-0.9533,2.576,-1.1776,-0.6942,4.0
-0.9533,2.576,-1.3697,-0.7498,4.2
-0.9533,2.576,-1.5692,-0.7359,4.4
-0.9533,2.576,-1.7573,-0.804,4.6
-0.9533,2.576,-1.9282,-0.9079,4.8
-0.9533,2.576,-2.0521,-1.0649,5.0
-0.9533,2.576,-2.2518,-1.076,5.2
-0.9533,2.576,-2.3615,-0.9089,5.4
-0.9533,2.576,-2.5064,-1.0468,5.6
-0.9533,2.576,-2.5549,-1.093,5.667
-0.9533,2.576,-2.5549,-1.093,5.667
-0.7979,2.4501,-0.8463,2.256,0.2
-0.7979,2.4501,-0.8606,2.0565,0.4
-0.7979,2.4501,-0.7819,1.8727,0.6
-0.7979,2.4501,-0.6628,1.712,0.8
-0.7979,2.4501,-0.6107,1.5189,1.0
-0.7979,2.4501,-0.5288,1.3364,1.2
-0.7979,2.4501,-0.4627,1.1477,1.4
-0.7979,2.4501,-0.5814,0.9867,1.6
-0.7979,2.4501,-0.5843,0.7867,1.8
-0.7979,2.4501,-0.4806,0.6157,2.0
-0.7979,2.4501,-0.4462,0.4187,2.2
-0.7979,2.4501,-0.6087,0.3022,2.4
-0.7979,2.4501,-0.7962,0.2326,2.6
-0.7979,2.4501,-0.8139,0.0333,2.8
-0.7979,2.4501,-0.7312,-0.1487,3.0
-0.7979,2.4501,-0.7231,-0.3486,3.2
-0.7979,2.4501,-0.8958,-0.4494,3.4
-0.7979,2.4501,-1.0838,-0.5176,3.6
-0.7979,2.4501,-1.1776,-0.6942,3.8
-0.7979,2.4501,-1.3697,-0.7498,4.0
-0.7979,2.4501,-1.5692,-0.7359,4.2
-0.7979,2.4501,-1.7573,-0.804,4.4
-0.7979,2.4501,-1.9282,-0.9079,4.6
-0.7979,2.4501,-2.0521,-1.0649,4.8
-0.7979,2.4501,-2.2518,-1.076,5.0
-0.7979,2.4501,-2.3615,-0.9089,5.2
-0.7979,2.4501,-2.5064,-1.0468,5.4
-0.7979,2.4501,-2.5549,-1.093,5.467
-0.7979,2.4501,-2.5549,-1.093,5.467
-0.8463,2.256,-0.8606,2.0565,0.2
-0.8463,2.256,-0.7819,1.8727,0.4
-0.8463,2.256,-0.6628,1.712,0.6
-0.8463,2.256,-0.6107,1.5189,0.8
-0.8463,2.256,-0.5288,1.3364,1.0
-0.8463,2.256,-0.4627,1.1477,1.2
-0.8463,2.256,-0.5814,0.9867,1.4
-0.8463,2.256,-0.5843,0.7867,1.6
-0.8463,2.256,-0.4806,0.6157,1.8
-0.8463,2.256,-0.4462,0.4187,2.0
-0.8463,2.256,-0.6087,0.3022,2.2
-0.8463,2.256,-0.7962,0.2326,2.4
-0.8463,2.256,-0.8139,0.0333,2.6
-0.8463,2.256,-0.7312,-0.1487,2.8
-0.8463,2.256,-0.7231,-0.3486,3.0
-0.8463,2.256,-0.8958,-0.4494,3.2
-0.8463,2.256,-1.0838,-0.5176,3.4
-0.8463,2.256,-1.1776,-0.6942,3.6
-0.8463,2.256,-1.3697,-0.7498,3.8
-0.8463,2.256,-1.5692,-0.7359,4.0
-0.8463,2.256,-1.7573,-0.804,4.2
-0.8463,2.256,-1.9282,-0.9079,4.4
-0.8463,2.256,-2.0521,-1.0649,4.6
-0.8463,2.256,-2.2518,-1.076,4.8
-0.8463,2.256,-2.3615,-0.9089,5.0
-0.8463,2.256,-2.5064,-1.0468,5.2
-0.8463,2.256,-2.5549,-1.093,5.267
-0.8463,2.256,-2.5549,-1.093,5.267
-0.8606,2.0565,-0.7819,1.8727,0.2
-0.8606,2.0565,-0.6628,1.712,0.4
-0.8606,2.0565,-0.6107,1.5189,0.6
-0.8606,2.0565,-0.5288,1.3364,0.8
-0.8606,2.0565,-0.4627,1.1477,1.0
-0.8606,2.0565,-0.5814,0.9867,1.2
-0.8606,2.0565,-0.5843,0.7867,1.4
-0.8606,2.0565,-0.4806,0.6157,1.6
-0.8606,2.0565,-0.4462,0.4187,1.8
-0.8606,2.0565,-0.6087,0.3022,2.0
-0.8606,2.0565,-0.7962,0.2326,2.2
-0.8606,2.0565,-0.8139,0.0333,2.4
-0.8606,2.0565,-0.7312,-0.1487,2.6
-0.8606,2.0565,-0.7231,-0.3486,2.8
-0.8606,2.0565,-0.8958,-0.4494,3.0
-0.8606,2.0565,-1.0838,-0.5176,3.2
-0.8606,2.0565,-1.1776,-0.6942,3.4
-0.8606,2.0565,-1.3697,-0.7498,3.6
-0.8606,2.0565,-1.5692,-0.7359,3.8
-0.8606,2.0565,-1.7573,-0.804,4.0
-0.8606,2.0565,-1.9282,-0.9079,4.2
-0.8606,2.0565,-2.0521,-1.0649,4.4
-0.8606,2.0565,-2.2518,-1.076,4.6
-0.8606,2.0565,-2.3615,-0.9089,4.8
-0.8606,2.0565,-2.5064,-1.0468,5.0
-0.8606,2.0565,-2.5549,-1.093,5.067
-0.8606,2.0565,-2.5549,-1.093,5.067
-0.7819,1.8727,-0.6628,1.712,0.2
-0.7819,1.8727,-0.6107,1.5189,0.4
-0.7819,1.8727,-0.5288,1.3364,0.6
-0.7819,1.8727,-0.4627,1.1477,0.8
-0.7819,1.8727,-0.5814,0.9867,1.0
-0.7819,1.8727,-0.5843,0.7867,1.2
-0.7819,1.8727,-0.4806,0.6157,1.4
-0.7819,1.8727,-0.4462,0.4187,1.6
-0.7819,1.8727,-0.6087,0.3022,1.8
-0.7819,1.8727,-0.7962,0.2326,2.0
-0.7819,1.8727,-0.8139,0.0333,2.2
-0.7819,1.8727,-0.7312,-0.1487,2.4
-0.7819,1.8727,-0.7231,-0.3486,2.6
-0.7819,1.8727,-0.8958,-0.4494,2.8
-0.7819,1.8727,-1.0838,-0.5176,3.0
-0.7819,1.8727,-1.1776,-0.6942,3.2
-0.7819,1.8727,-1.3697,-0.7498,3.4
-0.7819,1.8727,-1.5692,-0.7359,3.6
-0.7819,1.8727,-1.7573,-0.804,3.8
-0.7819,1.8727,-1.9282,-0.9079,4.0
-0.7819,1.8727,-2.0521,-1.0649,4.2
-0.7819,1.8727,-2.2518,-1.076,4.4
-0.7819,1.8727,-2.3615,-0.9089,4.6
-0.7819,1.8727,-2.5064,-1.0468,4.8
-0.7819,1.8727,-2.5549,-1.093,4.867
-0.7819,1.8727,-2.5549,-1.093,4.867
-0.6628,1.712,-0.6107,1.5189,0.2
-0.6628,1.712,-0.5288,1.3364,0.4
-0.6628,1.712,-0.4627,1.1477,0.6
-0.6628,1.712,-0.5814,0.9867,0.8
-0.6628,1.712,-0.5843,0.7867,1.0
-0.6628,1.712,-0.4806,0.6157,1.2
-0.6628,1.712,-0.4462,0.4187,1.4
-0.6628,1.712,-0.6087,0.3022,1.6
-0.6628,1.712,-0.7962,0.2326,1.8
-0.6628,1.712,-0.8139,0.0333,2.0
-0.6628,1.712,-0.7312,-0.1487,2.2
-0.6628,1.712,-0.7231,-0.3486,2.4
-0.6628,1.712,-0.8958,-0.4494,2.6
-0.6628,1.712,-1.0838,-0.5176,2.8
-0.6628,1.712,-1.1776,-0.6942,3.0
-0.6628,1.712,-1.3697,-0.7498,3.2
-0.6628,1.712,-1.5692,-0.7359,3.4
-0.6628,1.712,-1.7573,-0.804,3.6
-0.6628,1.712,-1.9282,-0.9079,3.8
-0.6628,1.712,-2.0521,-1.0649,4.0
-0.6628,1.712,-2.2518,-1.076,4.2
-0.6628,1.712,-2.3615,-0.9089,4.4
-0.6628,1.712,-2.5064,-1.0468,4.6
-0.6628,1.712,-2.5549,-1.093,4.667
-0.6628,1.712,-2.5549,-1.093,4.667
-0.6107,1.5189,-0.5288,1.3364,0.2
-0.6107,1.5189,-0.4627,1.1477,0.4
-0.6107,1.5189,-0.5814,0.9867,0.6
-0.6107,1.5189,-0.5843,0.7867,0.8
-0.6107,1.5189,-0.4806,0.6157,1.0
-0.6107,1.5189,-0.4462,0.4187,1.2
-0.6107,1.5189,-0.6087,0.3022,1.4
-0.6107,1.5189,-0.7962,0.2326,1.6
-0.6107,1.5189,-0.8139,0.0333,1.8
-0.6107,1.5189,-0.7312,-0.1487,2.0
-0.6107,1.5189,-0.7231,-0.3486,2.2
-0.6107,1.5189,-0.8958,-0.4494,2.4
-0.6107,1.5189,-1.0838,-0.5176,2.6
-0.6107,1.5189,-1.1776,-0.6942,2.8
-0.6107,1.5189,-1.3697,-0.7498,3.0
-0.6107,1.5189,-1.5692,-0.7359,3.2
-0.6107,1.5189,-1.7573,-0.804,3.4
-0.6107,1.5189,-1.9282,-0.9079,3.6
-0.6107,1.5189,-2.0521,-1.0649,3.8
-0.6107,1.5189,-2.2518,-1.076,4.0
-0.6107,1.5189,-2.3615,-0.9089,4.2
-0.6107,1.5189,-2.5064,-1.0468,4.4
-0.6107,1.5189,-2.5549,-1.093,4.467
-0.6107,1.5189,-2.5549,-1.093,4.467
-0.5288,1.3364,-0.4627,1.1477,0.2
-0.5288,1.3364,-0.5814,0.9867,0.4
-0.5288,1.3364,-0.5843,0.7867,0.6
-0.5288,1.3364,-0.4806,0.6157,0.8
-0.5288,1.3364,-0.4462,0.4187,1.0
-0.5288,1.3364,-0.6087,0.3022,1.2
-0.5288,1.3364,-0.7962,0.2326,1.4
-0.5288,1.3364,-0.8139,0.0333,1.6
-0.5288,1.3364,-0.7312,-0.1487,1.8
-0.5288,1.3364,-0.7231,-0.3486,2.0
-0.5288,1.3364,-0.8958,-0.4494,2.2
-0.5288,1.3364,-1.0838,-0.5176,2.4
-0.5288,1.3364,-1.1776,-0.6942,2.6
-0.5288,1.3364,-1.3697,-0.7498,2.8
-0.5288,1.3364,-1.5692,-0.7359,3.0
-0.5288,1.3364,-1.7573,-0.804,3.2
-0.5288,1.3364,-1.9282,-0.9079,3.4
-0.5288,1.3364,-2.0521,-1.0649,3.6
-0.5288,1.3364,-2.2518,-1.076,3.8
-0.5288,1.3364,-2.3615,-0.9089,4.0
-0.5288,1.3364,-2.5064,-1.0468,4.2
-0.5288,1.3364,-2.5549,-1.093,4.267
-0.5288,1.3364,-2.5549,-1.093,4.267
-0.4627,1.1477,-0.5814,0.9867,0.2
-0.4627,1.1477,-0.5843,0.7867,0.4
-0.4627,1.1477,-0.4806,0.6157,0.6
-0.4627,1.1477,-0.4462,0.4187,0.8
-0.4627,1.1477,-0.6087,0.3022,1.0
-0.4627,1.1477,-0.7962,0.2326,1.2
-0.4627,1.1477,-0.8139,0.0333,1.4
-0.4627,1.1477,-0.7312,-0.1487,1.6
-0.4627,1.1477,-0.7231,-0.3486,1.8
-0.4627,1.1477,-0.8958,-0.4494,2.0
-0.4627,1.1477,-1.0838,-0.5176,2.2
-0.4627,1.1477,-1.1776,-0.6942,2.4
-0.4627,1.1477,-1.3697,-0.7498,2.6
-0.4627,1.1477,-1.5692,-0.7359,2.8
-0.4627,1.1477,-1.7573,-0.804,3.0
-0.4627,1.1477,-1.9282,-0.9079,3.2
-0.4627,1.1477,-2.0521,-1.0649,3.4
-0.4627,1.1477,-2.2518,-1.076,3.6
-0.4627,1.1477,-2.3615,-0.9089,3.8
-0.4627,1.1477,-2.5064,-1.0468,4.0
-0.4627,1.1477,-2.5549,-1.093,4.067
-0.4627,1.1477,-2.5549,-1.093,4.067
-0.5814,0.9867,-0.5843,0.7867,0.2
-0.5814,0.9867,-0.4806,0.6157,0.4
-0.5814,0.9867,-0.4462,0.4187,0.6
-0.5814,0.9867,-0.6087,0.3022,0.8
-0.5814,0.9867,-0.7962,0.2326,1.0
-0.5814,0.9867,-0.8139,0.0333,1.2
-0.5814,0.9867,-0.7312,-0.1487,1.4
-0.5814,0.9867,-0.7231,-0.3486,1.6
-0.5814,0.9867,-0.8958,-0.4494,1.8
-0.5814,0.9867,-1.0838,-0.5176,2.0
-0.5814,0.9867,-1.1776,-0.6942,2.2
-0.5814,0.9867,-1.3697,-0.7498,2.4
-0.5814,0.9867,-1.5692,-0.7359,2.6
-0.5814,0.9867,-1.7573,-0.804,2.8
-0.5814,0.9867,-1.9282,-0.9079,3.0
-0.5814,0.9867,-2.0521,-1.0649,3.2
-0.5814,0.9867,-2.2518,-1.076,3.4
-0.5814,0.9867,-2.3615,-0.9089,3.6
-0.5814,0.9867,-2.5064,-1.0468,3.8
-0.5814,0.9867,-2.5549,-1.093,3.867
-0.5814,0.9867,-2.5549,-1.093,3.867
-0.5843,0.7867,-0.4806,0.6157,0.2
-0.5843,0.7867,-0.4462,0.4187,0.4
-0.5843,0.7867,-0.6087,0.3022,0.6
-0.5843,0.7867,-0.7962,0.2326,0.8
-0.5843,0.7867,-0.8139,0.0333,1.0
-0.5843,0.7867,-0.7312,-0.1487,1.2
-0.5843,0.7867,-0.7231,-0.3486,1.4
-0.5843,0.7867,-0.8958,-0.4494,1.6
-0.5843,0.7867,-1.0838,-0.5176,1.8
-0.5843,0.7867,-1.1776,-0.6942,2.0
-0.5843,0.7867,-1.3697,-0.7498,2.2
-0.5843,0.7867,-1.5692,-0.7359,2.4
-0.5843,0.7867,-1.7573,-0.804,2.6
-0.5843,0.7867,-1.9282,-0.9079,2.8
-0.5843,0.7867,-2.0521,-1.0649,3.0
-0.5843,0.7867,-2.2518,-1.076,3.2
-0.5843,0.7867,-2.3615,-0.9089,3.4
-0.5843,0.7867,-2.5064,-1.0468,3.6
-0.5843,0.7867,-2.5549,-1.093,3.667
-0.5843,0.7867,-2.5549,-1.093,3.667
-0.4806,0.6157,-0.4462,0.4187,0.2
-0.4806,0.6157,-0.6087,0.3022,0.4
-0.4806,0.6157,-0.7962,0.2326,0.6
-0.4806,0.6157,-0.8139,0.0333,0.8
-0.4806,0.6157,-0.7312,-0.1487,1.0
-0.4806,0.6157,-0.7231,-0.3486,1.2
-0.4806,0.6157,-0.8958,-0.4494,1.4
-0.4806,0.6157,-1.0838,-0.5176,1.6
-0.4806,0.6157,-1.1776,-0.6942,1.8
-0.4806,0.6157,-1.3697,-0.7498,2.0
-0.4806,0.6157,-1.5692,-0.7359,2.2
-0.4806,0.6157,-1.7573,-0.804,2.4
-0.4806,0.6157,-1.9282,-0.9079,2.6
-0.4806,0.6157,-2.0521,-1.0649,2.8
-0.4806,0.6157,-2.2518,-1.076,3.0
-0.4806,0.6157,-2.3615,-0.9089,3.2
-0.4806,0.6157,-2.5064,-1.0468,3.4
-0.4806,0.6157,-2.5549,-1.093,3.467
-0.4806,0.6157,-2.5549,-1.093,3.467
-0.4462,0.4187,-0.6087,0.3022,0.2
-0.4462,0.4187,-0.7962,0.2326,0.4
-0.4462,0.4187,-0.8139,0.0333,0.6
-0.4462,0.4187,-0.7312,-0.1487,0.8
-0.4462,0.4187,-0.7231,-0.3486,1.0
-0.4462,0.4187,-0.8958,-0.4494,1.2
-0.4462,0.4187,-1.0838,-0.5176,1.4
-0.4462,0.4187,-1.1776,-0.6942,1.6
-0.4462,0.4187,-1.3697,-0.7498,1.8
-0.4462,0.4187,-1.5692,-0.7359,2.0
-0.4462,0.4187,-1.7573,-0.804,2.2
-0.4462,0.4187,-1.9282,-0.9079,2.4
-0.4462,0.4187,-2.0521,-1.0649,2.6
-0.4462,0.4187,-2.2518,-1.076,2.8
-0.4462,0.4187,-2.3615,-0.9089,3.0
-0.4462,0.4187,-2.5064,-1.0468,3.2
-0.4462,0.4187,-2.5549,-1.093,3.267
-0.4462,0.4187,-2.5549,-1.093,3.267
-0.6087,0.3022,-0.7962,0.2326,0.2
-0.6087,0.3022,-0.8139,0.0333,0.4
-0.6087,0.3022,-0.7312,-0.1487,0.6
-0.6087,0.3022,-0.7231,-0.3486,0.8
-0.6087,0.3022,-0.8958,-0.4494,1.0
-0.6087,0.3022,-1.0838,-0.5176,1.2
-0.6087,0.3022,-1.1776,-0.6942,1.4
-0.6087,0.3022,-1.3697,-0.7498,1.6
-0.6087,0.3022,-1.5692,-0.7359,1.8
-0.6087,0.3022,-1.7573,-0.804,2.0
-0.6087,0.3022,-1.9282,-0.9079,2.2
-0.6087,0.3022,-2.0521,-1.0649,2.4
-0.6087,0.3022,-2.2518,-1.076,2.6
-0.6087,0.3022,-2.3615,-0.9089,2.8
-0.6087,0.3022,-2.5064,-1.0468,3.0
-0.6087,0.3022,-2.5549,-1.093,3.067
-0.6087,0.3022,-2.5549,-1.093,3.067
-0.7962,0.2326,-0.8139,0.0333,0.2
-0.7962,0.2326,-0.7312,-0.1487,0.4
-0.7962,0.2326,-0.7231,-0.3486,0.6
-0.7962,0.2326,-0.8958,-0.4494,0.8
-0.7962,0.2326,-1.0838,-0.5176,1.0
-0.7962,0.2326,-1.1776,-0.6942,1.2
-0.7962,0.2326,-1.3697,-0.7498,1.4
-0.7962,0.2326,-1.5692,-0.7359,1.6
-0.7962,0.2326,-1.7573,-0.804,1.8
-0.7962,0.2326,-1.9282,-0.9079,2.0
-0.7962,0.2326,-2.0521,-1.0649,2.2
-0.7962,0.2326,-2.2518,-1.076,2.4
-0.7962,0.2326,-2.3615,-0.9089,2.6
-0.7962,0.2326,-2.5064,-1.0468,2.8
-0.7962,0.2326,-2.5549,-1.093,2.867
-0.7962,0.2326,-2.5549,-1.093,2.867
-0.8139,0.0333,-0.7312,-0.1487,0.2
-0.8139,0.0333,-0.7231,-0.3486,0.4
-0.8139,0.0333,-0.8958,-0.4494,0.6
-0.8139,0.0333,-1.0838,-0.5176,0.8
-0.8139,0.0333,-1.1776,-0.6942,1.0
-0.8139,0.0333,-1.3697,-0.7498,1.2
-0.8139,0.0333,-1.5692,-0.7359,1.4
-0.8139,0.0333,-1.7573,-0.804,1.6
-0.8139,0.0333,-1.9282,-0.9079,1.8
-0.8139,0.0333,-2.0521,-1.0649,2.0
-0.8139,0.0333,-2.2518,-1.076,2.2
-0.8139,0.0333,-2.3615,-0.9089,2.4
-0.8139,0.0333,-2.5064,-1.0468,2.6
-0.8139,0.0333,-2.5549,-1.093,2.667
-0.8139,0.0333,-2.5549,-1.093,2.667
-0.7312,-0.1487,-0.7231,-0.3486,0.2
-0.7312,-0.1487,-0.8958,-0.4494,0.4
-0.7312,-0.1487,-1.0838,-0.5176,0.6
-0.7312,-0.1487,-1.1776,-0.6942,0.8
-0.7312,-0.1487,-1.3697,-0.7498,1.0
-0.7312,-0.1487,-1.5692,-0.7359,1.2
-0.7312,-0.1487,-1.7573,-0.804,1.4
-0.7312,-0.1487,-1.9282,-0.9079,1.6
-0.7312,-0.1487,-2.0521,-1.0649,1.8
-0.7312,-0.1487,-2.2518,-1.076,2.0
-0.7312,-0.1487,-2.3615,-0.9089,2.2
-0.7312,-0.1487,-2.5064,-1.0468,2.4
-0.7312,-0.1487,-2.5549,-1.093,2.467
-0.7312,-0.1487,-2.5549,-1.093,2.467
-0.7231,-0.3486,-0.8958,-0.4494,0.2
-0.7231,-0.3486,-1.0838,-0.5176,0.4
-0.7231,-0.3486,-1.1776,-0.6942,0.6
-0.7231,-0.3486,-1.3697,-0.7498,0.8
-0.7231,-0.3486,-1.5692,-0.7359,1.0
-0.7231,-0.3486,-1.7573,-0.804,1.2
-0.7231,-0.3486,-1.9282,-0.9079,1.4
-0.7231,-0.3486,-2.0521,-1.0649,1.6
-0.7231,-0.3486,-2.2518,-1.076,1.8
-0.7231,-0.3486,-2.3615,-0.9089,2.0
-0.7231,-0.3486,-2.5064,-1.0468,2.2
-0.7231,-0.3486,-2.5549,-1.093,2.267
-0.7231,-0.3486,-2.5549,-1.093,2.267
-0.8958,-0.4494,-1.0838,-0.5176,0.2
-0.8958,-0.4494,-1.1776,-0.6942,0.4
-0.8958,-0.4494,-1.3697,-0.7498,0.6
-0.8958,-0.4494,-1.5692,-0.7359,0.8
-0.8958,-0.4494,-1.7573,-0.804,1.0
-0.8958,-0.4494,-1.9282,-0.9079,1.2
-0.8958,-0.4494,-2.0521,-1.0649,1.4
-0.8958,-0.4494,-2.2518,-1.076,1.6
-0.8958,-0.4494,-2.3615,-0.9089,1.8
-0.8958,-0.4494,-2.5064,-1.0468,2.0
-0.8958,-0.4494,-2.5549,-1.093,2.067
-0.8958,-0.4494,-2.5549,-1.093,2.067
-1.0838,-0.5176,-1.1776,-0.6942,0.2
-1.0838,-0.5176,-1.3697,-0.7498,0.4
-1.0838,-0.5176,-1.5692,-0.7359,0.6
-1.0838,-0.5176,-1.7573,-0.804,0.8
-1.0838,-0.5176,-1.9282,-0.9079,1.0
-1.0838,-0.5176,-2.0521,-1.0649,1.2
-1.0838,-0.5176,-2.2518,-1.076,1.4
-1.0838,-0.5176,-2.3615,-0.9089,1.6
-1.0838,-0.5176,-2.5064,-1.0468,1.8
-1.0838,-0.5176,-2.5549,-1.093,1.867
-1.0838,-0.5176,-2.5549,-1.093,1.867
-1.1776,-0.6942,-1.3697,-0.7498,0.2
-1.1776,-0.6942,-1.5692,-0.7359,0.4
-1.1776,-0.6942,-1.7573,-0.804,0.6
-1.1776,-0.6942,-1.9282,-0.9079,0.8
-1.1776,-0.6942,-2.0521,-1.0649,1.0
-1.1776,-0.6942,-2.2518,-1.076,1.2
-1.1776,-0.6942,-2.3615,-0.9089,1.4
-1.1776,-0.6942,-2.5064,-1.0468,1.6
-1.1776,-0.6942,-2.5549,-1.093,1.667
-1.1776,-0.6942,-2.5549,-1.093,1.667
-1.3697,-0.7498,-1.5692,-0.7359,0.2
-1.3697,-0.7498,-1.7573,-0.804,0.4
-1.3697,-0.7498,-1.9282,-0.9079,0.6
-1.3697,-0.7498,-2.0521,-1.0649,0.8
-1.3697,-0.7498,-2.2518,-1.076,1.0
-1.3697,-0.7498,-2.3615,-0.9089,1.2
-1.3697,-0.7498,-2.5064,-1.0468,1.4
-1.3697,-0.7498,-2.5549,-1.093,1.467
-1.3697,-0.7498,-2.5549,-1.093,1.467
-1.5692,-0.7359,-1.7573,-0.804,0.2
-1.5692,-0.7359,-1.9282,-0.9079,0.4
-1.5692,-0.7359,-2.0521,-1.0649,0.6
-1.5692,-0.7359,-2.2518,-1.076,0.8
-1.5692,-0.7359,-2.3615,-0.9089,1.0
-1.5692,-0.7359,-2.5064,-1.0468,1.2
-1.5692,-0.7359,-2.5549,-1.093,1.267
-1.5692,-0.7359,-2.5549,-1.093,1.267
-1.7573,-0.804,-1.9282,-0.9079,0.2
-1.7573,-0.804,-2.0521,-1.0649,0.4
-1.7573,-0.804,-2.2518,-1.076,0.6
-1.7573,-0.804,-2.3615,-0.9089,0.8
-1.7573,-0.804,-2.5064,-1.0468,1.0
-1.7573,-0.804,-2.5549,-1.093,1.067
-1.7573,-0.804,-2.5549,-1.093,1.067
-1.9282,-0.9079,-2.0521,-1.0649,0.2
-1.9282,-0.9079,-2.2518,-1.076,0.4
-1.9282,-0.9079,-2.3615,-0.9089,0.6
-1.9282,-0.9079,-2.5064,-1.0468,0.8
-1.9282,-0.9079,-2.5549,-1.093,0.867
-1.9282,-0.9079,-2.5549,-1.093,0.867
-2.0521,-1.0649,-2.2518,-1.076,0.2
-2.0521,-1.0649,-2.3615,-0.9089,0.4
-2.0521,-1.0649,-2.5064,-1.0468,0.6
-2.0521,-1.0649,-2.5549,-1.093,0.667
-2.0521,-1.0649,-2.5549,-1.093,0.667
-2.2518,-1.076,-2.3615,-0.9089,0.2
-2.2518,-1.076,-2.5064,-1.0468,0.4
-2.2518,-1.076,-2.5549,-1.093,0.467
-2.2518,-1.076,-2.5549,-1.093,0.467
-2.3615,-0.9089,-2.5064,-1.0468,0.2
-2.3615,-0.9089,-2.5549,-1.093,0.267
-2.3615,-0.9089,-2.5549,-1.093,0.267
-2.5064,-1.0468,-2.5549,-1.093,0.067
-2.5064,-1.0468,-2.5549,-1.093,0.067
-2.5549,-1.093,-2.5549,-1.093,0.0
-1.3762,0.0003,-1.255,-0.1589,0.2
-1.3762,0.0003,-1.0588,-0.1972,0.4
-1.3762,0.0003,-0.8748,-0.2756,0.6
-1.3762,0.0003,-0.6781,-0.3118,0.8
-1.3762,0.0003,-0.4851,-0.2592,1.0
-1.3762,0.0003,-0.2851,-0.2578,1.2
-1.3762,0.0003,-0.1807,-0.4284,1.4
-1.3762,0.0003,-0.23,-0.6222,1.6
-1.3762,0.0003,-0.193,-0.8188,1.8
-1.3762,0.0003,-0.3389,-0.9556,2.0
-1.3762,0.0003,-0.5134,-1.0533,2.2
-1.3762,0.0003,-0.5064,-1.142,2.2891
-1.3762,0.0003,-0.5064,-1.142,2.2891
-1.255,-0.1589,-1.0588,-0.1972,0.2
-1.255,-0.1589,-0.8748,-0.2756,0.4
-1.255,-0.1589,-0.6781,-0.3118,0.6
-1.255,-0.1589,-0.4851,-0.2592,0.8
-1.255,-0.1589,-0.2851,-0.2578,1.0
-1.255,-0.1589,-0.1807,-0.4284,1.2
-1.255,-0.1589,-0.23,-0.6222,1.4
-1.255,-0.1589,-0.193,-0.8188,1.6
-1.255,-0.1589,-0.3389,-0.9556,1.8
-1.255,-0.1589,-0.5134,-1.0533,2.0
-1.255,-0.1589,-0.5064,-1.142,2.0891
-1.255,-0.1589,-0.5064,-1.142,2.0891
-1.0588,-0.1972,-0.8748,-0.2756,0.2
-1.0588,-0.1972,-0.6781,-0.3118,0.4
-1.0588,-0.1972,-0.4851,-0.2592,0.6
-1.0588,-0.1972,-0.2851,-0.2578,0.8
-1.0588,-0.1972,-0.1807,-0.4284,1.0
-1.0588,-0.1972,-0.23,-0.6222,1.2
-1.0588,-0.1972,-0.193,-0.8188,1.4
-1.0588,-0.1972,-0.3389,-0.9556,1.6
-1.0588,-0.1972,-0.5134,-1.0533,1.8
-1.0588,-0.1972,-0.5064,-1.142,1.8891
-1.0588,-0.1972,-0.5064,-1.142,1.8891
-0.8748,-0.2756,-0.6781,-0.3118,0.2
-0.8748,-0.2756,-0.4851,-0.2592,0.4
-0.8748,-0.2756,-0.2851,-0.2578,0.6
-0.8748,-0.2756,-0.1807,-0.4284,0.8
-0.8748,-0.2756,-0.23,-0.6222,1.0
-0.8748,-0.2756,-0.193,-0.8188,1.2
-0.8748,-0.2756,-0.3389,-0.9556,1.4
-0.8748,-0.2756,-0.5134,-1.0533,1.6
-0.8748,-0.2756,-0.5064,-1.142,1.6891
-0.8748,-0.2756,-0.5064,-1.142,1.6891
-0.6781,-0.3118,-0.4851,-0.2592,0.2
-0.6781,-0.3118,-0.2851,-0.2578,0.4
-0.6781,-0.3118,-0.1807,-0.4284,0.6
-0.6781,-0.3118,-0.23,-0.6222,0.8
-0.6781,-0.3118,-0.193,-0.8188,1.0
-0.6781,-0.3118,-0.3389,-0.9556,1.2
-0.6781,-0.3118,-0.5134,-1.0533,1.4
-0.6781,-0.3118,-0.5064,-1.142,1.4891
-0.6781,-0.3118,-0.5064,-1.142,1.4891
-0.4851,-0.2592,-0.2851,-0.2578,0.2
-0.4851,-0.2592,-0.1807,-0.4284,0.4
-0.4851,-0.2592,-0.23,-0.6222,0.6
-0.4851,-0.2592,-0.193,-0.8188,0.8
-0.4851,-0.2592,-0.3389,-0.9556,1.0
-0.4851,-0.2592,-0.5134,-1.0533,1.2
-0.4851,-0.2592,-0.5064,-1.142,1.2891
-0.4851,-0.2592,-0.5064,-1.142,1.2891
-0.2851,-0.2578,-0.1807,-0.4284,0.2
-0.2851,-0.2578,-0.23,-0.6222,0.4
-0.2851,-0.2578,-0.193,-0.8188,0.6
-0.2851,-0.2578,-0.3389,-0.9556,0.8
-0.2851,-0.2578,-0.5134,-1.0533,1.0
-0.2851,-0.2578,-0.5064,-1.142,1.0891
-0.2851,-0.2578,-0.5064,-1.142,1.0891
-0.1807,-0.4284,-0.23,-0.6222,0.2
-0.1807,-0.4284,-0.193,-0.8188,0.4
-0.1807,-0.4284,-0.3389,-0.9556,0.6
-0.1807,-0.4284,-0.5134,-1.0533,0.8
-0.1807,-0.4284,-0.5064,-1.142,0.8891
-0.1807,-0.4284,-0.5064,-1.142,0.8891
-0.23,-0.6222,-0.193,-0.8188,0.2
-0.23,-0.6222,-0.3389,-0.9556,0.4
-0.23,-0.6222,-0.5134,-1.0533,0.6
-0.23,-0.6222,-0.5064,-1.142,0.6891
-0.23,-0.6222,-0.5064,-1.142,0.6891
-0.193,-0.8188,-0.3389,-0.9556,0.2
-0.193,-0.8188,-0.5134,-1.0533,0.4
-0.193,-0.8188,-0.5064,-1.142,0.4891
-0.193,-0.8188,-0.5064,-1.142,0.4891
-0.3389,-0.9556,-0.5134,-1.0533,0.2
-0.3389,-0.9556,-0.5064,-1.142,0.2891
-0.3389,-0.9556,-0.5064,-1.142,0.2891
-0.5134,-1.0533,-0.5064,-1.142,0.0891
-0.5134,-1.0533,-0.5064,-1.142,0.0891
-0.5064,-1.142,-0.5064,-1.142,0.0
1.2062,0.0913,1.01,0.0528,0.2
1.2062,0.0913,0.8401,-0.0527,0.4
1.2062,0.0913,0.776,-0.2422,0.6
1.2062,0.0913,0.7993,-0.4408,0.8
1.2062,0.0913,0.6441,-0.567,1.0
1.2062,0.0913,0.4794,-0.6804,1.2
1.2062,0.0913,0.3273,-0.8103,1.4
1.2062,0.0913,0.2905,-1.0069,1.6
1.2062,0.0913,0.0947,-0.9666,1.8
1.2062,0.0913,-0.096,-1.0271,2.0
1.2062,0.0913,-0.211,-1.1907,2.2
1.2062,0.0913,-0.411,-1.1904,2.4
1.2062,0.0913,-0.5787,-1.2995,2.6
1.2062,0.0913,-0.7158,-1.1539,2.8
1.2062,0.0913,-0.8703,-1.0269,3.0
1.2062,0.0913,-0.9343,-0.8374,3.2
1.2062,0.0913,-1.115,-0.7517,3.4
1.2062,0.0913,-1.1145,-0.5517,3.6
1.2062,0.0913,-1.1141,-0.3517,3.8
1.2062,0.0913,-1.1139,-0.3057,3.846
1.2062,0.0913,-1.1139,-0.3057,3.846
1.01,0.0528,0.8401,-0.0527,0.2
1.01,0.0528,0.776,-0.2422,0.4
1.01,0.0528,0.7993,-0.4408,0.6
1.01,0.0528,0.6441,-0.567,0.8
1.01,0.0528,0.4794,-0.6804,1.0
1.01,0.0528,0.3273,-0.8103,1.2
1.01,0.0528,0.2905,-1.0069,1.4
1.01,0.0528,0.0947,-0.9666,1.6
1.01,0.0528,-0.096,-1.0271,1.8
1.01,0.0528,-0.211,-1.1907,2.0
1.01,0.0528,-0.411,-1.1904,2.2
1.01,0.0528,-0.5787,-1.2995,2.4
1.01,0.0528,-0.7158,-1.1539,2.6
1.01,0.0528,-0.8703,-1.0269,2.8
1.01,0.0528,-0.9343,-0.8374,3.0
1.01,0.0528,-1.115,-0.7517,3.2
1.01,0.0528,-1.1145,-0.5517,3.4
1.01,0.0528,-1.1141,-0.3517,3.6
1.01,0.0528,-1.1139,-0.3057,3.646
1.01,0.0528,-1.1139,-0.3057,3.646
0.8401,-0.0527,0.776,-0.2422,0.2
0.8401,-0.0527,0.7993,-0.4408,0.4
0.8401,-0.0527,0.6441,-0.567,0.6
0.8401,-0.0527,0.4794,-0.6804,0.8
0.8401,-0.0527,0.3273,-0.8103,1.0
0.8401,-0.0527,0.2905,-1.0069,1.2
0.8401,-0.0527,0.0947,-0.9666,1.4
0.8401,-0.0527,-0.096,-1.0271,1.6
0.8401,-0.0527,-0.211,-1.1907,1.8
0.8401,-0.0527,-0.411,-1.1904,2.0
0.8401,-0.0527,-0.5787,-1.2995,2.2
0.8401,-0.0527,-0.7158,-1.1539,2.4
0.8401,-0.0527,-0.8703,-1.0269,2.6
0.8401,-0.0527,-0.9343,-0.8374,2.8
0.8401,-0.0527,-1.115,-0.7517,3.0
0.8401,-0.0527,-1.1145,-0.5517,3.2
0.8401,-0.0527,-1.1141,-0.3517,3.4
0.8401,-0.0527,-1.1139,-0.3057,3.446
0.8401,-0.0527,-1.1139,-0.3057,3.446
0.776,-0.2422,0.7993,-0.4408,0.2
0.776,-0.2422,0.6441,-0.567,0.4
0.776,-0.2422,0.4794,-0.6804,0.6
0.776,-0.2422,0.3273,-0.8103,0.8
0.776,-0.2422,0.2905,-1.0069,1.0
0.776,-0.2422,0.0947,-0.9666,1.2
0.776,-0.2422,-0.096,-1.0271,1.4
0.776,-0.2422,-0.211,-1.1907,1.6
0.776,-0.2422,-0.411,-1.1904,1.8
0.776,-0.2422,-0.5787,-1.2995,2.0
0.776,-0.2422,-0.7158,-1.1539,2.2
0.776,-0.2422,-0.8703,-1.0269,2.4
0.776,-0.2422,-0.9343,-0.8374,2.6
0.776,-0.2422,-1.115,-0.7517,2.8
0.776,-0.2422,-1.1145,-0.5517,3.0
0.776,-0.2422,-1.1141,-0.3517,3.2
0.776,-0.2422,-1.1139,-0.3057,3.246
0.776,-0.2422,-1.1139,-0.3057,3.246
0.7993,-0.4408,0.6441,-0.567,0.2
0.7993,-0.4408,0.4794,-0.6804,0.4
0.7993,-0.4408,0.3273,-0.8103,0.6
0.7993,-0.4408,0.2905,-1.0069,0.8
0.7993,-0.4408,0.0947,-0.9666,1.0
0.7993,-0.4408,-0.096,-1.0271,1.2
0.7993,-0.4408,-0.211,-1.1907,1.4
0.7993,-0.4408,-0.411,-1.1904,1.6
0.7993,-0.4408,-0.5787,-1.2995,1.8
0.7993,-0.4408,-0.7158,-1.1539,2.0
0.7993,-0.4408,-0.8703,-1.0269,2.2
0.7993,-0.4408,-0.9343,-0.8374,2.4
0.7993,-0.4408,-1.115,-0.7517,2.6
0.7993,-0.4408,-1.1145,-0.5517,2.8
0.7993,-0.4408,-1.1141,-0.3517,3.0
0.7993,-0.4408,-1.1139,-0.3057,3.046
0.7993,-0.4408,-1.1139,-0.3057,3.046
0.6441,-0.567,0.4794,-0.6804,0.2
0.6441,-0.567,0.3273,-0.8103,0.4
0.6441,-0.567,0.2905,-1.0069,0.6
0.6441,-0.567,0.0947,-0.9666,0.8
0.6441,-0.567,-0.096,-1.0271,1.0
0.6441,-0.567,-0.211,-1.1907,1.2
0.6441,-0.567,-0.411,-1.1904,1.4
0.6441,-0.567,-0.5787,-1.2995,1.6
0.6441,-0.567,-0.7158,-1.1539,1.8
0.6441,-0.567,-0.8703,-1.0269,2.0
0.6441,-0.567,-0.9343,-0.8374,2.2
0.6441,-0.567,-1.115,-0.7517,2.4
0.6441,-0.567,-1.1145,-0.5517,2.6
0.6441,-0.567,-1.1141,-0.3517,2.8
0.6441,-0.567,-1.1139,-0.3057,2.846
0.6441,-0.567,-1.1139,-0.3057,2.846
0.4794,-0.6804,0.3273,-0.8103,0.2
0.4794,-0.6804,0.2905,-1.0069,0.4
0.4794,-0.6804,0.0947,-0.9666,0.6
0.4794,-0.6804,-0.096,-1.0271,0.8
0.4794,-0.6804,-0.211,-1.1907,1.0
0.4794,-0.6804,-0.411,-1.1904,1.2
0.4794,-0.6804,-0.5787,-1.2995,1.4
0.4794,-0.6804,-0.7158,-1.1539,1.6
0.4794,-0.6804,-0.8703,-1.0269,1.8
0.4794,-0.6804,-0.9343,-0.8374,2.0
0.4794,-0.6804,-1.115,-0.7517,2.2
0.4794,-0.6804,-1.1145,-0.5517,2.4
0.4794,-0.6804,-1.1141,-0.3517,2.6
0.4794,-0.6804,-1.1139,-0.3057,2.646
0.4794,-0.6804,-1.1139,-0.3057,2.646
0.3273,-0.8103,0.2905,-1.0069,0.2
0.3273,-0.8103,0.0947,-0.9666,0.4
0.3273,-0.8103,-0.096,-1.0271,0.6
0.3273,-0.8103,-0.211,-1.1907,0.8
0.3273,-0.8103,-0.411,-1.1904,1.0
0.3273,-0.8103,-0.5787,-1.2995,1.2
0.3273,-0.8103,-0.7158,-1.1539,1.4
0.3273,-0.8103,-0.8703,-1.0269,1.6
0.3273,-0.8103,-0.9343,-0.8374,1.8
0.3273,-0.8103,-1.115,-0.7517,2.0
0.3273,-0.8103,-1.1145,-0.5517,2.2
0.3273,-0.8103,-1.1141,-0.3517,2.4
0.3273,-0.8103,-1.1139,-0.3057,2.446
0.3273,-0.8103,-1.1139,-0.3057,2.446
0.2905,-1.0069,0.0947,-0.9666,0.2
0.2905,-1.0069,-0.096,-1.0271,0.4
0.2905,-1.0069,-0.211,-1.1907,0.6
0.2905,-1.0069,-0.411,-1.1904,0.8
0.2905,-1.0069,-0.5787,-1.2995,1.0
0.2905,-1.0069,-0.7158,-1.1539,1.2
0.2905,-1.0069,-0.8703,-1.0269,1.4
0.2905,-1.0069,-0.9343,-0.8374,1.6
0.2905,-1.0069,-1.115,-0.7517,1.8
0.2905,-1.0069,-1.1145,-0.5517,2.0
0.2905,-1.0069,-1.1141,-0.3517,2.2
0.2905,-1.0069,-1.1139,-0.3057,2.246
0.2905,-1.0069,-1.1139,-0.3057,2.246
0.0947,-0.9666,-0.096,-1.0271,0.2
0.0947,-0.9666,-0.211,-1.1907,0.4
0.0947,-0.9666,-0.411,-1.1904,0.6
0.0947,-0.9666,-0.5787,-1.2995,0.8
0.0947,-0.9666,-0.7158,-1.1539,1.0
0.0947,-0.9666,-0.8703,-1.0269,1.2
0.0947,-0.9666,-0.9343,-0.8374,1.4
0.0947,-0.9666,-1.115,-0.7517,1.6
0.0947,-0.9666,-1.1145,-0.5517,1.8
0.0947,-0.9666,-1.1141,-0.3517,2.0
0.0947,-0.9666,-1.1139,-0.3057,2.046
0.0947,-0.9666,-1.1139,-0.3057,2.046
-0.096,-1.0271,-0.211,-1.1907,0.2
-0.096,-1.0271,-0.411,-1.1904,0.4
-0.096,-1.0271,-0.5787,-1.2995,0.6
-0.096,-1.0271,-0.7158,-1.1539,0.8
-0.096,-1.0271,-0.8703,-1.0269,1.0
-0.096,-1.0271,-0.9343,-0.8374,1.2
-0.096,-1.0271,-1.115,-0.7517,1.4
-0.096,-1.0271,-1.1145,-0.5517,1.6
-0.096,-1.0271,-1.1141,-0.3517,1.8
-0.096,-1.0271,-1.1139,-0.3057,1.846
-0.096,-1.0271,-1.1139,-0.3057,1.846
-0.211,-1.1907,-0.411,-1.1904,0.2
-0.211,-1.1907,-0.5787,-1.2995,0.4
-0.211,-1.1907,-0.7158,-1.1539,0.6
-0.211,-1.1907,-0.8703,-1.0269,0.8
-0.211,-1.1907,-0.9343,-0.8374,1.0
-0.211,-1.1907,-1.115,-0.7517,1.2
-0.211,-1.1907,-1.1145,-0.5517,1.4
-0.211,-1.1907,-1.1141,-0.3517,1.6
-0.211,-1.1907,-1.1139,-0.3057,1.646
-0.211,-1.1907,-1.1139,-0.3057,1.646
-0.411,-1.1904,-0.5787,-1.2995,0.2
-0.411,-1.1904,-0.7158,-1.1539,0.4
-0.411,-1.1904,-0.8703,-1.0269,0.6
-0.411,-1.1904,-0.9343,-0.8374,0.8
-0.411,-1.1904,-1.115,-0.7517,1.0
-0.411,-1.1904,-1.1145,-0.5517,1.2
-0.411,-1.1904,-1.1141,-0.3517,1.4
-0.411,-1.1904,-1.1139,-0.3057,1.446
-0.411,-1.1904,-1.1139,-0.3057,1.446
-0.5787,-1.2995,-0.7158,-1.1539,0.2
-0.5787,-1.2995,-0.8703,-1.0269,0.4
-0.5787,-1.2995,-0.9343,-0.8374,0.6
-0.5787,-1.2995,-1.115,-0.7517,0.8
-0.5787,-1.2995,-1.1145,-0.5517,1.0
-0.5787,-1.2995,-1.1141,-0.3517,1.2
-0.5787,-1.2995,-1.1139,-0.3057,1.246
-0.5787,-1.2995,-1.1139,-0.3057,1.246
-0.7158,-1.1539,-0.8703,-1.0269,0.2
-0.7158,-1.1539,-0.9343,-0.8374,0.4
-0.7158,-1.1539,-1.115,-0.7517,0.6
-0.7158,-1.1539,-1.1145,-0.5517,0.8
-0.7158,-1.1539,-1.1141,-0.3517,1.0
-0.7158,-1.1539,-1.1139,-0.3057,1.046
-0.7158,-1.1539,-1.1139,-0.3057,1.046
-0.8703,-1.0269,-0.9343,-0.8374,0.2
-0.8703,-1.0269,-1.115,-0.7517,0.4
-0.8703,-1.0269,-1.1145,-0.5517,0.6
-0.8703,-1.0269,-1.1141,-0.3517,0.8
-0.8703,-1.0269,-1.1139,-0.3057,0.846
-0.8703,-1.0269,-1.1139,-0.3057,0.846
-0.9343,-0.8374,-1.115,-0.7517,0.2
-0.9343,-0.8374,-1.1145,-0.5517,0.4
-0.9343,-0.8374,-1.1141,-0.3517,0.6
-0.9343,-0.8374,-1.1139,-0.3057,0.646
-0.9343,-0.8374,-1.1139,-0.3057,0.646
-1.115,-0.7517,-1.1145,-0.5517,0.2
-1.115,-0.7517,-1.1141,-0.3517,0.4
-1.115,-0.7517,-1.1139,-0.3057,0.446
-1.115,-0.7517,-1.1139,-0.3057,0.446
-1.1145,-0.5517,-1.1141,-0.3517,0.2
-1.1145,-0.5517,-1.1139,-0.3057,0.246
-1.1145,-0.5517,-1.1139,-0.3057,0.246
-1.1141,-0.3517,-1.1139,-0.3057,0.046
-1.1141,-0.3517,-1.1139,-0.3057,0.046
-1.1139,-0.3057,-1.1139,-0.3057,0.0
-0.6245,-0.0674,-0.604,-0.2664,0.2
-0.6245,-0.0674,-0.4898,-0.4306,0.4
-0.6245,-0.0674,-0.5213,-0.6281,0.6
-0.6245,-0.0674,-0.419,-0.8,0.8
-0.6245,-0.0674,-0.2872,-0.9505,1.0
-0.6245,-0.0674,-0.2073,-1.1338,1.2
-0.6245,-0.0674,-0.1219,-1.3146,1.4
-0.6245,-0.0674,0.0707,-1.2606,1.6
-0.6245,-0.0674,0.265,-1.2134,1.8
-0.6245,-0.0674,0.4638,-1.1917,2.0
-0.6245,-0.0674,0.6617,-1.1626,2.2
-0.6245,-0.0674,0.8514,-1.0993,2.4
-0.6245,-0.0674,1.0501,-1.0766,2.6
-0.6245,-0.0674,1.0846,-0.8796,2.8
-0.6245,-0.0674,1.2832,-0.8561,3.0
-0.6245,-0.0674,1.4831,-0.8512,3.2
-0.6245,-0.0674,1.6809,-0.8217,3.4
-0.6245,-0.0674,1.8551,-0.7233,3.6
-0.6245,-0.0674,2.0355,-0.6371,3.8
-0.6245,-0.0674,2.23,-0.6837,4.0
-0.6245,-0.0674,2.4245,-0.7304,4.2
-0.6245,-0.0674,2.619,-0.777,4.4
-0.6245,-0.0674,2.695,-0.8211,4.4879
-0.6245,-0.0674,2.893,-0.8492,4.6879
-0.6245,-0.0674,2.9583,-0.8584,4.7538
-0.6245,-0.0674,2.9583,-0.8584,4.7538
-0.604,-0.2664,-0.4898,-0.4306,0.2
-0.604,-0.2664,-0.5213,-0.6281,0.4
-0.604,-0.2664,-0.419,-0.8,0.6
-0.604,-0.2664,-0.2872,-0.9505,0.8
-0.604,-0.2664,-0.2073,-1.1338,1.0
-0.604,-0.2664,-0.1219,-1.3146,1.2
-0.604,-0.2664,0.0707,-1.2606,1.4
-0.604,-0.2664,0.265,-1.2134,1.6
-0.604,-0.2664,0.4638,-1.1917,1.8
-0.604,-0.2664,0.6617,-1.1626,2.0
-0.604,-0.2664,0.8514,-1.0993,2.2
-0.604,-0.2664,1.0501,-1.0766,2.4
-0.604,-0.2664,1.0846,-0.8796,2.6
-0.604,-0.2664,1.2832,-0.8561,2.8
-0.604,-0.2664,1.4831,-0.8512,3.0
-0.604,-0.2664,1.6809,-0.8217,3.2
-0.604,-0.2664,1.8551,-0.7233,3.4
-0.604,-0.2664,2.0355,-0.6371,3.6
-0.604,-0.2664,2.23,-0.6837,3.8
-0.604,-0.2664,2.4245,-0.7304,4.0
-0.604,-0.2664,2.619,-0.777,4.2
-0.604,-0.2664,2.695,-0.8211,4.2879
-0.604,-0.2664,2.893,-0.8492,4.4879
-0.604,-0.2664,2.9583,-0.8584,4.5538
-0.604,-0.2664,2.9583,-0.8584,4.5538
-0.4898,-0.4306,-0.5213,-0.6281,0.2
-0.4898,-0.4306,-0.419,-0.8,0.4
-0.4898,-0.4306,-0.2872,-0.9505,0.6
-0.4898,-0.4306,-0.2073,-1.1338,0.8
-0.4898,-0.4306,-0.1219,-1.3146,1.0
-0.4898,-0.4306,0.0707,-1.2606,1.2
-0.4898,-0.4306,0.265,-1.2134,1.4
-0.4898,-0.4306,0.4638,-1.1917,1.6
-0.4898,-0.4306,0.6617,-1.1626,1.8
-0.4898,-0.4306,0.8514,-1.0993,2.0
-0.4898,-0.4306,1.0501,-1.0766,2.2
-0.4898,-0.4306,1.0846,-0.8796,2.4
-0.4898,-0.4306,1.2832,-0.8561,2.6
-0.4898,-0.4306,1.4831,-0.8512,2.8
-0.4898,-0.4306,1.6809,-0.8217,3.0
-0.4898,-0.4306,1.8551,-0.7233,3.2
-0.4898,-0.4306,2.0355,-0.6371,3.4
-0.4898,-0.4306,2.23,-0.6837,3.6
-0.4898,-0.4306,2.4245,-0.7304,3.8
-0.4898,-0.4306,2.619,-0.777,4.0
-0.4898,-0.4306,2.695,-0.8211,4.0879
-0.4898,-0.4306,2.893,-0.8492,4.2879
-0.4898,-0.4306,2.9583,-0.8584,4.3538
-0.4898,-0.4306,2.9583,-0.8584,4.3538
-0.5213,-0.6281,-0.419,-0.8,0.2
-0.5213,-0.6281,-0.2872,-0.9505,0.4
-0.5213,-0.6281,-0.2073,-1.1338,0.6
-0.5213,-0.6281,-0.1219,-1.3146,0.8
-0.5213,-0.6281,0.0707,-1.2606,1.0
-0.5213,-0.6281,0.265,-1.2134,1.2
-0.5213,-0.6281,0.4638,-1.1917,1.4
-0.5213,-0.6281,0.6617,-1.1626,1.6
-0.5213,-0.6281,0.8514,-1.0993,1.8
-0.5213,-0.6281,1.0501,-1.0766,2.0
-0.5213,-0.6281,1.0846,-0.8796,2.2
-0.5213,-0.6281,1.2832,-0.8561,2.4
-0.5213,-0.6281,1.4831,-0.8512,2.6
-0.5213,-0.6281,1.6809,-0.8217,2.8
-0.5213,-0.6281,1.8551,-0.7233,3.0
-0.5213,-0.6281,2.0355,-0.6371,3.2
-0.5213,-0.6281,2.23,-0.6837,3.4
-0.5213,-0.6281,2.4245,-0.7304,3.6
-0.5213,-0.6281,2.619,-0.777,3.8
-0.5213,-0.6281,2.695,-0.8211,3.8879
-0.5213,-0.6281,2.893,-0.8492,4.0879
-0.5213,-0.6281,2.9583,-0.8584,4.1538
-0.5213,-0.6281,2.9583,-0.8584,4.1538
-0.419,-0.8,-0.2872,-0.9505,0.2
-0.419,-0.8,-0.2073,-1.1338,0.4
-0.419,-0.8,-0.1219,-1.3146,0.6
-0.419,-0.8,0.0707,-1.2606,0.8
-0.419,-0.8,0.265,-1.2134,1.0
-0.419,-0.8,0.4638,-1.1917,1.2
-0.419,-0.8,0.6617,-1.1626,1.4
-0.419,-0.8,0.8514,-1.0993,1.6
-0.419,-0.8,1.0501,-1.0766,1.8
-0.419,-0.8,1.0846,-0.8796,2.0
-0.419,-0.8,1.2832,-0.8561,2.2
-0.419,-0.8,1.4831,-0.8512,2.4
-0.419,-0.8,1.6809,-0.8217,2.6
-0.419,-0.8,1.8551,-0.7233,2.8
-0.419,-0.8,2.0355,-0.6371,3.0
-0.419,-0.8,2.23,-0.6837,3.2
-0.419,-0.8,2.4245,-0.7304,3.4
-0.419,-0.8,2.619,-0.777,3.6
-0.419,-0.8,2.695,-0.8211,3.6879
-0.419,-0.8,2.893,-0.8492,3.8879
-0.419,-0.8,2.9583,-0.8584,3.9538
-0.419,-0.8,2.9583,-0.8584,3.9538
-0.2872,-0.9505,-0.2073,-1.1338,0.2
-0.2872,-0.9505,-0.1219,-1.3146,0.4
-0.2872,-0.9505,0.0707,-1.2606,0.6
-0.2872,-0.9505,0.265,-1.2134,0.8
-0.2872,-0.9505,0.4638,-1.1917,1.0
-0.2872,-0.9505,0.6617,-1.1626,1.2
-0.2872,-0.9505,0.8514,-1.0993,1.4
-0.2872,-0.9505,1.0501,-1.0766,1.6
-0.2872,-0.9505,1.0846,-0.8796,1.8
-0.2872,-0.9505,1.2832,-0.8561,2.0
-0.2872,-0.9505,1.4831,-0.8512,2.2
-0.2872,-0.9505,1.6809,-0.8217,2.4
-0.2872,-0.9505,1.8551,-0.7233,2.6
-0.2872,-0.9505,2.0355,-0.6371,2.8
-0.2872,-0.9505,2.23,-0.6837,3.0
-0.2872,-0.9505,2.4245,-0.7304,3.2
-0.2872,-0.9505,2.619,-0.777,3.4
-0.2872,-0.9505,2.695,-0.8211,3.4879
-0.2872,-0.9505,2.893,-0.8492,3.6879
-0.2872,-0.9505,2.9583,-0.8584,3.7538
-0.2872,-0.9505,2.9583,-0.8584,3.7538
-0.2073,-1.1338,-0.1219,-1.3146,0.2
-0.2073,-1.1338,0.0707,-1.2606,0.4
-0.2073,-1.1338,0.265,-1.2134,0.6
-0.2073,-1.1338,0.4638,-1.1917,0.8
-0.2073,-1.1338,0.6617,-1.1626,1.0
-0.2073,-1.1338,0.8514,-1.0993,1.2
-0.2073,-1.1338,1.0501,-1.0766,1.4
-0.2073,-1.1338,1.0846,-0.8796,1.6
-0.2073,-1.1338,1.2832,-0.8561,1.8
-0.2073,-1.1338,1.4831,-0.8512,2.0
-0.2073,-1.1338,1.6809,-0.8217,2.2
-0.2073,-1.1338,1.8551,-0.7233,2.4
-0.2073,-1.1338,2.0355,-0.6371,2.6
-0.2073,-1.1338,2.23,-0.6837,2.8
-0.2073,-1.1338,2.4245,-0.7304,3.0
-0.2073,-1.1338,2.619,-0.777,3.2
-0.2073,-1.1338,2.695,-0.8211,3.2879
-0.2073,-1.1338,2.893,-0.8492,3.4879
-0.2073,-1.1338,2.9583,-0.8584,3.5538
-0.2073,-1.1338,2.9583,-0.8584,3.5538
-0.1219,-1.3146,0.0707,-1.2606,0.2
-0.1219,-1.3146,0.265,-1.2134,0.4
-0.1219,-1.3146,0.4638,-1.1917,0.6
-0.1219,-1.3146,0.6617,-1.1626,0.8
-0.1219,-1.3146,0.8514,-1.0993,1.0
-0.1219,-1.3146,1.0501,-1.0766,1.2
-0.1219,-1.3146,1.0846,-0.8796,1.4
-0.1219,-1.3146,1.2832,-0.8561,1.6
-0.1219,-1.3146,1.4831,-0.8512,1.8
-0.1219,-1.3146,1.6809,-0.8217,2.0
-0.1219,-1.3146,1.8551,-0.7233,2.2
-0.1219,-1.3146,2.0355,-0.6371,2.4
-0.1219,-1.3146,2.23,-0.6837,2.6
-0.1219,-1.3146,2.4245,-0.7304,2.8
-0.1219,-1.3146,2.619,-0.777,3.0
-0.1219,-1.3146,2.695,-0.8211,3.0879
-0.1219,-1.3146,2.893,-0.8492,3.2879
-0.1219,-1.3146,2.9583,-0.8584,3.3538
-0.1219,-1.3146,2.9583,-0.8584,3.3538
0.0707,-1.2606,0.265,-1.2134,0.2
0.0707,-1.2606,0.4638,-1.1917,0.4
0.0707,-1.2606,0.6617,-1.1626,0.6
0.0707,-1.2606,0.8514,-1.0993,0.8
0.0707,-1.2606,1.0501,-1.0766,1.0
0.0707,-1.2606,1.0846,-0.8796,1.2
0.0707,-1.2606,1.2832,-0.8561,1.4
0.0707,-1.2606,1.4831,-0.8512,1.6
0.0707,-1.2606,1.6809,-0.8217,1.8
0.0707,-1.2606,1.8551,-0.7233,2.0
0.0707,-1.2606,2.0355,-0.6371,2.2
0.0707,-1.2606,2.23,-0.6837,2.4
0.0707,-1.2606,2.4245,-0.7304,2.6
0.0707,-1.2606,2.619,-0.777,2.8
0.0707,-1.2606,2.695,-0.8211,2.8879
0.0707,-1.2606,2.893,-0.8492,3.0879
0.0707,-1.2606,2.9583,-0.8584,3.1538
0.0707,-1.2606,2.9583,-0.8584,3.1538
0.265,-1.2134,0.4638,-1.1917,0.2
0.265,-1.2134,0.6617,-1.1626,0.4
0.265,-1.2134,0.8514,-1.0993,0.6
0.265,-1.2134,1.0501,-1.0766,0.8
0.265,-1.2134,1.0846,-0.8796,1.0
0.265,-1.2134,1.2832,-0.8561,1.2
0.265,-1.2134,1.4831,-0.8512,1.4
0.265,-1.2134,1.6809,-0.8217,1.6
0.265,-1.2134,1.8551,-0.7233,1.8
0.265,-1.2134,2.0355,-0.6371,2.0
0.265,-1.2134,2.23,-0.6837,2.2
0.265,-1.2134,2.4245,-0.7304,2.4
0.265,-1.2134,2.619,-0.777,2.6
0.265,-1.2134,2.695,-0.8211,2.6879
0.265,-1.2134,2.893,-0.8492,2.8879
0.265,-1.2134,2.9583,-0.8584,2.9538
0.265,-1.2134,2.9583,-0.8584,2.9538
0.4638,-1.1917,0.6617,-1.1626,0.2
0.4638,-1.1917,0.8514,-1.0993,0.4
0.4638,-1.1917,1.0501,-1.0766,0.6
0.4638,-1.1917,1.0846,-0.8796,0.8
0.4638,-1.1917,1.2832,-0.8561,1.0
0.4638,-1.1917,1.4831,-0.8512,1.2
0.4638,-1.1917,1.6809,-0.8217,1.4
0.4638,-1.1917,1.8551,-0.7233,1.6
0.4638,-1.1917,2.0355,-0.6371,1.8
0.4638,-1.1917,2.23,-0.6837,2.0
0.4638,-1.1917,2.4245,-0.7304,2.2
0.4638,-1.1917,2.619,-0.777,2.4
0.4638,-1.1917,2.695,-0.8211,2.4879
0.4638,-1.1917,2.893,-0.8492,2.6879
0.4638,-1.1917,2.9583,-0.8584,2.7538
0.4638,-1.1917,2.9583,-0.8584,2.7538
0.6617,-1.1626,0.8514,-1.0993,0.2
0.6617,-1.1626,1.0501,-1.0766,0.4
0.6617,-1.1626,1.0846,-0.8796,0.6
0.6617,-1.1626,1.2832,-0.8561,0.8
0.6617,-1.1626,1.4831,-0.8512,1.0
0.6617,-1.1626,1.6809,-0.8217,1.2
0.6617,-1.1626,1.8551,-0.7233,1.4
0.6617,-1.1626,2.0355,-0.6371,1.6
0.6617,-1.1626,2.23,-0.6837,1.8
0.6617,-1.1626,2.4245,-0.7304,2.0
0.6617,-1.1626,2.619,-0.777,2.2
0.6617,-1.1626,2.695,-0.8211,2.2879
0.6617,-1.1626,2.893,-0.8492,2.4879
0.6617,-1.1626,2.9583,-0.8584,2.5538
0.6617,-1.1626,2.9583,-0.8584,2.5538
0.8514,-1.0993,1.0501,-1.0766,0.2
0.8514,-1.0993,1.0846,-0.8796,0.4
0.8514,-1.0993,1.2832,-0.8561,0.6
0.8514,-1.0993,1.4831,-0.8512,0.8
0.8514,-1.0993,1.6809,-0.8217,1.0
0.8514,-1.0993,1.8551,-0.7233,1.2
0.8514,-1.0993,2.0355,-0.6371,1.4
0.8514,-1.0993,2.23,-0.6837,1.6
0.8514,-1.0993,2.4245,-0.7304,1.8
0.8514,-1.0993,2.619,-0.777,2.0
0.8514,-1.0993,2.695,-0.8211,2.0879
0.8514,-1.0993,2.893,-0.8492,2.2879
0.8514,-1.0993,2.9583,-0.8584,2.3538
0.8514,-1.0993,2.9583,-0.8584,2.3538
1.0501,-1.0766,1.0846,-0.8796,0.2
1.0501,-1.0766,1.2832,-0.8561,0.4
1.0501,-1.0766,1.4831,-0.8512,0.6
1.0501,-1.0766,1.6809,-0.8217,0.8
1.0501,-1.0766,1.8551,-0.7233,1.0
1.0501,-1.0766,2.0355,-0.6371,1.2
1.0501,-1.0766,2.23,-0.6837,1.4
1.0501,-1.0766,2.4245,-0.7304,1.6
1.0501,-1.0766,2.619,-0.777,1.8
1.0501,-1.0766,2.695,-0.8211,1.8879
1.0501,-1.0766,2.893,-0.8492,2.0879
1.0501,-1.0766,2.9583,-0.8584,2.1538
1.0501,-1.0766,2.9583,-0.8584,2.1538
1.0846,-0.8796,1.2832,-0.8561,0.2
1.0846,-0.8796,1.4831,-0.8512,0.4
1.0846,-0.8796,1.6809,-0.8217,0.6
1.0846,-0.8796,1.8551,-0.7233,0.8
1.0846,-0.8796,2.0355,-0.6371,1.0
1.0846,-0.8796,2.23,-0.6837,1.2
1.0846,-0.8796,2.4245,-0.7304,1.4
1.0846,-0.8796,2.619,-0.777,1.6
1.0846,-0.8796,2.695,-0.8211,1.6879
1.0846,-0.8796,2.893,-0.8492,1.8879
1.0846,-0.8796,2.9583,-0.8584,1.9538
1.0846,-0.8796,2.9583,-0.8584,1.9538
1.2832,-0.8561,1.4831,-0.8512,0.2
1.2832,-0.8561,1.6809,-0.8217,0.4
1.2832,-0.8561,1.8551,-0.7233,0.6
1.2832,-0.8561,2.0355,-0.6371,0.8
1.2832,-0.8561,2.23,-0.6837,1.0
1.2832,-0.8561,2.4245,-0.7304,1.2
1.2832,-0.8561,2.619,-0.777,1.4
1.2832,-0.8561,2.695,-0.8211,1.4879
1.2832,-0.8561,2.893,-0.8492,1.6879
1.2832,-0.8561,2.9583,-0.8584,1.7538
1.2832,-0.8561,2.9583,-0.8584,1.7538
1.4831,-0.8512,1.6809,-0.8217,0.2
1.4831,-0.8512,1.8551,-0.7233,0.4
1.4831,-0.8512,2.0355,-0.6371,0.6
1.4831,-0.8512,2.23,-0.6837,0.8
1.4831,-0.8512,2.4245,-0.7304,1.0
1.4831,-0.8512,2.619,-0.777,1.2
1.4831,-0.8512,2.695,-0.8211,1.2879
1.4831,-0.8512,2.893,-0.8492,1.4879
1.4831,-0.8512,2.9583,-0.8584,1.5538
1.4831,-0.8512,2.9583,-0.8584,1.5538
1.6809,-0.8217,1.8551,-0.7233,0.2
1.6809,-0.8217,2.0355,-0.6371,0.4
1.6809,-0.8217,2.23,-0.6837,0.6
1.6809,-0.8217,2.4245,-0.7304,0.8
1.6809,-0.8217,2.619,-0.777,1.0
1.6809,-0.8217,2.695,-0.8211,1.0879
1.6809,-0.8217,2.893,-0.8492,1.2879
1.6809,-0.8217,2.9583,-0.8584,1.3538
1.6809,-0.8217,2.9583,-0.8584,1.3538
1.8551,-0.7233,2.0355,-0.6371,0.2
1.8551,-0.7233,2.23,-0.6837,0.4
1.8551,-0.7233,2.4245,-0.7304,0.6
1.8551,-0.7233,2.619,-0.777,0.8
1.8551,-0.7233,2.695,-0.8211,0.8879
1.8551,-0.7233,2.893,-0.8492,1.0879
1.8551,-0.7233,2.9583,-0.8584,1.1538
1.8551,-0.7233,2.9583,-0.8584,1.1538
2.0355,-0.6371,2.23,-0.6837,0.2
2.0355,-0.6371,2.4245,-0.7304,0.4
2.0355,-0.6371,2.619,-0.777,0.6
2.0355,-0.6371,2.695,-0.8211,0.6879
2.0355,-0.6371,2.893,-0.8492,0.8879
2.0355,-0.6371,2.9583,-0.8584,0.9538
2.0355,-0.6371,2.9583,-0.8584,0.9538
2.23,-0.6837,2.4245,-0.7304,0.2
2.23,-0.6837,2.619,-0.777,0.4
2.23,-0.6837,2.695,-0.8211,0.4879
2.23,-0.6837,2.893,-0.8492,0.6879
2.23,-0.6837,2.9583,-0.8584,0.7538
2.23,-0.6837,2.9583,-0.8584,0.7538
2.4245,-0.7304,2.619,-0.777,0.2
2.4245,-0.7304,2.695,-0.8211,0.2879
2.4245,-0.7304,2.893,-0.8492,0.4879
2.4245,-0.7304,2.9583,-0.8584,0.5538
2.4245,-0.7304,2.9583,-0.8584,0.5538
2.619,-0.777,2.695,-0.8211,0.0879
2.619,-0.777,2.893,-0.8492,0.2879
2.619,-0.777,2.9583,-0.8584,0.3538
2.619,-0.777,2.9583,-0.8584,0.3538
2.695,-0.8211,2.893,-0.8492,0.2
2.695,-0.8211,2.9583,-0.8584,0.2659
2.695,-0.8211,2.9583,-0.8584,0.2659
2.893,-0.8492,2.9583,-0.8584,0.0659
2.893,-0.8492,2.9583,-0.8584,0.0659
2.9583,-0.8584,2.9583,-0.8584,0.0
-1.5098,-1.1665,-1.3431,-1.056,0.2
-1.5098,-1.1665,-1.144,-1.0748,0.4
-1.5098,-1.1665,-0.9549,-1.0097,0.6
-1.5098,-1.1665,-0.8736,-0.827,0.8
-1.5098,-1.1665,-0.6938,-0.9146,1.0
-1.5098,-1.1665,-0.4998,-0.9631,1.2
-1.5098,-1.1665,-0.3061,-0.913,1.4
-1.5098,-1.1665,-0.1864,-0.7528,1.6
-1.5098,-1.1665,-0.1498,-0.5562,1.8
-1.5098,-1.1665,0.0136,-0.4408,2.0
-1.5098,-1.1665,0.1682,-0.5677,2.2
-1.5098,-1.1665,0.3681,-0.5748,2.4
-1.5098,-1.1665,0.5447,-0.6686,2.6
-1.5098,-1.1665,0.7007,-0.7938,2.8
-1.5098,-1.1665,0.8903,-0.8575,3.0
-1.5098,-1.1665,1.0889,-0.8336,3.2
-1.5098,-1.1665,1.2213,-0.9835,3.4
-1.5098,-1.1665,1.377,-1.109,3.6
-1.5098,-1.1665,1.5657,-1.053,3.7969
-1.5098,-1.1665,1.6856,-1.2131,3.9969
-1.5098,-1.1665,1.6796,-1.413,4.1969
-1.5098,-1.1665,1.7747,-1.589,4.3969
-1.5098,-1.1665,1.9591,-1.5784,4.5816
-1.5098,-1.1665,1.9591,-1.5784,4.5816
-1.3431,-1.056,-1.144,-1.0748,0.2
-1.3431,-1.056,-0.9549,-1.0097,0.4
-1.3431,-1.056,-0.8736,-0.827,0.6
-1.3431,-1.056,-0.6938,-0.9146,0.8
-1.3431,-1.056,-0.4998,-0.9631,1.0
-1.3431,-1.056,-0.3061,-0.913,1.2
-1.3431,-1.056,-0.1864,-0.7528,1.4
-1.3431,-1.056,-0.1498,-0.5562,1.6
-1.3431,-1.056,0.0136,-0.4408,1.8
-1.3431,-1.056,0.1682,-0.5677,2.0
-1.3431,-1.056,0.3681,-0.5748,2.2
-1.3431,-1.056,0.5447,-0.6686,2.4
-1.3431,-1.056,0.7007,-0.7938,2.6
-1.3431,-1.056,0.8903,-0.8575,2.8
-1.3431,-1.056,1.0889,-0.8336,3.0
-1.3431,-1.056,1.2213,-0.9835,3.2
-1.3431,-1.056,1.377,-1.109,3.4
-1.3431,-1.056,1.5657,-1.053,3.5969
-1.3431,-1.056,1.6856,-1.2131,3.7969
-1.3431,-1.056,1.6796,-1.413,3.9969
-1.3431,-1.056,1.7747,-1.589,4.1969
-1.3431,-1.056,1.9591,-1.5784,4.3816
-1.3431,-1.056,1.9591,-1.5784,4.3816
-1.144,-1.0748,-0.9549,-1.0097,0.2
-1.144,-1.0748,-0.8736,-0.827,0.4
-1.144,-1.0748,-0.6938,-0.9146,0.6
-1.144,-1.0748,-0.4998,-0.9631,0.8
-1.144,-1.0748,-0.3061,-0.913,1.0
-1.144,-1.0748,-0.1864,-0.7528,1.2
-1.144,-1.0748,-0.1498,-0.5562,1.4
-1.144,-1.0748,0.0136,-0.4408,1.6
-1.144,-1.0748,0.1682,-0.5677,1.8
-1.144,-1.0748,0.3681,-0.5748,2.0
-1.144,-1.0748,0.5447,-0.6686,2.2
-1.144,-1.0748,0.7007,-0.7938,2.4
-1.144,-1.0748,0.8903,-0.8575,2.6
-1.144,-1.0748,1.0889,-0.8336,2.8
-1.144,-1.0748,1.2213,-0.9835,3.0
-1.144,-1.0748,1.377,-1.109,3.2
-1.144,-1.0748,1.5657,-1.053,3.3969
-1.144,-1.0748,1.6856,-1.2131,3.5969
-1.144,-1.0748,1.6796,-1.413,3.7969
-1.144,-1.0748,1.7747,-1.589,3.9969
-1.144,-1.0748,1.9591,-1.5784,4.1816
-1.144,-1.0748,1.9591,-1.5784,4.1816
-0.9549,-1.0097,-0.8736,-0.827,0.2
-0.9549,-1.0097,-0.6938,-0.9146,0.4
-0.9549,-1.0097,-0.4998,-0.9631,0.6
-0.9549,-1.0097,-0.3061,-0.913,0.8
-0.9549,-1.0097,-0.1864,-0.7528,1.0
-0.9549,-1.0097,-0.1498,-0.5562,1.2
-0.9549,-1.0097,0.0136,-0.4408,1.4
-0.9549,-1.0097,0.1682,-0.5677,1.6
-0.9549,-1.0097,0.3681,-0.5748,1.8
-0.9549,-1.0097,0.5447,-0.6686,2.0
-0.9549,-1.0097,0.7007,-0.7938,2.2
-0.9549,-1.0097,0.8903,-0.8575,2.4
-0.9549,-1.0097,1.0889,-0.8336,2.6
-0.9549,-1.0097,1.2213,-0.9835,2.8
-0.9549,-1.0097,1.377,-1.109,3.0
-0.9549,-1.0097,1.5657,-1.053,3.1969
-0.9549,-1.0097,1.6856,-1.2131,3.3969
-0.9549,-1.0097,1.6796,-1.413,3.5969
-0.9549,-1.0097,1.7747,-1.589,3.7969
-0.9549,-1.0097,1.9591,-1.5784,3.9816
-0.9549,-1.0097,1.9591,-1.5784,3.9816
-0.8736,-0.827,-0.6938,-0.9146,0.2
-0.8736,-0.827,-0.4998,-0.9631,0.4
-0.8736,-0.827,-0.3061,-0.913,0.6
-0.8736,-0.827,-0.1864,-0.7528,0.8
-0.8736,-0.827,-0.1498,-0.5562,1.0
-0.8736,-0.827,0.0136,-0.4408,1.2
-0.8736,-0.827,0.1682,-0.5677,1.4
-0.8736,-0.827,0.3681,-0.5748,1.6
-0.8736,-0.827,0.5447,-0.6686,1.8
-0.8736,-0.827,0.7007,-0.7938,2.0
-0.8736,-0.827,0.8903,-0.8575,2.2
-0.8736,-0.827,1.0889,-0.8336,2.4
-0.8736,-0.827,1.2213,-0.9835,2.6
-0.8736,-0.827,1.377,-1.109,2.8
-0.8736,-0.827,1.5657,-1.053,2.9969
-0.8736,-0.827,1.6856,-1.2131,3.1969
-0.8736,-0.827,1.6796,-1.413,3.3969
-0.8736,-0.827,1.7747,-1.589,3.5969
-0.8736,-0.827,1.9591,-1.5784,3.7816
-0.8736,-0.827,1.9591,-1.5784,3.7816
-0.6938,-0.9146,-0.4998,-0.9631,0.2
-0.6938,-0.9146,-0.3061,-0.913,0.4
-0.6938,-0.9146,-0.1864,-0.7528,0.6
-0.6938,-0.9146,-0.1498,-0.5562,0.8
-0.6938,-0.9146,0.0136,-0.4408,1.0
-0.6938,-0.9146,0.1682,-0.5677,1.2
-0.6938,-0.9146,0.3681,-0.5748,1.4
-0.6938,-0.9146,0.5447,-0.6686,1.6
-0.6938,-0.9146,0.7007,-0.7938,1.8
-0.6938,-0.9146,0.8903,-0.8575,2.0
-0.6938,-0.9146,1.0889,-0.8336,2.2
-0.6938,-0.9146,1.2213,-0.9835,2.4
-0.6938,-0.9146,1.377,-1.109,2.6
-0.6938,-0.9146,1.5657,-1.053,2.7969
-0.6938,-0.9146,1.6856,-1.2131,2.9969
-0.6938,-0.9146,1.6796,-1.413,3.1969
-0.6938,-0.9146,1.7747,-1.589,3.3969
-0.6938,-0.9146,1.9591,-1.5784,3.5816
-0.6938,-0.9146,1.9591,-1.5784,3.5816
-0.4998,-0.9631,-0.3061,-0.913,0.2
-0.4998,-0.9631,-0.1864,-0.7528,0.4
-0.4998,-0.9631,-0.1498,-0.5562,0.6
-0.4998,-0.9631,0.0136,-0.4408,0.8
-0.4998,-0.9631,0.1682,-0.5677,1.0
-0.4998,-0.9631,0.3681,-0.5748,1.2
-0.4998,-0.9631,0.5447,-0.6686,1.4
-0.4998,-0.9631,0.7007,-0.7938,1.6
-0.4998,-0.9631,0.8903,-0.8575,1.8
-0.4998,-0.9631,1.0889,-0.8336,2.0
-0.4998,-0.9631,1.2213,-0.9835,2.2
-0.4998,-0.9631,1.377,-1.109,2.4
-0.4998,-0.9631,1.5657,-1.053,2.5969
-0.4998,-0.9631,1.6856,-1.2131,2.7969
-0.4998,-0.9631,1.6796,-1.413,2.9969
-0.4998,-0.9631,1.7747,-1.589,3.1969
-0.4998,-0.9631,1.9591,-1.5784,3.3816
-0.4998,-0.9631,1.9591,-1.5784,3.3816
-0.3061,-0.913,-0.1864,-0.7528,0.2
-0.3061,-0.913,-0.1498,-0.5562,0.4
-0.3061,-0.913,0.0136,-0.4408,0.6
-0.3061,-0.913,0.1682,-0.5677,0.8
-0.3061,-0.913,0.3681,-0.5748,1.0
-0.3061,-0.913,0.5447,-0.6686,1.2
-0.3061,-0.913,0.7007,-0.7938,1.4
-0.3061,-0.913,0.8903,-0.8575,1.6
-0.3061,-0.913,1.0889,-0.8336,1.8
-0.3061,-0.913,1.2213,-0.9835,2.0
-0.3061,-0.913,1.377,-1.109,2.2
-0.3061,-0.913,1.5657,-1.053,2.3969
-0.3061,-0.913,1.6856,-1.2131,2.5969
-0.3061,-0.913,1.6796,-1.413,2.7969
-0.3061,-0.913,1.7747,-1.589,2.9969
-0.3061,-0.913,1.9591,-1.5784,3.1816
-0.3061,-0.913,1.9591,-1.5784,3.1816
-0.1864,-0.7528,-0.1498,-0.5562,0.2
-0.1864,-0.7528,0.0136,-0.4408,0.4
-0.1864,-0.7528,0.1682,-0.5677,0.6
-0.1864,-0.7528,0.3681,-0.5748,0.8
-0.1864,-0.7528,0.5447,-0.6686,1.0
-0.1864,-0.7528,0.7007,-0.7938,1.2
-0.1864,-0.7528,0.8903,-0.8575,1.4
-0.1864,-0.7528,1.0889,-0.8336,1.6
-0.1864,-0.7528,1.2213,-0.9835,1.8
-0.1864,-0.7528,1.377,-1.109,2.0
-0.1864,-0.7528,1.5657,-1.053,2.1969
-0.1864,-0.7528,1.6856,-1.2131,2.3969
-0.1864,-0.7528,1.6796,-1.413,2.5969
-0.1864,-0.7528,1.7747,-1.589,2.7969
-0.1864,-0.7528,1.9591,-1.5784,2.9816
-0.1864,-0.7528,1.9591,-1.5784,2.9816
-0.1498,-0.5562,0.0136,-0.4408,0.2
-0.1498,-0.5562,0.1682,-0.5677,0.4
-0.1498,-0.5562,0.3681,-0.5748,0.6
-0.1498,-0.5562,0.5447,-0.6686,0.8
-0.1498,-0.5562,0.7007,-0.7938,1.0
-0.1498,-0.5562,0.8903,-0.8575,1.2
-0.1498,-0.5562,1.0889,-0.8336,1.4
-0.1498,-0.5562,1.2213,-0.9835,1.6
-0.1498,-0.5562,1.377,-1.109,1.8
-0.1498,-0.5562,1.5657,-1.053,1.9969
-0.1498,-0.5562,1.6856,-1.2131,2.1969
-0.1498,-0.5562,1.6796,-1.413,2.3969
-0.1498,-0.5562,1.7747,-1.589,2.5969
-0.1498,-0.5562,1.9591,-1.5784,2.7816
-0.1498,-0.5562,1.9591,-1.5784,2.7816
0.0136,-0.4408,0.1682,-0.5677,0.2
0.0136,-0.4408,0.3681,-0.5748,0.4
0.0136,-0.4408,0.5447,-0.6686,0.6
0.0136,-0.4408,0.7007,-0.7938,0.8
0.0136,-0.4408,0.8903,-0.8575,1.0
0.0136,-0.4408,1.0889,-0.8336,1.2
0.0136,-0.4408,1.2213,-0.9835,1.4
0.0136,-0.4408,1.377,-1.109,1.6
0.0136,-0.4408,1.5657,-1.053,1.7969
0.0136,-0.4408,1.6856,-1.2131,1.9969
0.0136,-0.4408,1.6796,-1.413,2.1969
0.0136,-0.4408,1.7747,-1.589,2.3969
0.0136,-0.4408,1.9591,-1.5784,2.5816
0.0136,-0.4408,1.9591,-1.5784,2.5816
0.1682,-0.5677,0.3681,-0.5748,0.2
0.1682,-0.5677,0.5447,-0.6686,0.4
0.1682,-0.5677,0.7007,-0.7938,0.6
0.1682,-0.5677,0.8903,-0.8575,0.8
0.1682,-0.5677,1.0889,-0.8336,1.0
0.1682,-0.5677,1.2213,-0.9835,1.2
0.1682,-0.5677,1.377,-1.109,1.4
0.1682,-0.5677,1.5657,-1.053,1.5969
0.1682,-0.5677,1.6856,-1.2131,1.7969
0.1682,-0.5677,1.6796,-1.413,1.9969
0.1682,-0.5677,1.7747,-1.589,2.1969
0.1682,-0.5677,1.9591,-1.5784,2.3816
0.1682,-0.5677,1.9591,-1.5784,2.3816
0.3681,-0.5748,0.5447,-0.6686,0.2
0.3681,-0.5748,0.7007,-0.7938,0.4
0.3681,-0.5748,0.8903,-0.8575,0.6
0.3681,-0.5748,1.0889,-0.8336,0.8
0.3681,-0.5748,1.2213,-0.9835,1.0
0.3681,-0.5748,1.377,-1.109,1.2
0.3681,-0.5748,1.5657,-1.053,1.3969
0.3681,-0.5748,1.6856,-1.2131,1.5969
0.3681,-0.5748,1.6796,-1.413,1.7969
0.3681,-0.5748,1.7747,-1.589,1.9969
0.3681,-0.5748,1.9591,-1.5784,2.1816
0.3681,-0.5748,1.9591,-1.5784,2.1816
0.5447,-0.6686,0.7007,-0.7938,0.2
0.5447,-0.6686,0.8903,-0.8575,0.4
0.5447,-0.6686,1.0889,-0.8336,0.6
0.5447,-0.6686,1.2213,-0.9835,0.8
0.5447,-0.6686,1.377,-1.109,1.0
0.5447,-0.6686,1.5657,-1.053,1.1969
0.5447,-0.6686,1.6856,-1.2131,1.3969
0.5447,-0.6686,1.6796,-1.413,1.5969
0.5447,-0.6686,1.7747,-1.589,1.7969
0.5447,-0.6686,1.9591,-1.5784,1.9816
0.5447,-0.6686,1.9591,-1.5784,1.9816
0.7007,-0.7938,0.8903,-0.8575,0.2
0.7007,-0.7938,1.0889,-0.8336,0.4
0.7007,-0.7938,1.2213,-0.9835,0.6
0.7007,-0.7938,1.377,-1.109,0.8
0.7007,-0.7938,1.5657,-1.053,0.9969
0.7007,-0.7938,1.6856,-1.2131,1.1969
0.7007,-0.7938,1.6796,-1.413,1.3969
0.7007,-0.7938,1.7747,-1.589,1.5969
0.7007,-0.7938,1.9591,-1.5784,1.7816
0.7007,-0.7938,1.9591,-1.5784,1.7816
0.8903,-0.8575,1.0889,-0.8336,0.2
0.8903,-0.8575,1.2213,-0.9835,0.4
0.8903,-0.8575,1.377,-1.109,0.6
0.8903,-0.8575,1.5657,-1.053,0.7969
0.8903,-0.8575,1.6856,-1.2131,0.9969
0.8903,-0.8575,1.6796,-1.413,1.1969
0.8903,-0.8575,1.7747,-1.589,1.3969
0.8903,-0.8575,1.9591,-1.5784,1.5816
0.8903,-0.8575,1.9591,-1.5784,1.5816
1.0889,-0.8336,1.2213,-0.9835,0.2
1.0889,-0.8336,1.377,-1.109,0.4
1.0889,-0.8336,1.5657,-1.053,0.5969
1.0889,-0.8336,1.6856,-1.2131,0.7969
1.0889,-0.8336,1.6796,-1.413,0.9969
1.0889,-0.8336,1.7747,-1.589,1.1969
1.0889,-0.8336,1.9591,-1.5784,1.3816
1.0889,-0.8336,1.9591,-1.5784,1.3816
1.2213,-0.9835,1.377,-1.109,0.2
1.2213,-0.9835,1.5657,-1.053,0.3969
1.2213,-0.9835,1.6856,-1.2131,0.5969
1.2213,-0.9835,1.6796,-1.413,0.7969
1.2213,-0.9835,1.7747,-1.589,0.9969
1.2213,-0.9835,1.9591,-1.5784,1.1816
1.2213,-0.9835,1.9591,-1.5784,1.1816
1.377,-1.109,1.5657,-1.053,0.1969
1.377,-1.109,1.6856,-1.2131,0.3969
1.377,-1.109,1.6796,-1.413,0.5969
1.377,-1.109,1.7747,-1.589,0.7969
1.377,-1.109,1.9591,-1.5784,0.9816
1.377,-1.109,1.9591,-1.5784,0.9816
1.5657,-1.053,1.6856,-1.2131,0.2
1.5657,-1.053,1.6796,-1.413,0.4
1.5657,-1.053,1.7747,-1.589,0.6
1.5657,-1.053,1.9591,-1.5784,0.7847
1.5657,-1.053,1.9591,-1.5784,0.7847
1.6856,-1.2131,1.6796,-1.413,0.2
1.6856,-1.2131,1.7747,-1.589,0.4
1.6856,-1.2131,1.9591,-1.5784,0.5847
1.6856,-1.2131,1.9591,-1.5784,0.5847
1.6796,-1.413,1.7747,-1.589,0.2
1.6796,-1.413,1.9591,-1.5784,0.3847
1.6796,-1.413,1.9591,-1.5784,0.3847
1.7747,-1.589,1.9591,-1.5784,0.1847
1.7747,-1.589,1.9591,-1.5784,0.1847
1.9591,-1.5784,1.9591,-1.5784,0.0
0.9011,0.3851,0.726,0.2883,0.2
0.9011,0.3851,0.5625,0.4034,0.4
0.9011,0.3851,0.3635,0.3828,0.6
0.9011,0.3851,0.2234,0.24,0.8
0.9011,0.3851,0.0575,0.1283,1.0
0.9011,0.3851,-0.1133,0.2322,1.2
0.9011,0.3851,-0.2842,0.3361,1.4
0.9011,0.3851,-0.4831,0.3573,1.6
0.9011,0.3851,-0.683,0.3508,1.8
0.9011,0.3851,-0.8198,0.4967,2.0
0.9011,0.3851,-1.0019,0.5792,2.2
0.9011,0.3851,-1.2015,0.5662,2.4
0.9011,0.3851,-1.3842,0.4848,2.6
0.9011,0.3851,-1.5526,0.5928,2.8
0.9011,0.3851,-1.5325,0.7917,3.0
0.9011,0.3851,-1.6057,0.9779,3.2
0.9011,0.3851,-1.5038,1.0778,3.3427
0.9011,0.3851,-1.5038,1.0778,3.3427
0.726,0.2883,0.5625,0.4034,0.2
0.726,0.2883,0.3635,0.3828,0.4
0.726,0.2883,0.2234,0.24,0.6
0.726,0.2883,0.0575,0.1283,0.8
0.726,0.2883,-0.1133,0.2322,1.0
0.726,0.2883,-0.2842,0.3361,1.2
0.726,0.2883,-0.4831,0.3573,1.4
0.726,0.2883,-0.683,0.3508,1.6
0.726,0.2883,-0.8198,0.4967,1.8
0.726,0.2883,-1.0019,0.5792,2.0
0.726,0.2883,-1.2015,0.5662,2.2
0.726,0.2883,-1.3842,0.4848,2.4
0.726,0.2883,-1.5526,0.5928,2.6
0.726,0.2883,-1.5325,0.7917,2.8
0.726,0.2883,-1.6057,0.9779,3.0
0.726,0.2883,-1.5038,1.0778,3.1427
0.726,0.2883,-1.5038,1.0778,3.1427
0.5625,0.4034,0.3635,0.3828,0.2
0.5625,0.4034,0.2234,0.24,0.4
0.5625,0.4034,0.0575,0.1283,0.6
0.5625,0.4034,-0.1133,0.2322,0.8
0.5625,0.4034,-0.2842,0.3361,1.0
0.5625,0.4034,-0.4831,0.3573,1.2
0.5625,0.4034,-0.683,0.3508,1.4
0.5625,0.4034,-0.8198,0.4967,1.6
0.5625,0.4034,-1.0019,0.5792,1.8
0.5625,0.4034,-1.2015,0.5662,2.0
0.5625,0.4034,-1.3842,0.4848,2.2
0.5625,0.4034,-1.5526,0.5928,2.4
0.5625,0.4034,-1.5325,0.7917,2.6
0.5625,0.4034,-1.6057,0.9779,2.8
0.5625,0.4034,-1.5038,1.0778,2.9427
0.5625,0.4034,-1.5038,1.0778,2.9427
0.3635,0.3828,0.2234,0.24,0.2
0.3635,0.3828,0.0575,0.1283,0.4
0.3635,0.3828,-0.1133,0.2322,0.6
0.3635,0.3828,-0.2842,0.3361,0.8
0.3635,0.3828,-0.4831,0.3573,1.0
0.3635,0.3828,-0.683,0.3508,1.2
0.3635,0.3828,-0.8198,0.4967,1.4
0.3635,0.3828,-1.0019,0.5792,1.6
0.3635,0.3828,-1.2015,0.5662,1.8
0.3635,0.3828,-1.3842,0.4848,2.0
0.3635,0.3828,-1.5526,0.5928,2.2
0.3635,0.3828,-1.5325,0.7917,2.4
0.3635,0.3828,-1.6057,0.9779,2.6
0.3635,0.3828,-1.5038,1.0778,2.7427
0.3635,0.3828,-1.5038,1.0778,2.7427
0.2234,0.24,0.0575,0.1283,0.2
0.2234,0.24,-0.1133,0.2322,0.4
0.2234,0.24,-0.2842,0.3361,0.6
0.2234,0.24,-0.4831,0.3573,0.8
0.2234,0.24,-0.683,0.3508,1.0
0.2234,0.24,-0.8198,0.4967,1.2
0.2234,0.24,-1.0019,0.5792,1.4
0.2234,0.24,-1.2015,0.5662,1.6
0.2234,0.24,-1.3842,0.4848,1.8
0.2234,0.24,-1.5526,0.5928,2.0
0.2234,0.24,-1.5325,0.7917,2.2
0.2234,0.24,-1.6057,0.9779,2.4
0.2234,0.24,-1.5038,1.0778,2.5427
0.2234,0.24,-1.5038,1.0778,2.5427
0.0575,0.1283,-0.1133,0.2322,0.2
0.0575,0.1283,-0.2842,0.3361,0.4
0.0575,0.1283,-0.4831,0.3573,0.6
0.0575,0.1283,-0.683,0.3508,0.8
0.0575,0.1283,-0.8198,0.4967,1.0
0.0575,0.1283,-1.0019,0.5792,1.2
0.0575,0.1283,-1.2015,0.5662,1.4
0.0575,0.1283,-1.3842,0.4848,1.6
0.0575,0.1283,-1.5526,0.5928,1.8
0.0575,0.1283,-1.5325,0.7917,2.0
0.0575,0.1283,-1.6057,0.9779,2.2
0.0575,0.1283,-1.5038,1.0778,2.3427
0.0575,0.1283,-1.5038,1.0778,2.3427
-0.1133,0.2322,-0.2842,0.3361,0.2
-0.1133,0.2322,-0.4831,0.3573,0.4
-0.1133,0.2322,-0.683,0.3508,0.6
-0.1133,0.2322,-0.8198,0.4967,0.8
-0.1133,0.2322,-1.0019,0.5792,1.0
-0.1133,0.2322,-1.2015,0.5662,1.2
-0.1133,0.2322,-1.3842,0.4848,1.4
-0.1133,0.2322,-1.5526,0.5928,1.6
-0.1133,0.2322,-1.5325,0.7917,1.8
-0.1133,0.2322,-1.6057,0.9779,2.0
-0.1133,0.2322,-1.5038,1.0778,2.1427
-0.1133,0.2322,-1.5038,1.0778,2.1427
-0.2842,0.3361,-0.4831,0.3573,0.2
-0.2842,0.3361,-0.683,0.3508,0.4
-0.2842,0.3361,-0.8198,0.4967,0.6
-0.2842,0.3361,-1.0019,0.5792,0.8
-0.2842,0.3361,-1.2015,0.5662,1.0
-0.2842,0.3361,-1.3842,0.4848,1.2
-0.2842,0.3361,-1.5526,0.5928,1.4
-0.2842,0.3361,-1.5325,0.7917,1.6
-0.2842,0.3361,-1.6057,0.9779,1.8
-0.2842,0.3361,-1.5038,1.0778,1.9427
-0.2842,0.3361,-1.5038,1.0778,1.9427
-0.4831,0.3573,-0.683,0.3508,0.2
-0.4831,0.3573,-0.8198,0.4967,0.4
-0.4831,0.3573,-1.0019,0.5792,0.6
-0.4831,0.3573,-1.2015,0.5662,0.8
-0.4831,0.3573,-1.3842,0.4848,1.0
-0.4831,0.3573,-1.5526,0.5928,1.2
-0.4831,0.3573,-1.5325,0.7917,1.4
-0.4831,0.3573,-1.6057,0.9779,1.6
-0.4831,0.3573,-1.5038,1.0778,1.7427
-0.4831,0.3573,-1.5038,1.0778,1.7427
-0.683,0.3508,-0.8198,0.4967,0.2
-0.683,0.3508,-1.0019,0.5792,0.4
-0.683,0.3508,-1.2015,0.5662,0.6
-0.683,0.3508,-1.3842,0.4848,0.8
-0.683,0.3508,-1.5526,0.5928,1.0
-0.683,0.3508,-1.5325,0.7917,1.2
-0.683,0.3508,-1.6057,0.9779,1.4
-0.683,0.3508,-1.5038,1.0778,1.5427
-0.683,0.3508,-1.5038,1.0778,1.5427
-0.8198,0.4967,-1.0019,0.5792,0.2
-0.8198,0.4967,-1.2015,0.5662,0.4
-0.8198,0.4967,-1.3842,0.4848,0.6
-0.8198,0.4967,-1.5526,0.5928,0.8
-0.8198,0.4967,-1.5325,0.7917,1.0
-0.8198,0.4967,-1.6057,0.9779,1.2
-0.8198,0.4967,-1.5038,1.0778,1.3427
-0.8198,0.4967,-1.5038,1.0778,1.3427
-1.0019,0.5792,-1.2015,0.5662,0.2
-1.0019,0.5792,-1.3842,0.4848,0.4
-1.0019,0.5792,-1.5526,0.5928,0.6
-1.0019,0.5792,-1.5325,0.7917,0.8
-1.0019,0.5792,-1.6057,0.9779,1.0
-1.0019,0.5792,-1.5038,1.0778,1.1427
-1.0019,0.5792,-1.5038,1.0778,1.1427
-1.2015,0.5662,-1.3842,0.4848,0.2
-1.2015,0.5662,-1.5526,0.5928,0.4
-1.2015,0.5662,-1.5325,0.7917,0.6
-1.2015,0.5662,-1.6057,0.9779,0.8
-1.2015,0.5662,-1.5038,1.0778,0.9427
-1.2015,0.5662,-1.5038,1.0778,0.9427
-1.3842,0.4848,-1.5526,0.5928,0.2
-1.3842,0.4848,-1.5325,0.7917,0.4
-1.3842,0.4848,-1.6057,0.9779,0.6
-1.3842,0.4848,-1.5038,1.0778,0.7427
-1.3842,0.4848,-1.5038,1.0778,0.7427
-1.5526,0.5928,-1.5325,0.7917,0.2
-1.5526,0.5928,-1.6057,0.9779,0.4
-1.5526,0.5928,-1.5038,1.0778,0.5427
-1.5526,0.5928,-1.5038,1.0778,0.5427
-1.5325,0.7917,-1.6057,0.9779,0.2
-1.5325,0.7917,-1.5038,1.0778,0.3427
-1.5325,0.7917,-1.5038,1.0778,0.3427
-1.6057,0.9779,-1.5038,1.0778,0.1427
-1.6057,0.9779,-1.5038,1.0778,0.1427
-1.5038,1.0778,-1.5038,1.0778,0.0
-0.2509,-1.0385,-0.4424,-1.0961,0.2
-0.2509,-1.0385,-0.5667,-0.9394,0.4
-0.2509,-1.0385,-0.7189,-0.8096,0.6
-0.2509,-1.0385,-0.9172,-0.7838,0.8
-0.2509,-1.0385,-1.1076,-0.7225,1.0
-0.2509,-1.0385,-1.2139,-0.5531,1.2
-0.2509,-1.0385,-1.3068,-0.376,1.4
-0.2509,-1.0385,-1.4763,-0.2699,1.6
-0.2509,-1.0385,-1.553,-0.0852,1.8
-0.2509,-1.0385,-1.7314,0.0053,2.0
-0.2509,-1.0385,-1.8783,0.141,2.2
-0.2509,-1.0385,-2.0363,0.2636,2.4
-0.2509,-1.0385,-2.1748,0.408,2.6
-0.2509,-1.0385,-2.2324,0.5995,2.8
-0.2509,-1.0385,-2.2901,0.791,3.0
-0.2509,-1.0385,-2.3084,0.9901,3.2
-0.2509,-1.0385,-2.3922,1.1717,3.4
-0.2509,-1.0385,-2.3476,1.3667,3.6
-0.2509,-1.0385,-2.3697,1.5655,3.8
-0.2509,-1.0385,-2.5052,1.5052,3.9483
-0.2509,-1.0385,-2.5052,1.5052,3.9483
-0.4424,-1.0961,-0.5667,-0.9394,0.2
-0.4424,-1.0961,-0.7189,-0.8096,0.4
-0.4424,-1.0961,-0.9172,-0.7838,0.6
-0.4424,-1.0961,-1.1076,-0.7225,0.8
-0.4424,-1.0961,-1.2139,-0.5531,1.0
-0.4424,-1.0961,-1.3068,-0.376,1.2
-0.4424,-1.0961,-1.4763,-0.2699,1.4
-0.4424,-1.0961,-1.553,-0.0852,1.6
-0.4424,-1.0961,-1.7314,0.0053,1.8
-0.4424,-1.0961,-1.8783,0.141,2.0
-0.4424,-1.0961,-2.0363,0.2636,2.2
-0.4424,-1.0961,-2.1748,0.408,2.4
-0.4424,-1.0961,-2.2324,0.5995,2.6
-0.4424,-1.0961,-2.2901,0.791,2.8
-0.4424,-1.0961,-2.3084,0.9901,3.0
-0.4424,-1.0961,-2.3922,1.1717,3.2
-0.4424,-1.0961,-2.3476,1.3667,3.4
-0.4424,-1.0961,-2.3697,1.5655,3.6
-0.4424,-1.0961,-2.5052,1.5052,3.7483
-0.4424,-1.0961,-2.5052,1.5052,3.7483
-0.5667,-0.9394,-0.7189,-0.8096,0.2
-0.5667,-0.9394,-0.9172,-0.7838,0.4
-0.5667,-0.9394,-1.1076,-0.7225,0.6
-0.5667,-0.9394,-1.2139,-0.5531,0.8
-0.5667,-0.9394,-1.3068,-0.376,1.0
-0.5667,-0.9394,-1.4763,-0.2699,1.2
-0.5667,-0.9394,-1.553,-0.0852,1.4
-0.5667,-0.9394,-1.7314,0.0053,1.6
-0.5667,-0.9394,-1.8783,0.141,1.8
-0.5667,-0.9394,-2.0363,0.2636,2.0
-0.5667,-0.9394,-2.1748,0.408,2.2
-0.5667,-0.9394,-2.2324,0.5995,2.4
-0.5667,-0.9394,-2.2901,0.791,2.6
-0.5667,-0.9394,-2.3084,0.9901,2.8
-0.5667,-0.9394,-2.3922,1.1717,3.0
-0.5667,-0.9394,-2.3476,1.3667,3.2
-0.5667,-0.9394,-2.3697,1.5655,3.4
-0.5667,-0.9394,-2.5052,1.5052,3.5483
-0.5667,-0.9394,-2.5052,1.5052,3.5483
-0.7189,-0.8096,-0.9172,-0.7838,0.2
-0.7189,-0.8096,-1.1076,-0.7225,0.4
-0.7189,-0.8096,-1.2139,-0.5531,0.6
-0.7189,-0.8096,-1.3068,-0.376,0.8
-0.7189,-0.8096,-1.4763,-0.2699,1.0
-0.7189,-0.8096,-1.553,-0.0852,1.2
-0.7189,-0.8096,-1.7314,0.0053,1.4
-0.7189,-0.8096,-1.8783,0.141,1.6
-0.7189,-0.8096,-2.0363,0.2636,1.8
-0.7189,-0.8096,-2.1748,0.408,2.0
-0.7189,-0.8096,-2.2324,0.5995,2.2
-0.7189,-0.8096,-2.2901,0.791,2.4
-0.7189,-0.8096,-2.3084,0.9901,2.6
-0.7189,-0.8096,-2.3922,1.1717,2.8
-0.7189,-0.8096,-2.3476,1.3667,3.0
-0.7189,-0.8096,-2.3697,1.5655,3.2
-0.7189,-0.8096,-2.5052,1.5052,3.3483
-0.7189,-0.8096,-2.5052,1.5052,3.3483
-0.9172,-0.7838,-1.1076,-0.7225,0.2
-0.9172,-0.7838,-1.2139,-0.5531,0.4
-0.9172,-0.7838,-1.3068,-0.376,0.6
-0.9172,-0.7838,-1.4763,-0.2699,0.8
-0.9172,-0.7838,-1.553,-0.0852,1.0
-0.9172,-0.7838,-1.7314,0.0053,1.2
-0.9172,-0.7838,-1.8783,0.141,1.4
-0.9172,-0.7838,-2.0363,0.2636,1.6
-0.9172,-0.7838,-2.1748,0.408,1.8
-0.9172,-0.7838,-2.2324,0.5995,2.0
-0.9172,-0.7838,-2.2901,0.791,2.2
-0.9172,-0.7838,-2.3084,0.9901,2.4
-0.9172,-0.7838,-2.3922,1.1717,2.6
-0.9172,-0.7838,-2.3476,1.3667,2.8
-0.9172,-0.7838,-2.3697,1.5655,3.0
-0.9172,-0.7838,-2.5052,1.5052,3.1483
-0.9172,-0.7838,-2.5052,1.5052,3.1483
-1.1076,-0.7225,-1.2139,-0.5531,0.2
-1.1076,-0.7225,-1.3068,-0.376,0.4
-1.1076,-0.7225,-1.4763,-0.2699,0.6
-1.1076,-0.7225,-1.553,-0.0852,0.8
-1.1076,-0.7225,-1.7314,0.0053,1.0
-1.1076,-0.7225,-1.8783,0.141,1.2
-1.1076,-0.7225,-2.0363,0.2636,1.4
-1.1076,-0.7225,-2.1748,0.408,1.6
-1.1076,-0.7225,-2.2324,0.5995,1.8
-1.1076,-0.7225,-2.2901,0.791,2.0
-1.1076,-0.7225,-2.3084,0.9901,2.2
-1.1076,-0.7225,-2.3922,1.1717,2.4
-1.1076,-0.7225,-2.3476,1.3667,2.6
-1.1076,-0.7225,-2.3697,1.5655,2.8
-1.1076,-0.7225,-2.5052,1.5052,2.9483
-1.1076,-0.7225,-2.5052,1.5052,2.9483
-1.2139,-0.5531,-1.3068,-0.376,0.2
-1.2139,-0.5531,-1.4763,-0.2699,0.4
-1.2139,-0.5531,-1.553,-0.0852,0.6
-1.2139,-0.5531,-1.7314,0.0053,0.8
-1.2139,-0.5531,-1.8783,0.141,1.0
-1.2139,-0.5531,-2.0363,0.2636,1.2
-1.2139,-0.5531,-2.1748,0.408,1.4
-1.2139,-0.5531,-2.2324,0.5995,1.6
-1.2139,-0.5531,-2.2901,0.791,1.8
-1.2139,-0.5531,-2.3084,0.9901,2.0
-1.2139,-0.5531,-2.3922,1.1717,2.2
-1.2139,-0.5531,-2.3476,1.3667,2.4
-1.2139,-0.5531,-2.3697,1.5655,2.6
-1.2139,-0.5531,-2.5052,1.5052,2.7483
-1.2139,-0.5531,-2.5052,1.5052,2.7483
-1.3068,-0.376,-1.4763,-0.2699,0.2
-1.3068,-0.376,-1.553,-0.0852,0.4
-1.3068,-0.376,-1.7314,0.0053,0.6
-1.3068,-0.376,-1.8783,0.141,0.8
-1.3068,-0.376,-2.0363,0.2636,1.0
-1.3068,-0.376,-2.1748,0.408,1.2
-1.3068,-0.376,-2.2324,0.5995,1.4
-1.3068,-0.376,-2.2901,0.791,1.6
-1.3068,-0.376,-2.3084,0.9901,1.8
-1.3068,-0.376,-2.3922,1.1717,2.0
-1.3068,-0.376,-2.3476,1.3667,2.2
-1.3068,-0.376,-2.3697,1.5655,2.4
-1.3068,-0.376,-2.5052,1.5052,2.5483
-1.3068,-0.376,-2.5052,1.5052,2.5483
-1.4763,-0.2699,-1.553,-0.0852,0.2
-1.4763,-0.2699,-1.7314,0.0053,0.4
-1.4763,-0.2699,-1.8783,0.141,0.6
-1.4763,-0.2699,-2.0363,0.2636,0.8
-1.4763,-0.2699,-2.1748,0.408,1.0
-1.4763,-0.2699,-2.2324,0.5995,1.2
-1.4763,-0.2699,-2.2901,0.791,1.4
-1.4763,-0.2699,-2.3084,0.9901,1.6
-1.4763,-0.2699,-2.3922,1.1717,1.8
-1.4763,-0.2699,-2.3476,1.3667,2.0
-1.4763,-0.2699,-2.3697,1.5655,2.2
-1.4763,-0.2699,-2.5052,1.5052,2.3483
-1.4763,-0.2699,-2.5052,1.5052,2.3483
-1.553,-0.0852,-1.7314,0.0053,0.2
-1.553,-0.0852,-1.8783,0.141,0.4
-1.553,-0.0852,-2.0363,0.2636,0.6
-1.553,-0.0852,-2.1748,0.408,0.8
-1.553,-0.0852,-2.2324,0.5995,1.0
-1.553,-0.0852,-2.2901,0.791,1.2
-1.553,-0.0852,-2.3084,0.9901,1.4
-1.553,-0.0852,-2.3922,1.1717,1.6
-1.553,-0.0852,-2.3476,1.3667,1.8
-1.553,-0.0852,-2.3697,1.5655,2.0
-1.553,-0.0852,-2.5052,1.5052,2.1483
-1.553,-0.0852,-2.5052,1.5052,2.1483
-1.7314,0.0053,-1.8783,0.141,0.2
-1.7314,0.0053,-2.0363,0.2636,0.4
-1.7314,0.0053,-2.1748,0.408,0.6
-1.7314,0.0053,-2.2324,0.5995,0.8
-1.7314,0.0053,-2.2901,0.791,1.0
-1.7314,0.0053,-2.3084,0.9901,1.2
-1.7314,0.0053,-2.3922,1.1717,1.4
-1.7314,0.0053,-2.3476,1.3667,1.6
-1.7314,0.0053,-2.3697,1.5655,1.8
-1.7314,0.0053,-2.5052,1.5052,1.9483
-1.7314,0.0053,-2.5052,1.5052,1.9483
-1.8783,0.141,-2.0363,0.2636,0.2
-1.8783,0.141,-2.1748,0.408,0.4
-1.8783,0.141,-2.2324,0.5995,0.6
-1.8783,0.141,-2.2901,0.791,0.8
-1.8783,0.141,-2.3084,0.9901,1.0
-1.8783,0.141,-2.3922,1.1717,1.2
-1.8783,0.141,-2.3476,1.3667,1.4
-1.8783,0.141,-2.3697,1.5655,1.6
-1.8783,0.141,-2.5052,1.5052,1.7483
-1.8783,0.141,-2.5052,1.5052,1.7483
-2.0363,0.2636,-2.1748,0.408,0.2
-2.0363,0.2636,-2.2324,0.5995,0.4
-2.0363,0.2636,-2.2901,0.791,0.6
-2.0363,0.2636,-2.3084,0.9901,0.8
-2.0363,0.2636,-2.3922,1.1717,1.0
-2.0363,0.2636,-2.3476,1.3667,1.2
-2.0363,0.2636,-2.3697,1.5655,1.4
-2.0363,0.2636,-2.5052,1.5052,1.5483
-2.0363,0.2636,-2.5052,1.5052,1.5483
-2.1748,0.408,-2.2324,0.5995,0.2
-2.1748,0.408,-2.2901,0.791,0.4
-2.1748,0.408,-2.3084,0.9901,0.6
-2.1748,0.408,-2.3922,1.1717,0.8
-2.1748,0.408,-2.3476,1.3667,1.0
-2.1748,0.408,-2.3697,1.5655,1.2
-2.1748,0.408,-2.5052,1.5052,1.3483
-2.1748,0.408,-2.5052,1.5052,1.3483
-2.2324,0.5995,-2.2901,0.791,0.2
-2.2324,0.5995,-2.3084,0.9901,0.4
-2.2324,0.5995,-2.3922,1.1717,0.6
-2.2324,0.5995,-2.3476,1.3667,0.8
-2.2324,0.5995,-2.3697,1.5655,1.0
-2.2324,0.5995,-2.5052,1.5052,1.1483
-2.2324,0.5995,-2.5052,1.5052,1.1483
-2.2901,0.791,-2.3084,0.9901,0.2
-2.2901,0.791,-2.3922,1.1717,0.4
-2.2901,0.791,-2.3476,1.3667,0.6
-2.2901,0.791,-2.3697,1.5655,0.8
-2.2901,0.791,-2.5052,1.5052,0.9483
-2.2901,0.791,-2.5052,1.5052,0.9483
-2.3084,0.9901,-2.3922,1.1717,0.2
-2.3084,0.9901,-2.3476,1.3667,0.4
-2.3084,0.9901,-2.3697,1.5655,0.6
-2.3084,0.9901,-2.5052,1.5052,0.7483
-2.3084,0.9901,-2.5052,1.5052,0.7483
-2.3922,1.1717,-2.3476,1.3667,0.2
-2.3922,1.1717,-2.3697,1.5655,0.4
-2.3922,1.1717,-2.5052,1.5052,0.5483
-2.3922,1.1717,-2.5052,1.5052,0.5483
-2.3476,1.3667,-2.3697,1.5655,0.2
-2.3476,1.3667,-2.5052,1.5052,0.3483
-2.3476,1.3667,-2.5052,1.5052,0.3483
-2.3697,1.5655,-2.5052,1.5052,0.1483
-2.3697,1.5655,-2.5052,1.5052,0.1483
-2.5052,1.5052,-2.5052,1.5052,0.0
1.9328,-2.9779,1.809,-2.8208,0.2
1.9328,-2.9779,1.6803,-2.6677,0.4
1.9328,-2.9779,1.5555,-2.5114,0.6
1.9328,-2.9779,1.5098,-2.3167,0.8
1.9328,-2.9779,1.3175,-2.2617,1.0
1.9328,-2.9779,1.1232,-2.2141,1.2
1.9328,-2.9779,0.9896,-2.0653,1.4
1.9328,-2.9779,0.856,-1.9165,1.6
1.9328,-2.9779,0.6593,-1.8799,1.8
1.9328,-2.9779,0.4808,-1.7897,2.0
1.9328,-2.9779,0.57,-1.6107,2.2
1.9328,-2.9779,0.5665,-1.4107,2.4
1.9328,-2.9779,0.4861,-1.3592,2.4955
1.9328,-2.9779,0.3788,-1.2295,2.6639
1.9328,-2.9779,0.2074,-1.1264,2.8639
1.9328,-2.9779,0.0748,-1.0467,3.0185
1.9328,-2.9779,0.0748,-1.0467,3.0185
1.809,-2.8208,1.6803,-2.6677,0.2
1.809,-2.8208,1.5555,-2.5114,0.4
1.809,-2.8208,1.5098,-2.3167,0.6
1.809,-2.8208,1.3175,-2.2617,0.8
1.809,-2.8208,1.1232,-2.2141,1.0
1.809,-2.8208,0.9896,-2.0653,1.2
1.809,-2.8208,0.856,-1.9165,1.4
1.809,-2.8208,0.6593,-1.8799,1.6
1.809,-2.8208,0.4808,-1.7897,1.8
1.809,-2.8208,0.57,-1.6107,2.0
1.809,-2.8208,0.5665,-1.4107,2.2
1.809,-2.8208,0.4861,-1.3592,2.2955
1.809,-2.8208,0.3788,-1.2295,2.4639
1.809,-2.8208,0.2074,-1.1264,2.6639
1.809,-2.8208,0.0748,-1.0467,2.8185
1.809,-2.8208,0.0748,-1.0467,2.8185
1.6803,-2.6677,1.5555,-2.5114,0.2
1.6803,-2.6677,1.5098,-2.3167,0.4
1.6803,-2.6677,1.3175,-2.2617,0.6
1.6803,-2.6677,1.1232,-2.2141,0.8
1.6803,-2.6677,0.9896,-2.0653,1.0
1.6803,-2.6677,0.856,-1.9165,1.2
1.6803,-2.6677,0.6593,-1.8799,1.4
1.6803,-2.6677,0.4808,-1.7897,1.6
1.6803,-2.6677,0.57,-1.6107,1.8
1.6803,-2.6677,0.5665,-1.4107,2.0
1.6803,-2.6677,0.4861,-1.3592,2.0955
1.6803,-2.6677,0.3788,-1.2295,2.2639
1.6803,-2.6677,0.2074,-1.1264,2.4639
1.6803,-2.6677,0.0748,-1.0467,2.6185
1.6803,-2.6677,0.0748,-1.0467,2.6185
1.5555,-2.5114,1.5098,-2.3167,0.2
1.5555,-2.5114,1.3175,-2.2617,0.4
1.5555,-2.5114,1.1232,-2.2141,0.6
1.5555,-2.5114,0.9896,-2.0653,0.8
1.5555,-2.5114,0.856,-1.9165,1.0
1.5555,-2.5114,0.6593,-1.8799,1.2
1.5555,-2.5114,0.4808,-1.7897,1.4
1.5555,-2.5114,0.57,-1.6107,1.6
1.5555,-2.5114,0.5665,-1.4107,1.8
1.5555,-2.5114,0.4861,-1.3592,1.8955
1.5555,-2.5114,0.3788,-1.2295,2.0639
1.5555,-2.5114,0.2074,-1.1264,2.2639
1.5555,-2.5114,0.0748,-1.0467,2.4185
1.5555,-2.5114,0.0748,-1.0467,2.4185
1.5098,-2.3167,1.3175,-2.2617,0.2
1.5098,-2.3167,1.1232,-2.2141,0.4
1.5098,-2.3167,0.9896,-2.0653,0.6
1.5098,-2.3167,0.856,-1.9165,0.8
1.5098,-2.3167,0.6593,-1.8799,1.0
1.5098,-2.3167,0.4808,-1.7897,1.2
1.5098,-2.3167,0.57,-1.6107,1.4
1.5098,-2.3167,0.5665,-1.4107,1.6
1.5098,-2.3167,0.4861,-1.3592,1.6955
1.5098,-2.3167,0.3788,-1.2295,1.8639
1.5098,-2.3167,0.2074,-1.1264,2.0639
1.5098,-2.3167,0.0748,-1.0467,2.2185
1.5098,-2.3167,0.0748,-1.0467,2.2185
1.3175,-2.2617,1.1232,-2.2141,0.2
1.3175,-2.2617,0.9896,-2.0653,0.4
1.3175,-2.2617,0.856,-1.9165,0.6
1.3175,-2.2617,0.6593,-1.8799,0.8
1.3175,-2.2617,0.4808,-1.7897,1.0
1.3175,-2.2617,0.57,-1.6107,1.2
1.3175,-2.2617,0.5665,-1.4107,1.4
1.3175,-2.2617,0.4861,-1.3592,1.4955
1.3175,-2.2617,0.3788,-1.2295,1.6639
1.3175,-2.2617,0.2074,-1.1264,1.8639
1.3175,-2.2617,0.0748,-1.0467,2.0185
1.3175,-2.2617,0.0748,-1.0467,2.0185
1.1232,-2.2141,0.9896,-2.0653,0.2
1.1232,-2.2141,0.856,-1.9165,0.4
1.1232,-2.2141,0.6593,-1.8799,0.6
1.1232,-2.2141,0.4808,-1.7897,0.8
1.1232,-2.2141,0.57,-1.6107,1.0
1.1232,-2.2141,0.5665,-1.4107,1.2
1.1232,-2.2141,0.4861,-1.3592,1.2955
1.1232,-2.2141,0.3788,-1.2295,1.4639
1.1232,-2.2141,0.2074,-1.1264,1.6639
1.1232,-2.2141,0.0748,-1.0467,1.8185
1.1232,-2.2141,0.0748,-1.0467,1.8185
0.9896,-2.0653,0.856,-1.9165,0.2
0.9896,-2.0653,0.6593,-1.8799,0.4
0.9896,-2.0653,0.4808,-1.7897,0.6
0.9896,-2.0653,0.57,-1.6107,0.8
0.9896,-2.0653,0.5665,-1.4107,1.0
0.9896,-2.0653,0.4861,-1.3592,1.0955
0.9896,-2.0653,0.3788,-1.2295,1.2639
0.9896,-2.0653,0.2074,-1.1264,1.4639
0.9896,-2.0653,0.0748,-1.0467,1.6185
0.9896,-2.0653,0.0748,-1.0467,1.6185
0.856,-1.9165,0.6593,-1.8799,0.2
0.856,-1.9165,0.4808,-1.7897,0.4
0.856,-1.9165,0.57,-1.6107,0.6
0.856,-1.9165,0.5665,-1.4107,0.8
0.856,-1.9165,0.4861,-1.3592,0.8955
0.856,-1.9165,0.3788,-1.2295,1.0639
0.856,-1.9165,0.2074,-1.1264,1.2639
0.856,-1.9165,0.0748,-1.0467,1.4185
0.856,-1.9165,0.0748,-1.0467,1.4185
0.6593,-1.8799,0.4808,-1.7897,0.2
0.6593,-1.8799,0.57,-1.6107,0.4
0.6593,-1.8799,0.5665,-1.4107,0.6
0.6593,-1.8799,0.4861,-1.3592,0.6955
0.6593,-1.8799,0.3788,-1.2295,0.8639
0.6593,-1.8799,0.2074,-1.1264,1.0639
0.6593,-1.8799,0.0748,-1.0467,1.2185
0.6593,-1.8799,0.0748,-1.0467,1.2185
0.4808,-1.7897,0.57,-1.6107,0.2
0.4808,-1.7897,0.5665,-1.4107,0.4
0.4808,-1.7897,0.4861,-1.3592,0.4955
0.4808,-1.7897,0.3788,-1.2295,0.6639
0.4808,-1.7897,0.2074,-1.1264,0.8639
0.4808,-1.7897,0.0748,-1.0467,1.0185
0.4808,-1.7897,0.0748,-1.0467,1.0185
0.57,-1.6107,0.5665,-1.4107,0.2
0.57,-1.6107,0.4861,-1.3592,0.2955
0.57,-1.6107,0.3788,-1.2295,0.4639
0.57,-1.6107,0.2074,-1.1264,0.6639
0.57,-1.6107,0.0748,-1.0467,0.8185
0.57,-1.6107,0.0748,-1.0467,0.8185
0.5665,-1.4107,0.4861,-1.3592,0.0955
0.5665,-1.4107,0.3788,-1.2295,0.2639
0.5665,-1.4107,0.2074,-1.1264,0.4639
0.5665,-1.4107,0.0748,-1.0467,0.6185
0.5665,-1.4107,0.0748,-1.0467,0.6185
0.4861,-1.3592,0.3788,-1.2295,0.1683
0.4861,-1.3592,0.2074,-1.1264,0.3683
0.4861,-1.3592,0.0748,-1.0467,0.523
0.4861,-1.3592,0.0748,-1.0467,0.523
0.3788,-1.2295,0.2074,-1.1264,0.2
0.3788,-1.2295,0.0748,-1.0467,0.3547
0.3788,-1.2295,0.0748,-1.0467,0.3547
0.2074,-1.1264,0.0748,-1.0467,0.1547
0.2074,-1.1264,0.0748,-1.0467,0.1547
0.0748,-1.0467,0.0748,-1.0467,0.0
-2.3493,2.4819,-2.1634,2.4082,0.2
-2.3493,2.4819,-2.0214,2.2674,0.4
-2.3493,2.4819,-1.8766,2.1294,0.6
-2.3493,2.4819,-1.8006,1.9444,0.8
-2.3493,2.4819,-1.6717,1.7915,1.0
-2.3493,2.4819,-1.5292,1.6511,1.2
-2.3493,2.4819,-1.547,1.4519,1.4
-2.3493,2.4819,-1.3475,1.466,1.6
-2.3493,2.4819,-1.1532,1.5135,1.8
-2.3493,2.4819,-0.9535,1.5025,2.0
-2.3493,2.4819,-0.7628,1.5629,2.2
-2.3493,2.4819,-0.5691,1.5131,2.4
-2.3493,2.4819,-0.414,1.3869,2.6
-2.3493,2.4819,-0.256,1.2642,2.8
-2.3493,2.4819,-0.0946,1.1461,3.0
-2.3493,2.4819,0.1053,1.1409,3.2
-2.3493,2.4819,0.1978,0.9636,3.4
-2.3493,2.4819,0.2948,0.7887,3.6
-2.3493,2.4819,0.4909,0.7494,3.8
-2.3493,2.4819,0.6008,0.5823,4.0
-2.3493,2.4819,0.7372,0.436,4.2
-2.3493,2.4819,0.8352,0.2617,4.4
-2.3493,2.4819,0.9559,0.1022,4.6
-2.3493,2.4819,1.1557,0.0948,4.8
-2.3493,2.4819,1.3137,-0.0279,5.0
-2.3493,2.4819,1.4856,-0.1302,5.2
-2.3493,2.4819,1.5394,-0.2033,5.2909
-2.3493,2.4819,1.5394,-0.2033,5.2909
-2.1634,2.4082,-2.0214,2.2674,0.2
-2.1634,2.4082,-1.8766,2.1294,0.4
-2.1634,2.4082,-1.8006,1.9444,0.6
-2.1634,2.4082,-1.6717,1.7915,0.8
-2.1634,2.4082,-1.5292,1.6511,1.0
-2.1634,2.4082,-1.547,1.4519,1.2
-2.1634,2.4082,-1.3475,1.466,1.4
-2.1634,2.4082,-1.1532,1.5135,1.6
-2.1634,2.4082,-0.9535,1.5025,1.8
-2.1634,2.4082,-0.7628,1.5629,2.0
-2.1634,2.4082,-0.5691,1.5131,2.2
-2.1634,2.4082,-0.414,1.3869,2.4
-2.1634,2.4082,-0.256,1.2642,2.6
-2.1634,2.4082,-0.0946,1.1461,2.8
-2.1634,2.4082,0.1053,1.1409,3.0
-2.1634,2.4082,0.1978,0.9636,3.2
-2.1634,2.4082,0.2948,0.7887,3.4
-2.1634,2.4082,0.4909,0.7494,3.6
-2.1634,2.4082,0.6008,0.5823,3.8
-2.1634,2.4082,0.7372,0.436,4.0
-2.1634,2.4082,0.8352,0.2617,4.2
-2.1634,2.4082,0.9559,0.1022,4.4
-2.1634,2.4082,1.1557,0.0948,4.6
-2.1634,2.4082,1.3137,-0.0279,4.8
-2.1634,2.4082,1.4856,-0.1302,5.0
-2.1634,2.4082,1.5394,-0.2033,5.0909
-2.1634,2.4082,1.5394,-0.2033,5.0909
-2.0214,2.2674,-1.8766,2.1294,0.2
-2.0214,2.2674,-1.8006,1.9444,0.4
-2.0214,2.2674,-1.6717,1.7915,0.6
-2.0214,2.2674,-1.5292,1.6511,0.8
-2.0214,2.2674,-1.547,1.4519,1.0
-2.0214,2.2674,-1.3475,1.466,1.2
-2.0214,2.2674,-1.1532,1.5135,1.4
-2.0214,2.2674,-0.9535,1.5025,1.6
-2.0214,2.2674,-0.7628,1.5629,1.8
-2.0214,2.2674,-0.5691,1.5131,2.0
-2.0214,2.2674,-0.414,1.3869,2.2
-2.0214,2.2674,-0.256,1.2642,2.4
-2.0214,2.2674,-0.0946,1.1461,2.6
-2.0214,2.2674,0.1053,1.1409,2.8
-2.0214,2.2674,0.1978,0.9636,3.0
-2.0214,2.2674,0.2948,0.7887,3.2
-2.0214,2.2674,0.4909,0.7494,3.4
-2.0214,2.2674,0.6008,0.5823,3.6
-2.0214,2.2674,0.7372,0.436,3.8
-2.0214,2.2674,0.8352,0.2617,4.0
-2.0214,2.2674,0.9559,0.1022,4.2
-2.0214,2.2674,1.1557,0.0948,4.4
-2.0214,2.2674,1.3137,-0.0279,4.6
-2.0214,2.2674,1.4856,-0.1302,4.8
-2.0214,2.2674,1.5394,-0.2033,4.8909
-2.0214,2.2674,1.5394,-0.2033,4.8909
-1.8766,2.1294,-1.8006,1.9444,0.2
-1.8766,2.1294,-1.6717,1.7915,0.4
-1.8766,2.1294,-1.5292,1.6511,0.6
-1.8766,2.1294,-1.547,1.4519,0.8
-1.8766,2.1294,-1.3475,1.466,1.0
-1.8766,2.1294,-1.1532,1.5135,1.2
-1.8766,2.1294,-0.9535,1.5025,1.4
-1.8766,2.1294,-0.7628,1.5629,1.6
-1.8766,2.1294,-0.5691,1.5131,1.8
-1.8766,2.1294,-0.414,1.3869,2.0
-1.8766,2.1294,-0.256,1.2642,2.2
-1.8766,2.1294,-0.0946,1.1461,2.4
-1.8766,2.1294,0.1053,1.1409,2.6
-1.8766,2.1294,0.1978,0.9636,2.8
-1.8766,2.1294,0.2948,0.7887,3.0
-1.8766,2.1294,0.4909,0.7494,3.2
-1.8766,2.1294,0.6008,0.5823,3.4
-1.8766,2.1294,0.7372,0.436,3.6
-1.8766,2.1294,0.8352,0.2617,3.8
-1.8766,2.1294,0.9559,0.1022,4.0
-1.8766,2.1294,1.1557,0.0948,4.2
-1.8766,2.1294,1.3137,-0.0279,4.4
-1.8766,2.1294,1.4856,-0.1302,4.6
-1.8766,2.1294,1.5394,-0.2033,4.6909
-1.8766,2.1294,1.5394,-0.2033,4.6909
-1.8006,1.9444,-1.6717,1.7915,0.2
-1.8006,1.9444,-1.5292,1.6511,0.4
-1.8006,1.9444,-1.547,1.4519,0.6
-1.8006,1.9444,-1.3475,1.466,0.8
-1.8006,1.9444,-1.1532,1.5135,1.0
-1.8006,1.9444,-0.9535,1.5025,1.2
-1.8006,1.9444,-0.7628,1.5629,1.4
-1.8006,1.9444,-0.5691,1.5131,1.6
-1.8006,1.9444,-0.414,1.3869,1.8
-1.8006,1.9444,-0.256,1.2642,2.0
-1.8006,1.9444,-0.0946,1.1461,2.2
-1.8006,1.9444,0.1053,1.1409,2.4
-1.8006,1.9444,0.1978,0.9636,2.6
-1.8006,1.9444,0.2948,0.7887,2.8
-1.8006,1.9444,0.4909,0.7494,3.0
-1.8006,1.9444,0.6008,0.5823,3.2
-1.8006,1.9444,0.7372,0.436,3.4
-1.8006,1.9444,0.8352,0.2617,3.6
-1.8006,1.9444,0.9559,0.1022,3.8
-1.8006,1.9444,1.1557,0.0948,4.0
-1.8006,1.9444,1.3137,-0.0279,4.2
-1.8006,1.9444,1.4856,-0.1302,4.4
-1.8006,1.9444,1.5394,-0.2033,4.4909
-1.8006,1.9444,1.5394,-0.2033,4.4909
-1.6717,1.7915,-1.5292,1.6511,0.2
-1.6717,1.7915,-1.547,1.4519,0.4
-1.6717,1.7915,-1.3475,1.466,0.6
-1.6717,1.7915,-1.1532,1.5135,0.8
-1.6717,1.7915,-0.9535,1.5025,1.0
-1.6717,1.7915,-0.7628,1.5629,1.2
-1.6717,1.7915,-0.5691,1.5131,1.4
-1.6717,1.7915,-0.414,1.3869,1.6
-1.6717,1.7915,-0.256,1.2642,1.8
-1.6717,1.7915,-0.0946,1.1461,2.0
-1.6717,1.7915,0.1053,1.1409,2.2
-1.6717,1.7915,0.1978,0.9636,2.4
-1.6717,1.7915,0.2948,0.7887,2.6
-1.6717,1.7915,0.4909,0.7494,2.8
-1.6717,1.7915,0.6008,0.5823,3.0
-1.6717,1.7915,0.7372,0.436,3.2
-1.6717,1.7915,0.8352,0.2617,3.4
-1.6717,1.7915,0.9559,0.1022,3.6
-1.6717,1.7915,1.1557,0.0948,3.8
-1.6717,1.7915,1.3137,-0.0279,4.0
-1.6717,1.7915,1.4856,-0.1302,4.2
-1.6717,1.7915,1.5394,-0.2033,4.2909
-1.6717,1.7915,1.5394,-0.2033,4.2909
-1.5292,1.6511,-1.547,1.4519,0.2
-1.5292,1.6511,-1.3475,1.466,0.4
-1.5292,1.6511,-1.1532,1.5135,0.6
-1.5292,1.6511,-0.9535,1.5025,0.8
-1.5292,1.6511,-0.7628,1.5629,1.0
-1.5292,1.6511,-0.5691,1.5131,1.2
-1.5292,1.6511,-0.414,1.3869,1.4
-1.5292,1.6511,-0.256,1.2642,1.6
-1.5292,1.6511,-0.0946,1.1461,1.8
-1.5292,1.6511,0.1053,1.1409,2.0
-1.5292,1.6511,0.1978,0.9636,2.2
-1.5292,1.6511,0.2948,0.7887,2.4
-1.5292,1.6511,0.4909,0.7494,2.6
-1.5292,1.6511,0.6008,0.5823,2.8
-1.5292,1.6511,0.7372,0.436,3.0
-1.5292,1.6511,0.8352,0.2617,3.2
-1.5292,1.6511,0.9559,0.1022,3.4
-1.5292,1.6511,1.1557,0.0948,3.6
-1.5292,1.6511,1.3137,-0.0279,3.8
-1.5292,1.6511,1.4856,-0.1302,4.0
-1.5292,1.6511,1.5394,-0.2033,4.0909
-1.5292,1.6511,1.5394,-0.2033,4.0909
-1.547,1.4519,-1.3475,1.466,0.2
-1.547,1.4519,-1.1532,1.5135,0.4
-1.547,1.4519,-0.9535,1.5025,0.6
-1.547,1.4519,-0.7628,1.5629,0.8
-1.547,1.4519,-0.5691,1.5131,1.0
-1.547,1.4519,-0.414,1.3869,1.2
-1.547,1.4519,-0.256,1.2642,1.4
-1.547,1.4519,-0.0946,1.1461,1.6
-1.547,1.4519,0.1053,1.1409,1.8
-1.547,1.4519,0.1978,0.9636,2.0
-1.547,1.4519,0.2948,0.7887,2.2
-1.547,1.4519,0.4909,0.7494,2.4
-1.547,1.4519,0.6008,0.5823,2.6
-1.547,1.4519,0.7372,0.436,2.8
-1.547,1.4519,0.8352,0.2617,3.0
-1.547,1.4519,0.9559,0.1022,3.2
-1.547,1.4519,1.1557,0.0948,3.4
-1.547,1.4519,1.3137,-0.0279,3.6
-1.547,1.4519,1.4856,-0.1302,3.8
-1.547,1.4519,1.5394,-0.2033,3.8909
-1.547,1.4519,1.5394,-0.2033,3.8909
-1.3475,1.466,-1.1532,1.5135,0.2
-1.3475,1.466,-0.9535,1.5025,0.4
-1.3475,1.466,-0.7628,1.5629,0.6
-1.3475,1.466,-0.5691,1.5131,0.8
-1.3475,1.466,-0.414,1.3869,1.0
-1.3475,1.466,-0.256,1.2642,1.2
-1.3475,1.466,-0.0946,1.1461,1.4
-1.3475,1.466,0.1053,1.1409,1.6
-1.3475,1.466,0.1978,0.9636,1.8
-1.3475,1.466,0.2948,0.7887,2.0
-1.3475,1.466,0.4909,0.7494,2.2
-1.3475,1.466,0.6008,0.5823,2.4
-1.3475,1.466,0.7372,0.436,2.6
-1.3475,1.466,0.8352,0.2617,2.8
-1.3475,1.466,0.9559,0.1022,3.0
-1.3475,1.466,1.1557,0.0948,3.2
-1.3475,1.466,1.3137,-0.0279,3.4
-1.3475,1.466,1.4856,-0.1302,3.6
-1.3475,1.466,1.5394,-0.2033,3.6909
-1.3475,1.466,1.5394,-0.2033,3.6909
-1.1532,1.5135,-0.9535,1.5025,0.2
-1.1532,1.5135,-0.7628,1.5629,0.4
-1.1532,1.5135,-0.5691,1.5131,0.6
-1.1532,1.5135,-0.414,1.3869,0.8
-1.1532,1.5135,-0.256,1.2642,1.0
-1.1532,1.5135,-0.0946,1.1461,1.2
-1.1532,1.5135,0.1053,1.1409,1.4
-1.1532,1.5135,0.1978,0.9636,1.6
-1.1532,1.5135,0.2948,0.7887,1.8
-1.1532,1.5135,0.4909,0.7494,2.0
-1.1532,1.5135,0.6008,0.5823,2.2
-1.1532,1.5135,0.7372,0.436,2.4
-1.1532,1.5135,0.8352,0.2617,2.6
-1.1532,1.5135,0.9559,0.1022,2.8
-1.1532,1.5135,1.1557,0.0948,3.0
-1.1532,1.5135,1.3137,-0.0279,3.2
-1.1532,1.5135,1.4856,-0.1302,3.4
-1.1532,1.5135,1.5394,-0.2033,3.4909
-1.1532,1.5135,1.5394,-0.2033,3.4909
-0.9535,1.5025,-0.7628,1.5629,0.2
-0.9535,1.5025,-0.5691,1.5131,0.4
-0.9535,1.5025,-0.414,1.3869,0.6
-0.9535,1.5025,-0.256,1.2642,0.8
-0.9535,1.5025,-0.0946,1.1461,1.0
-0.9535,1.5025,0.1053,1.1409,1.2
-0.9535,1.5025,0.1978,0.9636,1.4
-0.9535,1.5025,0.2948,0.7887,1.6
-0.9535,1.5025,0.4909,0.7494,1.8
-0.9535,1.5025,0.6008,0.5823,2.0
-0.9535,1.5025,0.7372,0.436,2.2
-0.9535,1.5025,0.8352,0.2617,2.4
-0.9535,1.5025,0.9559,0.1022,2.6
-0.9535,1.5025,1.1557,0.0948,2.8
-0.9535,1.5025,1.3137,-0.0279,3.0
-0.9535,1.5025,1.4856,-0.1302,3.2
-0.9535,1.5025,1.5394,-0.2033,3.2909
-0.9535,1.5025,1.5394,-0.2033,3.2909
-0.7628,1.5629,-0.5691,1.5131,0.2
-0.7628,1.5629,-0.414,1.3869,0.4
-0.7628,1.5629,-0.256,1.2642,0.6
-0.7628,1.5629,-0.0946,1.1461,0.8
-0.7628,1.5629,0.1053,1.1409,1.0
-0.7628,1.5629,0.1978,0.9636,1.2
-0.7628,1.5629,0.2948,0.7887,1.4
-0.7628,1.5629,0.4909,0.7494,1.6
-0.7628,1.5629,0.6008,0.5823,1.8
-0.7628,1.5629,0.7372,0.436,2.0
-0.7628,1.5629,0.8352,0.2617,2.2
-0.7628,1.5629,0.9559,0.1022,2.4
-0.7628,1.5629,1.1557,0.0948,2.6
-0.7628,1.5629,1.3137,-0.0279,2.8
-0.7628,1.5629,1.4856,-0.1302,3.0
-0.7628,1.5629,1.5394,-0.2033,3.0909
-0.7628,1.5629,1.5394,-0.2033,3.0909
-0.5691,1.5131,-0.414,1.3869,0.2
-0.5691,1.5131,-0.256,1.2642,0.4
-0.5691,1.5131,-0.0946,1.1461,0.6
-0.5691,1.5131,0.1053,1.1409,0.8
-0.5691,1.5131,0.1978,0.9636,1.0
-0.5691,1.5131,0.2948,0.7887,1.2
-0.5691,1.5131,0.4909,0.7494,1.4
-0.5691,1.5131,0.6008,0.5823,1.6
-0.5691,1.5131,0.7372,0.436,1.8
-0.5691,1.5131,0.8352,0.2617,2.0
-0.5691,1.5131,0.9559,0.1022,2.2
-0.5691,1.5131,1.1557,0.0948,2.4
-0.5691,1.5131,1.3137,-0.0279,2.6
-0.5691,1.5131,1.4856,-0.1302,2.8
-0.5691,1.5131,1.5394,-0.2033,2.8909
-0.5691,1.5131,1.5394,-0.2033,2.8909
-0.414,1.3869,-0.256,1.2642,0.2
-0.414,1.3869,-0.0946,1.1461,0.4
-0.414,1.3869,0.1053,1.1409,0.6
-0.414,1.3869,0.1978,0.9636,0.8
-0.414,1.3869,0.2948,0.7887,1.0
-0.414,1.3869,0.4909,0.7494,1.2
-0.414,1.3869,0.6008,0.5823,1.4
-0.414,1.3869,0.7372,0.436,1.6
-0.414,1.3869,0.8352,0.2617,1.8
-0.414,1.3869,0.9559,0.1022,2.0
-0.414,1.3869,1.1557,0.0948,2.2
-0.414,1.3869,1.3137,-0.0279,2.4
-0.414,1.3869,1.4856,-0.1302,2.6
-0.414,1.3869,1.5394,-0.2033,2.6909
-0.414,1.3869,1.5394,-0.2033,2.6909
-0.256,1.2642,-0.0946,1.1461,0.2
-0.256,1.2642,0.1053,1.1409,0.4
-0.256,1.2642,0.1978,0.9636,0.6
-0.256,1.2642,0.2948,0.7887,0.8
-0.256,1.2642,0.4909,0.7494,1.0
-0.256,1.2642,0.6008,0.5823,1.2
-0.256,1.2642,0.7372,0.436,1.4
-0.256,1.2642,0.8352,0.2617,1.6
-0.256,1.2642,0.9559,0.1022,1.8
-0.256,1.2642,1.1557,0.0948,2.0
-0.256,1.2642,1.3137,-0.0279,2.2
-0.256,1.2642,1.4856,-0.1302,2.4
-0.256,1.2642,1.5394,-0.2033,2.4909
-0.256,1.2642,1.5394,-0.2033,2.4909
-0.0946,1.1461,0.1053,1.1409,0.2
-0.0946,1.1461,0.1978,0.9636,0.4
-0.0946,1.1461,0.2948,0.7887,0.6
-0.0946,1.1461,0.4909,0.7494,0.8
-0.0946,1.1461,0.6008,0.5823,1.0
-0.0946,1.1461,0.7372,0.436,1.2
-0.0946,1.1461,0.8352,0.2617,1.4
-0.0946,1.1461,0.9559,0.1022,1.6
-0.0946,1.1461,1.1557,0.0948,1.8
-0.0946,1.1461,1.3137,-0.0279,2.0
-0.0946,1.1461,1.4856,-0.1302,2.2
-0.0946,1.1461,1.5394,-0.2033,2.2909
-0.0946,1.1461,1.5394,-0.2033,2.2909
0.1053,1.1409,0.1978,0.9636,0.2
0.1053,1.1409,0.2948,0.7887,0.4
0.1053,1.1409,0.4909,0.7494,0.6
0.1053,1.1409,0.6008,0.5823,0.8
0.1053,1.1409,0.7372,0.436,1.0
0.1053,1.1409,0.8352,0.2617,1.2
0.1053,1.1409,0.9559,0.1022,1.4
0.1053,1.1409,1.1557,0.0948,1.6
0.1053,1.1409,1.3137,-0.0279,1.8
0.1053,1.1409,1.4856,-0.1302,2.0
0.1053,1.1409,1.5394,-0.2033,2.0909
0.1053,1.1409,1.5394,-0.2033,2.0909
0.1978,0.9636,0.2948,0.7887,0.2
0.1978,0.9636,0.4909,0.7494,0.4
0.1978,0.9636,0.6008,0.5823,0.6
0.1978,0.9636,0.7372,0.436,0.8
0.1978,0.9636,0.8352,0.2617,1.0
0.1978,0.9636,0.9559,0.1022,1.2
0.1978,0.9636,1.1557,0.0948,1.4
0.1978,0.9636,1.3137,-0.0279,1.6
0.1978,0.9636,1.4856,-0.1302,1.8
0.1978,0.9636,1.5394,-0.2033,1.8909
0.1978,0.9636,1.5394,-0.2033,1.8909
0.2948,0.7887,0.4909,0.7494,0.2
0.2948,0.7887,0.6008,0.5823,0.4
0.2948,0.7887,0.7372,0.436,0.6
0.2948,0.7887,0.8352,0.2617,0.8
0.2948,0.7887,0.9559,0.1022,1.0
0.2948,0.7887,1.1557,0.0948,1.2
0.2948,0.7887,1.3137,-0.0279,1.4
0.2948,0.7887,1.4856,-0.1302,1.6
0.2948,0.7887,1.5394,-0.2033,1.6909
0.2948,0.7887,1.5394,-0.2033,1.6909
0.4909,0.7494,0.6008,0.5823,0.2
0.4909,0.7494,0.7372,0.436,0.4
0.4909,0.7494,0.8352,0.2617,0.6
0.4909,0.7494,0.9559,0.1022,0.8
0.4909,0.7494,1.1557,0.0948,1.0
0.4909,0.7494,1.3137,-0.0279,1.2
0.4909,0.7494,1.4856,-0.1302,1.4
0.4909,0.7494,1.5394,-0.2033,1.4909
0.4909,0.7494,1.5394,-0.2033,1.4909
0.6008,0.5823,0.7372,0.436,0.2
0.6008,0.5823,0.8352,0.2617,0.4
0.6008,0.5823,0.9559,0.1022,0.6
0.6008,0.5823,1.1557,0.0948,0.8
0.6008,0.5823,1.3137,-0.0279,1.0
0.6008,0.5823,1.4856,-0.1302,1.2
0.6008,0.5823,1.5394,-0.2033,1.2909
0.6008,0.5823,1.5394,-0.2033,1.2909
0.7372,0.436,0.8352,0.2617,0.2
0.7372,0.436,0.9559,0.1022,0.4
0.7372,0.436,1.1557,0.0948,0.6
0.7372,0.436,1.3137,-0.0279,0.8
0.7372,0.436,1.4856,-0.1302,1.0
0.7372,0.436,1.5394,-0.2033,1.0909
0.7372,0.436,1.5394,-0.2033,1.0909
0.8352,0.2617,0.9559,0.1022,0.2
0.8352,0.2617,1.1557,0.0948,0.4
0.8352,0.2617,1.3137,-0.0279,0.6
0.8352,0.2617,1.4856,-0.1302,0.8
0.8352,0.2617,1.5394,-0.2033,0.8909
0.8352,0.2617,1.5394,-0.2033,0.8909
0.9559,0.1022,1.1557,0.0948,0.2
0.9559,0.1022,1.3137,-0.0279,0.4
0.9559,0.1022,1.4856,-0.1302,0.6
0.9559,0.1022,1.5394,-0.2033,0.6909
0.9559,0.1022,1.5394,-0.2033,0.6909
1.1557,0.0948,1.3137,-0.0279,0.2
1.1557,0.0948,1.4856,-0.1302,0.4
1.1557,0.0948,1.5394,-0.2033,0.4909
1.1557,0.0948,1.5394,-0.2033,0.4909
1.3137,-0.0279,1.4856,-0.1302,0.2
1.3137,-0.0279,1.5394,-0.2033,0.2909
1.3137,-0.0279,1.5394,-0.2033,0.2909
1.4856,-0.1302,1.5394,-0.2033,0.0909
1.4856,-0.1302,1.5394,-0.2033,0.0909
1.5394,-0.2033,1.5394,-0.2033,0.0
-0.6402,1.5314,-0.4503,1.4688,0.2
-0.6402,1.5314,-0.2659,1.3913,0.4
-0.6402,1.5314,-0.2018,1.2018,0.6
-0.6402,1.5314,-0.0018,1.2002,0.8
-0.6402,1.5314,0.1482,1.0679,1.0
-0.6402,1.5314,0.3198,0.9652,1.2
-0.6402,1.5314,0.4378,0.8037,1.4
-0.6402,1.5314,0.3265,0.6374,1.6
-0.6402,1.5314,0.4044,0.4532,1.8
-0.6402,1.5314,0.4268,0.2545,2.0
-0.6402,1.5314,0.6241,0.2218,2.2
-0.6402,1.5314,0.7402,0.059,2.4
-0.6402,1.5314,0.9385,0.0855,2.6
-0.6402,1.5314,1.1367,0.112,2.8
-0.6402,1.5314,1.2204,0.1231,2.8844
-0.6402,1.5314,1.2204,0.1231,2.8844
-0.4503,1.4688,-0.2659,1.3913,0.2
-0.4503,1.4688,-0.2018,1.2018,0.4
-0.4503,1.4688,-0.0018,1.2002,0.6
-0.4503,1.4688,0.1482,1.0679,0.8
-0.4503,1.4688,0.3198,0.9652,1.0
-0.4503,1.4688,0.4378,0.8037,1.2
-0.4503,1.4688,0.3265,0.6374,1.4
-0.4503,1.4688,0.4044,0.4532,1.6
-0.4503,1.4688,0.4268,0.2545,1.8
-0.4503,1.4688,0.6241,0.2218,2.0
-0.4503,1.4688,0.7402,0.059,2.2
-0.4503,1.4688,0.9385,0.0855,2.4
-0.4503,1.4688,1.1367,0.112,2.6
-0.4503,1.4688,1.2204,0.1231,2.6844
-0.4503,1.4688,1.2204,0.1231,2.6844
-0.2659,1.3913,-0.2018,1.2018,0.2
-0.2659,1.3913,-0.0018,1.2002,0.4
-0.2659,1.3913,0.1482,1.0679,0.6
-0.2659,1.3913,0.3198,0.9652,0.8
-0.2659,1.3913,0.4378,0.8037,1.0
-0.2659,1.3913,0.3265,0.6374,1.2
-0.2659,1.3913,0.4044,0.4532,1.4
-0.2659,1.3913,0.4268,0.2545,1.6
-0.2659,1.3913,0.6241,0.2218,1.8
-0.2659,1.3913,0.7402,0.059,2.0
-0.2659,1.3913,0.9385,0.0855,2.2
-0.2659,1.3913,1.1367,0.112,2.4
-0.2659,1.3913,1.2204,0.1231,2.4844
-0.2659,1.3913,1.2204,0.1231,2.4844
-0.2018,1.2018,-0.0018,1.2002,0.2
-0.2018,1.2018,0.1482,1.0679,0.4
-0.2018,1.2018,0.3198,0.9652,0.6
-0.2018,1.2018,0.4378,0.8037,0.8
-0.2018,1.2018,0.3265,0.6374,1.0
-0.2018,1.2018,0.4044,0.4532,1.2
-0.2018,1.2018,0.4268,0.2545,1.4
-0.2018,1.2018,0.6241,0.2218,1.6
-0.2018,1.2018,0.7402,0.059,1.8
-0.2018,1.2018,0.9385,0.0855,2.0
-0.2018,1.2018,1.1367,0.112,2.2
-0.2018,1.2018,1.2204,0.1231,2.2844
-0.2018,1.2018,1.2204,0.1231,2.2844
-0.0018,1.2002,0.1482,1.0679,0.2
-0.0018,1.2002,0.3198,0.9652,0.4
-0.0018,1.2002,0.4378,0.8037,0.6
-0.0018,1.2002,0.3265,0.6374,0.8
-0.0018,1.2002,0.4044,0.4532,1.0
-0.0018,1.2002,0.4268,0.2545,1.2
-0.0018,1.2002,0.6241,0.2218,1.4
-0.0018,1.2002,0.7402,0.059,1.6
-0.0018,1.2002,0.9385,0.0855,1.8
-0.0018,1.2002,1.1367,0.112,2.0
-0.0018,1.2002,1.2204,0.1231,2.0844
-0.0018,1.2002,1.2204,0.1231,2.0844
0.1482,1.0679,0.3198,0.9652,0.2
0.1482,1.0679,0.4378,0.8037,0.4
0.1482,1.0679,0.3265,0.6374,0.6
0.1482,1.0679,0.4044,0.4532,0.8
0.1482,1.0679,0.4268,0.2545,1.0
0.1482,1.0679,0.6241,0.2218,1.2
0.1482,1.0679,0.7402,0.059,1.4
0.1482,1.0679,0.9385,0.0855,1.6
0.1482,1.0679,1.1367,0.112,1.8
0.1482,1.0679,1.2204,0.1231,1.8844
0.1482,1.0679,1.2204,0.1231,1.8844
0.3198,0.9652,0.4378,0.8037,0.2
0.3198,0.9652,0.3265,0.6374,0.4
0.3198,0.9652,0.4044,0.4532,0.6
0.3198,0.9652,0.4268,0.2545,0.8
0.3198,0.9652,0.6241,0.2218,1.0
0.3198,0.9652,0.7402,0.059,1.2
0.3198,0.9652,0.9385,0.0855,1.4
0.3198,0.9652,1.1367,0.112,1.6
0.3198,0.9652,1.2204,0.1231,1.6844
0.3198,0.9652,1.2204,0.1231,1.6844
0.4378,0.8037,0.3265,0.6374,0.2
0.4378,0.8037,0.4044,0.4532,0.4
0.4378,0.8037,0.4268,0.2545,0.6
0.4378,0.8037,0.6241,0.2218,0.8
0.4378,0.8037,0.7402,0.059,1.0
0.4378,0.8037,0.9385,0.0855,1.2
0.4378,0.8037,1.1367,0.112,1.4
0.4378,0.8037,1.2204,0.1231,1.4844
0.4378,0.8037,1.2204,0.1231,1.4844
0.3265,0.6374,0.4044,0.4532,0.2
0.3265,0.6374,0.4268,0.2545,0.4
0.3265,0.6374,0.6241,0.2218,0.6
0.3265,0.6374,0.7402,0.059,0.8
0.3265,0.6374,0.9385,0.0855,1.0
0.3265,0.6374,1.1367,0.112,1.2
0.3265,0.6374,1.2204,0.1231,1.2844
0.3265,0.6374,1.2204,0.1231,1.2844
0.4044,0.4532,0.4268,0.2545,0.2
0.4044,0.4532,0.6241,0.2218,0.4
0.4044,0.4532,0.7402,0.059,0.6
0.4044,0.4532,0.9385,0.0855,0.8
0.4044,0.4532,1.1367,0.112,1.0
0.4044,0.4532,1.2204,0.1231,1.0844
0.4044,0.4532,1.2204,0.1231,1.0844
0.4268,0.2545,0.6241,0.2218,0.2
0.4268,0.2545,0.7402,0.059,0.4
0.4268,0.2545,0.9385,0.0855,0.6
0.4268,0.2545,1.1367,0.112,0.8
0.4268,0.2545,1.2204,0.1231,0.8844
0.4268,0.2545,1.2204,0.1231,0.8844
0.6241,0.2218,0.7402,0.059,0.2
0.6241,0.2218,0.9385,0.0855,0.4
0.6241,0.2218,1.1367,0.112,0.6
0.6241,0.2218,1.2204,0.1231,0.6844
0.6241,0.2218,1.2204,0.1231,0.6844
0.7402,0.059,0.9385,0.0855,0.2
0.7402,0.059,1.1367,0.112,0.4
0.7402,0.059,1.2204,0.1231,0.4844
0.7402,0.059,1.2204,0.1231,0.4844
0.9385,0.0855,1.1367,0.112,0.2
0.9385,0.0855,1.2204,0.1231,0.2844
0.9385,0.0855,1.2204,0.1231,0.2844
1.1367,0.112,1.2204,0.1231,0.0844
1.1367,0.112,1.2204,0.1231,0.0844
1.2204,0.1231,1.2204,0.1231,0.0
-1.8554,1.8269,-1.9783,1.6692,0.2
-1.8554,1.8269,-1.9824,1.4692,0.4
-1.8554,1.8269,-2.1815,1.4882,0.6
-1.8554,1.8269,-2.2148,1.291,0.8
-1.8554,1.8269,-2.2147,1.091,1.0
-1.8554,1.8269,-2.1283,0.9106,1.2
-1.8554,1.8269,-2.0175,0.7441,1.4
-1.8554,1.8269,-1.9544,0.5543,1.6
-1.8554,1.8269,-1.7573,0.5206,1.8
-1.8554,1.8269,-1.5601,0.4869,2.0
-1.8554,1.8269,-1.363,0.4532,2.2
-1.8554,1.8269,-1.3579,0.4524,2.2052
-1.8554,1.8269,-1.3579,0.4524,2.2052
-1.9783,1.6692,-1.9824,1.4692,0.2
-1.9783,1.6692,-2.1815,1.4882,0.4
-1.9783,1.6692,-2.2148,1.291,0.6
-1.9783,1.6692,-2.2147,1.091,0.8
-1.9783,1.6692,-2.1283,0.9106,1.0
-1.9783,1.6692,-2.0175,0.7441,1.2
-1.9783,1.6692,-1.9544,0.5543,1.4
-1.9783,1.6692,-1.7573,0.5206,1.6
-1.9783,1.6692,-1.5601,0.4869,1.8
-1.9783,1.6692,-1.363,0.4532,2.0
-1.9783,1.6692,-1.3579,0.4524,2.0052
-1.9783,1.6692,-1.3579,0.4524,2.0052
-1.9824,1.4692,-2.1815,1.4882,0.2
-1.9824,1.4692,-2.2148,1.291,0.4
-1.9824,1.4692,-2.2147,1.091,0.6
-1.9824,1.4692,-2.1283,0.9106,0.8
-1.9824,1.4692,-2.0175,0.7441,1.0
-1.9824,1.4692,-1.9544,0.5543,1.2
-1.9824,1.4692,-1.7573,0.5206,1.4
-1.9824,1.4692,-1.5601,0.4869,1.6
-1.9824,1.4692,-1.363,0.4532,1.8
-1.9824,1.4692,-1.3579,0.4524,1.8052
-1.9824,1.4692,-1.3579,0.4524,1.8052
-2.1815,1.4882,-2.2148,1.291,0.2
-2.1815,1.4882,-2.2147,1.091,0.4
-2.1815,1.4882,-2.1283,0.9106,0.6
-2.1815,1.4882,-2.0175,0.7441,0.8
-2.1815,1.4882,-1.9544,0.5543,1.0
-2.1815,1.4882,-1.7573,0.5206,1.2
-2.1815,1.4882,-1.5601,0.4869,1.4
-2.1815,1.4882,-1.363,0.4532,1.6
-2.1815,1.4882,-1.3579,0.4524,1.6052
-2.1815,1.4882,-1.3579,0.4524,1.6052
-2.2148,1.291,-2.2147,1.091,0.2
-2.2148,1.291,-2.1283,0.9106,0.4
-2.2148,1.291,-2.0175,0.7441,0.6
-2.2148,1.291,-1.9544,0.5543,0.8
-2.2148,1.291,-1.7573,0.5206,1.0
-2.2148,1.291,-1.5601,0.4869,1.2
-2.2148,1.291,-1.363,0.4532,1.4
-2.2148,1.291,-1.3579,0.4524,1.4052
-2.2148,1.291,-1.3579,0.4524,1.4052
-2.2147,1.091,-2.1283,0.9106,0.2
-2.2147,1.091,-2.0175,0.7441,0.4
-2.2147,1.091,-1.9544,0.5543,0.6
-2.2147,1.091,-1.7573,0.5206,0.8
-2.2147,1.091,-1.5601,0.4869,1.0
-2.2147,1.091,-1.363,0.4532,1.2
-2.2147,1.091,-1.3579,0.4524,1.2052
-2.2147,1.091,-1.3579,0.4524,1.2052
-2.1283,0.9106,-2.0175,0.7441,0.2
-2.1283,0.9106,-1.9544,0.5543,0.4
-2.1283,0.9106,-1.7573,0.5206,0.6
-2.1283,0.9106,-1.5601,0.4869,0.8
-2.1283,0.9106,-1.363,0.4532,1.0
-2.1283,0.9106,-1.3579,0.4524,1.0052
-2.1283,0.9106,-1.3579,0.4524,1.0052
-2.0175,0.7441,-1.9544,0.5543,0.2
-2.0175,0.7441,-1.7573,0.5206,0.4
-2.0175,0.7441,-1.5601,0.4869,0.6
-2.0175,0.7441,-1.363,0.4532,0.8
-2.0175,0.7441,-1.3579,0.4524,0.8052
-2.0175,0.7441,-1.3579,0.4524,0.8052
-1.9544,0.5543,-1.7573,0.5206,0.2
-1.9544,0.5543,-1.5601,0.4869,0.4
-1.9544,0.5543,-1.363,0.4532,0.6
-1.9544,0.5543,-1.3579,0.4524,0.6052
-1.9544,0.5543,-1.3579,0.4524,0.6052
-1.7573,0.5206,-1.5601,0.4869,0.2
-1.7573,0.5206,-1.363,0.4532,0.4
-1.7573,0.5206,-1.3579,0.4524,0.4052
-1.7573,0.5206,-1.3579,0.4524,0.4052
-1.5601,0.4869,-1.363,0.4532,0.2
-1.5601,0.4869,-1.3579,0.4524,0.2052
-1.5601,0.4869,-1.3579,0.4524,0.2052
-1.363,0.4532,-1.3579,0.4524,0.0052
-1.363,0.4532,-1.3579,0.4524,0.0052
-1.3579,0.4524,-1.3579,0.4524,0.0
2.8646,-1.2174,2.7256,-1.0736,0.2
2.8646,-1.2174,2.5445,-1.1586,0.4
2.8646,-1.2174,2.3908,-1.0307,0.6
2.8646,-1.2174,2.3875,-0.8307,0.8
2.8646,-1.2174,2.214,-0.7312,1.0
2.8646,-1.2174,2.0427,-0.8344,1.2
2.8646,-1.2174,1.8633,-0.746,1.4
2.8646,-1.2174,1.665,-0.7714,1.6
2.8646,-1.2174,1.5046,-0.6519,1.8
2.8646,-1.2174,1.306,-0.6755,2.0
2.8646,-1.2174,1.148,-0.5528,2.2
2.8646,-1.2174,0.9958,-0.6825,2.4
2.8646,-1.2174,0.8021,-0.7323,2.6
2.8646,-1.2174,0.6262,-0.8275,2.8
2.8646,-1.2174,0.4747,-0.697,3.0
2.8646,-1.2174,0.3076,-0.8069,3.2
2.8646,-1.2174,0.1254,-0.8894,3.4
2.8646,-1.2174,-0.0141,-0.7461,3.6
2.8646,-1.2174,-0.2112,-0.7799,3.8
2.8646,-1.2174,-0.366,-0.6532,4.0
2.8646,-1.2174,-0.501,-0.5057,4.2
2.8646,-1.2174,-0.5046,-0.3057,4.4
2.8646,-1.2174,-0.6423,-0.1607,4.6
2.8646,-1.2174,-0.8185,-0.2553,4.8
2.8646,-1.2174,-0.9698,-0.3861,5.0
2.8646,-1.2174,-1.1305,-0.5053,5.2
2.8646,-1.2174,-1.3058,-0.4091,5.4
2.8646,-1.2174,-1.4336,-0.2553,5.6
2.8646,-1.2174,-1.4733,-0.0593,5.8
2.8646,-1.2174,-1.579,0.1106,6.0
2.8646,-1.2174,-1.7172,0.2551,6.2
2.8646,-1.2174,-1.5767,0.3974,6.4
2.8646,-1.2174,-1.6786,0.5695,6.6
2.8646,-1.2174,-1.7973,0.7305,6.8
2.8646,-1.2174,-1.9895,0.7858,7.0
2.8646,-1.2174,-2.096,0.9551,7.2
2.8646,-1.2174,-2.2025,1.1244,7.4
2.8646,-1.2174,-2.153,1.3181,7.6
2.8646,-1.2174,-2.2804,1.4723,7.8
2.8646,-1.2174,-2.1728,1.6409,8.0
2.8646,-1.2174,-2.3303,1.7641,8.2
2.8646,-1.2174,-2.5177,1.834,8.4
2.8646,-1.2174,-2.6592,1.9753,8.6
2.8646,-1.2174,-2.8007,2.1167,8.8
2.8646,-1.2174,-2.8707,2.1866,8.8989
2.8646,-1.2174,-2.8707,2.1866,8.8989
2.7256,-1.0736,2.5445,-1.1586,0.2
2.7256,-1.0736,2.3908,-1.0307,0.4
2.7256,-1.0736,2.3875,-0.8307,0.6
2.7256,-1.0736,2.214,-0.7312,0.8
2.7256,-1.0736,2.0427,-0.8344,1.0
2.7256,-1.0736,1.8633,-0.746,1.2
2.7256,-1.0736,1.665,-0.7714,1.4
2.7256,-1.0736,1.5046,-0.6519,1.6
2.7256,-1.0736,1.306,-0.6755,1.8
2.7256,-1.0736,1.148,-0.5528,2.0
2.7256,-1.0736,0.9958,-0.6825,2.2
2.7256,-1.0736,0.8021,-0.7323,2.4
2.7256,-1.0736,0.6262,-0.8275,2.6
2.7256,-1.0736,0.4747,-0.697,2.8
2.7256,-1.0736,0.3076,-0.8069,3.0
2.7256,-1.0736,0.1254,-0.8894,3.2
2.7256,-1.0736,-0.0141,-0.7461,3.4
2.7256,-1.0736,-0.2112,-0.7799,3.6
2.7256,-1.0736,-0.366,-0.6532,3.8
2.7256,-1.0736,-0.501,-0.5057,4.0
2.7256,-1.0736,-0.5046,-0.3057,4.2
2.7256,-1.0736,-0.6423,-0.1607,4.4
2.7256,-1.0736,-0.8185,-0.2553,4.6
2.7256,-1.0736,-0.9698,-0.3861,4.8
2.7256,-1.0736,-1.1305,-0.5053,5.0
2.7256,-1.0736,-1.3058,-0.4091,5.2
2.7256,-1.0736,-1.4336,-0.2553,5.4
2.7256,-1.0736,-1.4733,-0.0593,5.6
2.7256,-1.0736,-1.579,0.1106,5.8
2.7256,-1.0736,-1.7172,0.2551,6.0
2.7256,-1.0736,-1.5767,0.3974,6.2
2.7256,-1.0736,-1.6786,0.5695,6.4
2.7256,-1.0736,-1.7973,0.7305,6.6
2.7256,-1.0736,-1.9895,0.7858,6.8
2.7256,-1.0736,-2.096,0.9551,7.0
2.7256,-1.0736,-2.2025,1.1244,7.2
2.7256,-1.0736,-2.153,1.3181,7.4
2.7256,-1.0736,-2.2804,1.4723,7.6
2.7256,-1.0736,-2.1728,1.6409,7.8
2.7256,-1.0736,-2.3303,1.7641,8.0
2.7256,-1.0736,-2.5177,1.834,8.2
2.7256,-1.0736,-2.6592,1.9753,8.4
2.7256,-1.0736,-2.8007,2.1167,8.6
2.7256,-1.0736,-2.8707,2.1866,8.6989
2.7256,-1.0736,-2.8707,2.1866,8.6989
2.5445,-1.1586,2.3908,-1.0307,0.2
2.5445,-1.1586,2.3875,-0.8307,0.4
2.5445,-1.1586,2.214,-0.7312,0.6
2.5445,-1.1586,2.0427,-0.8344,0.8
2.5445,-1.1586,1.8633,-0.746,1.0
2.5445,-1.1586,1.665,-0.7714,1.2
2.5445,-1.1586,1.5046,-0.6519,1.4
2.5445,-1.1586,1.306,-0.6755,1.6
2.5445,-1.1586,1.148,-0.5528,1.8
2.5445,-1.1586,0.9958,-0.6825,2.0
2.5445,-1.1586,0.8021,-0.7323,2.2
2.5445,-1.1586,0.6262,-0.8275,2.4
2.5445,-1.1586,0.4747,-0.697,2.6
2.5445,-1.1586,0.3076,-0.8069,2.8
2.5445,-1.1586,0.1254,-0.8894,3.0
2.5445,-1.1586,-0.0141,-0.7461,3.2
2.5445,-1.1586,-0.2112,-0.7799,3.4
2.5445,-1.1586,-0.366,-0.6532,3.6
2.5445,-1.1586,-0.501,-0.5057,3.8
2.5445,-1.1586,-0.5046,-0.3057,4.0
2.5445,-1.1586,-0.6423,-0.1607,4.2
2.5445,-1.1586,-0.8185,-0.2553,4.4
2.5445,-1.1586,-0.9698,-0.3861,4.6
2.5445,-1.1586,-1.1305,-0.5053,4.8
2.5445,-1.1586,-1.3058,-0.4091,5.0
2.5445,-1.1586,-1.4336,-0.2553,5.2
2.5445,-1.1586,-1.4733,-0.0593,5.4
2.5445,-1.1586,-1.579,0.1106,5.6
2.5445,-1.1586,-1.7172,0.2551,5.8
2.5445,-1.1586,-1.5767,0.3974,6.0
2.5445,-1.1586,-1.6786,0.5695,6.2
2.5445,-1.1586,-1.7973,0.7305,6.4
2.5445,-1.1586,-1.9895,0.7858,6.6
2.5445,-1.1586,-2.096,0.9551,6.8
2.5445,-1.1586,-2.2025,1.1244,7.0
2.5445,-1.1586,-2.153,1.3181,7.2
2.5445,-1.1586,-2.2804,1.4723,7.4
2.5445,-1.1586,-2.1728,1.6409,7.6
2.5445,-1.1586,-2.3303,1.7641,7.8
2.5445,-1.1586,-2.5177,1.834,8.0
2.5445,-1.1586,-2.6592,1.9753,8.2
2.5445,-1.1586,-2.8007,2.1167,8.4
2.5445,-1.1586,-2.8707,2.1866,8.4989
2.5445,-1.1586,-2.8707,2.1866,8.4989
2.3908,-1.0307,2.3875,-0.8307,0.2
2.3908,-1.0307,2.214,-0.7312,0.4
2.3908,-1.0307,2.0427,-0.8344,0.6
2.3908,-1.0307,1.8633,-0.746,0.8
2.3908,-1.0307,1.665,-0.7714,1.0
2.3908,-1.0307,1.5046,-0.6519,1.2
2.3908,-1.0307,1.306,-0.6755,1.4
2.3908,-1.0307,1.148,-0.5528,1.6
2.3908,-1.0307,0.9958,-0.6825,1.8
2.3908,-1.0307,0.8021,-0.7323,2.0
2.3908,-1.0307,0.6262,-0.8275,2.2
2.3908,-1.0307,0.4747,-0.697,2.4
2.3908,-1.0307,0.3076,-0.8069,2.6
2.3908,-1.0307,0.1254,-0.8894,2.8
2.3908,-1.0307,-0.0141,-0.7461,3.0
2.3908,-1.0307,-0.2112,-0.7799,3.2
2.3908,-1.0307,-0.366,-0.6532,3.4
2.3908,-1.0307,-0.501,-0.5057,3.6
2.3908,-1.0307,-0.5046,-0.3057,3.8
2.3908,-1.0307,-0.6423,-0.1607,4.0
2.3908,-1.0307,-0.8185,-0.2553,4.2
2.3908,-1.0307,-0.9698,-0.3861,4.4
2.3908,-1.0307,-1.1305,-0.5053,4.6
2.3908,-1.0307,-1.3058,-0.4091,4.8
2.3908,-1.0307,-1.4336,-0.2553,5.0
2.3908,-1.0307,-1.4733,-0.0593,5.2
2.3908,-1.0307,-1.579,0.1106,5.4
2.3908,-1.0307,-1.7172,0.2551,5.6
2.3908,-1.0307,-1.5767,0.3974,5.8
2.3908,-1.0307,-1.6786,0.5695,6.0
2.3908,-1.0307,-1.7973,0.7305,6.2
2.3908,-1.0307,-1.9895,0.7858,6.4
2.3908,-1.0307,-2.096,0.9551,6.6
2.3908,-1.0307,-2.2025,1.1244,6.8
2.3908,-1.0307,-2.153,1.3181,7.0
2.3908,-1.0307,-2.2804,1.4723,7.2
2.3908,-1.0307,-2.1728,1.6409,7.4
2.3908,-1.0307,-2.3303,1.7641,7.6
2.3908,-1.0307,-2.5177,1.834,7.8
2.3908,-1.0307,-2.6592,1.9753,8.0
2.3908,-1.0307,-2.8007,2.1167,8.2
2.3908,-1.0307,-2.8707,2.1866,8.2989
2.3908,-1.0307,-2.8707,2.1866,8.2989
2.3875,-0.8307,2.214,-0.7312,0.2
2.3875,-0.8307,2.0427,-0.8344,0.4
2.3875,-0.8307,1.8633,-0.746,0.6
2.3875,-0.8307,1.665,-0.7714,0.8
2.3875,-0.8307,1.5046,-0.6519,1.0
2.3875,-0.8307,1.306,-0.6755,1.2
2.3875,-0.8307,1.148,-0.5528,1.4
2.3875,-0.8307,0.9958,-0.6825,1.6
2.3875,-0.8307,0.8021,-0.7323,1.8
2.3875,-0.8307,0.6262,-0.8275,2.0
2.3875,-0.8307,0.4747,-0.697,2.2
2.3875,-0.8307,0.3076,-0.8069,2.4
2.3875,-0.8307,0.1254,-0.8894,2.6
2.3875,-0.8307,-0.0141,-0.7461,2.8
2.3875,-0.8307,-0.2112,-0.7799,3.0
2.3875,-0.8307,-0.366,-0.6532,3.2
2.3875,-0.8307,-0.501,-0.5057,3.4
2.3875,-0.8307,-0.5046,-0.3057,3.6
2.3875,-0.8307,-0.6423,-0.1607,3.8
2.3875,-0.8307,-0.8185,-0.2553,4.0
2.3875,-0.8307,-0.9698,-0.3861,4.2
2.3875,-0.8307,-1.1305,-0.5053,4.4
2.3875,-0.8307,-1.3058,-0.4091,4.6
2.3875,-0.8307,-1.4336,-0.2553,4.8
2.3875,-0.8307,-1.4733,-0.0593,5.0
2.3875,-0.8307,-1.579,0.1106,5.2
2.3875,-0.8307,-1.7172,0.2551,5.4
2.3875,-0.8307,-1.5767,0.3974,5.6
2.3875,-0.8307,-1.6786,0.5695,5.8
2.3875,-0.8307,-1.7973,0.7305,6.0
2.3875,-0.8307,-1.9895,0.7858,6.2
2.3875,-0.8307,-2.096,0.9551,6.4
2.3875,-0.8307,-2.2025,1.1244,6.6
2.3875,-0.8307,-2.153,1.3181,6.8
2.3875,-0.8307,-2.2804,1.4723,7.0
2.3875,-0.8307,-2.1728,1.6409,7.2
2.3875,-0.8307,-2.3303,1.7641,7.4
2.3875,-0.8307,-2.5177,1.834,7.6
2.3875,-0.8307,-2.6592,1.9753,7.8
2.3875,-0.8307,-2.8007,2.1167,8.0
2.3875,-0.8307,-2.8707,2.1866,8.0989
2.3875,-0.8307,-2.8707,2.1866,8.0989
2.214,-0.7312,2.0427,-0.8344,0.2
2.214,-0.7312,1.8633,-0.746,0.4
2.214,-0.7312,1.665,-0.7714,0.6
2.214,-0.7312,1.5046,-0.6519,0.8
2.214,-0.7312,1.306,-0.6755,1.0
2.214,-0.7312,1.148,-0.5528,1.2
2.214,-0.7312,0.9958,-0.6825,1.4
2.214,-0.7312,0.8021,-0.7323,1.6
2.214,-0.7312,0.6262,-0.8275,1.8
2.214,-0.7312,0.4747,-0.697,2.0
2.214,-0.7312,0.3076,-0.8069,2.2
2.214,-0.7312,0.1254,-0.8894,2.4
2.214,-0.7312,-0.0141,-0.7461,2.6
2.214,-0.7312,-0.2112,-0.7799,2.8
2.214,-0.7312,-0.366,-0.6532,3.0
2.214,-0.7312,-0.501,-0.5057,3.2
2.214,-0.7312,-0.5046,-0.3057,3.4
2.214,-0.7312,-0.6423,-0.1607,3.6
2.214,-0.7312,-0.8185,-0.2553,3.8
2.214,-0.7312,-0.9698,-0.3861,4.0
2.214,-0.7312,-1.1305,-0.5053,4.2
2.214,-0.7312,-1.3058,-0.4091,4.4
2.214,-0.7312,-1.4336,-0.2553,4.6
2.214,-0.7312,-1.4733,-0.0593,4.8
2.214,-0.7312,-1.579,0.1106,5.0
2.214,-0.7312,-1.7172,0.2551,5.2
2.214,-0.7312,-1.5767,0.3974,5.4
2.214,-0.7312,-1.6786,0.5695,5.6
2.214,-0.7312,-1.7973,0.7305,5.8
2.214,-0.7312,-1.9895,0.7858,6.0
2.214,-0.7312,-2.096,0.9551,6.2
2.214,-0.7312,-2.2025,1.1244,6.4
2.214,-0.7312,-2.153,1.3181,6.6
2.214,-0.7312,-2.2804,1.4723,6.8
2.214,-0.7312,-2.1728,1.6409,7.0
2.214,-0.7312,-2.3303,1.7641,7.2
2.214,-0.7312,-2.5177,1.834,7.4
2.214,-0.7312,-2.6592,1.9753,7.6
2.214,-0.7312,-2.8007,2.1167,7.8
2.214,-0.7312,-2.8707,2.1866,7.8989
2.214,-0.7312,-2.8707,2.1866,7.8989
2.0427,-0.8344,1.8633,-0.746,0.2
2.0427,-0.8344,1.665,-0.7714,0.4
2.0427,-0.8344,1.5046,-0.6519,0.6
2.0427,-0.8344,1.306,-0.6755,0.8
2.0427,-0.8344,1.148,-0.5528,1.0
2.0427,-0.8344,0.9958,-0.6825,1.2
2.0427,-0.8344,0.8021,-0.7323,1.4
2.0427,-0.8344,0.6262,-0.8275,1.6
2.0427,-0.8344,0.4747,-0.697,1.8
2.0427,-0.8344,0.3076,-0.8069,2.0
2.0427,-0.8344,0.1254,-0.8894,2.2
2.0427,-0.8344,-0.0141,-0.7461,2.4
2.0427,-0.8344,-0.2112,-0.7799,2.6
2.0427,-0.8344,-0.366,-0.6532,2.8
2.0427,-0.8344,-0.501,-0.5057,3.0
2.0427,-0.8344,-0.5046,-0.3057,3.2
2.0427,-0.8344,-0.6423,-0.1607,3.4
2.0427,-0.8344,-0.8185,-0.2553,3.6
2.0427,-0.8344,-0.9698,-0.3861,3.8
2.0427,-0.8344,-1.1305,-0.5053,4.0
2.0427,-0.8344,-1.3058,-0.4091,4.2
2.0427,-0.8344,-1.4336,-0.2553,4.4
2.0427,-0.8344,-1.4733,-0.0593,4.6
2.0427,-0.8344,-1.579,0.1106,4.8
2.0427,-0.8344,-1.7172,0.2551,5.0
2.0427,-0.8344,-1.5767,0.3974,5.2
2.0427,-0.8344,-1.6786,0.5695,5.4
2.0427,-0.8344,-1.7973,0.7305,5.6
2.0427,-0.8344,-1.9895,0.7858,5.8
2.0427,-0.8344,-2.096,0.9551,6.0
2.0427,-0.8344,-2.2025,1.1244,6.2
2.0427,-0.8344,-2.153,1.3181,6.4
2.0427,-0.8344,-2.2804,1.4723,6.6
2.0427,-0.8344,-2.1728,1.6409,6.8
2.0427,-0.8344,-2.3303,1.7641,7.0
2.0427,-0.8344,-2.5177,1.834,7.2
2.0427,-0.8344,-2.6592,1.9753,7.4
2.0427,-0.8344,-2.8007,2.1167,7.6
2.0427,-0.8344,-2.8707,2.1866,7.6989
2.0427,-0.8344,-2.8707,2.1866,7.6989
1.8633,-0.746,1.665,-0.7714,0.2
1.8633,-0.746,1.5046,-0.6519,0.4
1.8633,-0.746,1.306,-0.6755,0.6
1.8633,-0.746,1.148,-0.5528,0.8
1.8633,-0.746,0.9958,-0.6825,1.0
1.8633,-0.746,0.8021,-0.7323,1.2
1.8633,-0.746,0.6262,-0.8275,1.4
1.8633,-0.746,0.4747,-0.697,1.6
1.8633,-0.746,0.3076,-0.8069,1.8
1.8633,-0.746,0.1254,-0.8894,2.0
1.8633,-0.746,-0.0141,-0.7461,2.2
1.8633,-0.746,-0.2112,-0.7799,2.4
1.8633,-0.746,-0.366,-0.6532,2.6
1.8633,-0.746,-0.501,-0.5057,2.8
1.8633,-0.746,-0.5046,-0.3057,3.0
1.8633,-0.746,-0.6423,-0.1607,3.2
1.8633,-0.746,-0.8185,-0.2553,3.4
1.8633,-0.746,-0.9698,-0.3861,3.6
1.8633,-0.746,-1.1305,-0.5053,3.8
1.8633,-0.746,-1.3058,-0.4091,4.0
1.8633,-0.746,-1.4336,-0.2553,4.2
1.8633,-0.746,-1.4733,-0.0593,4.4
1.8633,-0.746,-1.579,0.1106,4.6
1.8633,-0.746,-1.7172,0.2551,4.8
1.8633,-0.746,-1.5767,0.3974,5.0
1.8633,-0.746,-1.6786,0.5695,5.2
1.8633,-0.746,-1.7973,0.7305,5.4
1.8633,-0.746,-1.9895,0.7858,5.6
1.8633,-0.746,-2.096,0.9551,5.8
1.8633,-0.746,-2.2025,1.1244,6.0
1.8633,-0.746,-2.153,1.3181,6.2
1.8633,-0.746,-2.2804,1.4723,6.4
1.8633,-0.746,-2.1728,1.6409,6.6
1.8633,-0.746,-2.3303,1.7641,6.8
1.8633,-0.746,-2.5177,1.834,7.0
1.8633,-0.746,-2.6592,1.9753,7.2
1.8633,-0.746,-2.8007,2.1167,7.4
1.8633,-0.746,-2.8707,2.1866,7.4989
1.8633,-0.746,-2.8707,2.1866,7.4989
1.665,-0.7714,1.5046,-0.6519,0.2
1.665,-0.7714,1.306,-0.6755,0.4
1.665,-0.7714,1.148,-0.5528,0.6
1.665,-0.7714,0.9958,-0.6825,0.8
1.665,-0.7714,0.8021,-0.7323,1.0
1.665,-0.7714,0.6262,-0.8275,1.2
1.665,-0.7714,0.4747,-0.697,1.4
1.665,-0.7714,0.3076,-0.8069,1.6
1.665,-0.7714,0.1254,-0.8894,1.8
1.665,-0.7714,-0.0141,-0.7461,2.0
1.665,-0.7714,-0.2112,-0.7799,2.2
1.665,-0.7714,-0.366,-0.6532,2.4
1.665,-0.7714,-0.501,-0.5057,2.6
1.665,-0.7714,-0.5046,-0.3057,2.8
1.665,-0.7714,-0.6423,-0.1607,3.0
1.665,-0.7714,-0.8185,-0.2553,3.2
1.665,-0.7714,-0.9698,-0.3861,3.4
1.665,-0.7714,-1.1305,-0.5053,3.6
1.665,-0.7714,-1.3058,-0.4091,3.8
1.665,-0.7714,-1.4336,-0.2553,4.0
1.665,-0.7714,-1.4733,-0.0593,4.2
1.665,-0.7714,-1.579,0.1106,4.4
1.665,-0.7714,-1.7172,0.2551,4.6
1.665,-0.7714,-1.5767,0.3974,4.8
1.665,-0.7714,-1.6786,0.5695,5.0
1.665,-0.7714,-1.7973,0.7305,5.2
1.665,-0.7714,-1.9895,0.7858,5.4
1.665,-0.7714,-2.096,0.9551,5.6
1.665,-0.7714,-2.2025,1.1244,5.8
1.665,-0.7714,-2.153,1.3181,6.0
1.665,-0.7714,-2.2804,1.4723,6.2
1.665,-0.7714,-2.1728,1.6409,6.4
1.665,-0.7714,-2.3303,1.7641,6.6
1.665,-0.7714,-2.5177,1.834,6.8
1.665,-0.7714,-2.6592,1.9753,7.0
1.665,-0.7714,-2.8007,2.1167,7.2
1.665,-0.7714,-2.8707,2.1866,7.2989
1.665,-0.7714,-2.8707,2.1866,7.2989
1.5046,-0.6519,1.306,-0.6755,0.2
1.5046,-0.6519,1.148,-0.5528,0.4
1.5046,-0.6519,0.9958,-0.6825,0.6
1.5046,-0.6519,0.8021,-0.7323,0.8
1.5046,-0.6519,0.6262,-0.8275,1.0
1.5046,-0.6519,0.4747,-0.697,1.2
1.5046,-0.6519,0.3076,-0.8069,1.4
1.5046,-0.6519,0.1254,-0.8894,1.6
1.5046,-0.6519,-0.0141,-0.7461,1.8
1.5046,-0.6519,-0.2112,-0.7799,2.0
1.5046,-0.6519,-0.366,-0.6532,2.2
1.5046,-0.6519,-0.501,-0.5057,2.4
1.5046,-0.6519,-0.5046,-0.3057,2.6
1.5046,-0.6519,-0.6423,-0.1607,2.8
1.5046,-0.6519,-0.8185,-0.2553,3.0
1.5046,-0.6519,-0.9698,-0.3861,3.2
1.5046,-0.6519,-1.1305,-0.5053,3.4
1.5046,-0.6519,-1.3058,-0.4091,3.6
1.5046,-0.6519,-1.4336,-0.2553,3.8
1.5046,-0.6519,-1.4733,-0.0593,4.0
1.5046,-0.6519,-1.579,0.1106,4.2
1.5046,-0.6519,-1.7172,0.2551,4.4
1.5046,-0.6519,-1.5767,0.3974,4.6
1.5046,-0.6519,-1.6786,0.5695,4.8
1.5046,-0.6519,-1.7973,0.7305,5.0
1.5046,-0.6519,-1.9895,0.7858,5.2
1.5046,-0.6519,-2.096,0.9551,5.4
1.5046,-0.6519,-2.2025,1.1244,5.6
1.5046,-0.6519,-2.153,1.3181,5.8
1.5046,-0.6519,-2.2804,1.4723,6.0
1.5046,-0.6519,-2.1728,1.6409,6.2
1.5046,-0.6519,-2.3303,1.7641,6.4
1.5046,-0.6519,-2.5177,1.834,6.6
1.5046,-0.6519,-2.6592,1.9753,6.8
1.5046,-0.6519,-2.8007,2.1167,7.0
1.5046,-0.6519,-2.8707,2.1866,7.0989
1.5046,-0.6519,-2.8707,2.1866,7.0989
1.306,-0.6755,1.148,-0.5528,0.2
1.306,-0.6755,0.9958,-0.6825,0.4
1.306,-0.6755,0.8021,-0.7323,0.6
1.306,-0.6755,0.6262,-0.8275,0.8
1.306,-0.6755,0.4747,-0.697,1.0
1.306,-0.6755,0.3076,-0.8069,1.2
1.306,-0.6755,0.1254,-0.8894,1.4
1.306,-0.6755,-0.0141,-0.7461,1.6
1.306,-0.6755,-0.2112,-0.7799,1.8
1.306,-0.6755,-0.366,-0.6532,2.0
1.306,-0.6755,-0.501,-0.5057,2.2
1.306,-0.6755,-0.5046,-0.3057,2.4
1.306,-0.6755,-0.6423,-0.1607,2.6
1.306,-0.6755,-0.8185,-0.2553,2.8
1.306,-0.6755,-0.9698,-0.3861,3.0
1.306,-0.6755,-1.1305,-0.5053,3.2
1.306,-0.6755,-1.3058,-0.4091,3.4
1.306,-0.6755,-1.4336,-0.2553,3.6
1.306,-0.6755,-1.4733,-0.0593,3.8
1.306,-0.6755,-1.579,0.1106,4.0
1.306,-0.6755,-1.7172,0.2551,4.2
1.306,-0.6755,-1.5767,0.3974,4.4
1.306,-0.6755,-1.6786,0.5695,4.6
1.306,-0.6755,-1.7973,0.7305,4.8
1.306,-0.6755,-1.9895,0.7858,5.0
1.306,-0.6755,-2.096,0.9551,5.2
1.306,-0.6755,-2.2025,1.1244,5.4
1.306,-0.6755,-2.153,1.3181,5.6
1.306,-0.6755,-2.2804,1.4723,5.8
1.306,-0.6755,-2.1728,1.6409,6.0
1.306,-0.6755,-2.3303,1.7641,6.2
1.306,-0.6755,-2.5177,1.834,6.4
1.306,-0.6755,-2.6592,1.9753,6.6
1.306,-0.6755,-2.8007,2.1167,6.8
1.306,-0.6755,-2.8707,2.1866,6.8989
1.306,-0.6755,-2.8707,2.1866,6.8989
1.148,-0.5528,0.9958,-0.6825,0.2
1.148,-0.5528,0.8021,-0.7323,0.4
1.148,-0.5528,0.6262,-0.8275,0.6
1.148,-0.5528,0.4747,-0.697,0.8
1.148,-0.5528,0.3076,-0.8069,1.0
1.148,-0.5528,0.1254,-0.8894,1.2
1.148,-0.5528,-0.0141,-0.7461,1.4
1.148,-0.5528,-0.2112,-0.7799,1.6
1.148,-0.5528,-0.366,-0.6532,1.8
1.148,-0.5528,-0.501,-0.5057,2.0
1.148,-0.5528,-0.5046,-0.3057,2.2
1.148,-0.5528,-0.6423,-0.1607,2.4
1.148,-0.5528,-0.8185,-0.2553,2.6
1.148,-0.5528,-0.9698,-0.3861,2.8
1.148,-0.5528,-1.1305,-0.5053,3.0
1.148,-0.5528,-1.3058,-0.4091,3.2
1.148,-0.5528,-1.4336,-0.2553,3.4
1.148,-0.5528,-1.4733,-0.0593,3.6
1.148,-0.5528,-1.579,0.1106,3.8
1.148,-0.5528,-1.7172,0.2551,4.0
1.148,-0.5528,-1.5767,0.3974,4.2
1.148,-0.5528,-1.6786,0.5695,4.4
1.148,-0.5528,-1.7973,0.7305,4.6
1.148,-0.5528,-1.9895,0.7858,4.8
1.148,-0.5528,-2.096,0.9551,5.0
1.148,-0.5528,-2.2025,1.1244,5.2
1.148,-0.5528,-2.153,1.3181,5.4
1.148,-0.5528,-2.2804,1.4723,5.6
1.148,-0.5528,-2.1728,1.6409,5.8
1.148,-0.5528,-2.3303,1.7641,6.0
1.148,-0.5528,-2.5177,1.834,6.2
1.148,-0.5528,-2.6592,1.9753,6.4
1.148,-0.5528,-2.8007,2.1167,6.6
1.148,-0.5528,-2.8707,2.1866,6.6989
1.148,-0.5528,-2.8707,2.1866,6.6989
0.9958,-0.6825,0.8021,-0.7323,0.2
0.9958,-0.6825,0.6262,-0.8275,0.4
0.9958,-0.6825,0.4747,-0.697,0.6
0.9958,-0.6825,0.3076,-0.8069,0.8
0.9958,-0.6825,0.1254,-0.8894,1.0
0.9958,-0.6825,-0.0141,-0.7461,1.2
0.9958,-0.6825,-0.2112,-0.7799,1.4
0.9958,-0.6825,-0.366,-0.6532,1.6
0.9958,-0.6825,-0.501,-0.5057,1.8
0.9958,-0.6825,-0.5046,-0.3057,2.0
0.9958,-0.6825,-0.6423,-0.1607,2.2
0.9958,-0.6825,-0.8185,-0.2553,2.4
0.9958,-0.6825,-0.9698,-0.3861,2.6
0.9958,-0.6825,-1.1305,-0.5053,2.8
0.9958,-0.6825,-1.3058,-0.4091,3.0
0.9958,-0.6825,-1.4336,-0.2553,3.2
0.9958,-0.6825,-1.4733,-0.0593,3.4
0.9958,-0.6825,-1.579,0.1106,3.6
0.9958,-0.6825,-1.7172,0.2551,3.8
0.9958,-0.6825,-1.5767,0.3974,4.0
0.9958,-0.6825,-1.6786,0.5695,4.2
0.9958,-0.6825,-1.7973,0.7305,4.4
0.9958,-0.6825,-1.9895,0.7858,4.6
0.9958,-0.6825,-2.096,0.9551,4.8
0.9958,-0.6825,-2.2025,1.1244,5.0
0.9958,-0.6825,-2.153,1.3181,5.2
0.9958,-0.6825,-2.2804,1.4723,5.4
0.9958,-0.6825,-2.1728,1.6409,5.6
0.9958,-0.6825,-2.3303,1.7641,5.8
0.9958,-0.6825,-2.5177,1.834,6.0
0.9958,-0.6825,-2.6592,1.9753,6.2
0.9958,-0.6825,-2.8007,2.1167,6.4
0.9958,-0.6825,-2.8707,2.1866,6.4989
0.9958,-0.6825,-2.8707,2.1866,6.4989
0.8021,-0.7323,0.6262,-0.8275,0.2
0.8021,-0.7323,0.4747,-0.697,0.4
0.8021,-0.7323,0.3076,-0.8069,0.6
0.8021,-0.7323,0.1254,-0.8894,0.8
0.8021,-0.7323,-0.0141,-0.7461,1.0
0.8021,-0.7323,-0.2112,-0.7799,1.2
0.8021,-0.7323,-0.366,-0.6532,1.4
0.8021,-0.7323,-0.501,-0.5057,1.6
0.8021,-0.7323,-0.5046,-0.3057,1.8
0.8021,-0.7323,-0.6423,-0.1607,2.0
0.8021,-0.7323,-0.8185,-0.2553,2.2
0.8021,-0.7323,-0.9698,-0.3861,2.4
0.8021,-0.7323,-1.1305,-0.5053,2.6
0.8021,-0.7323,-1.3058,-0.4091,2.8
0.8021,-0.7323,-1.4336,-0.2553,3.0
0.8021,-0.7323,-1.4733,-0.0593,3.2
0.8021,-0.7323,-1.579,0.1106,3.4
0.8021,-0.7323,-1.7172,0.2551,3.6
0.8021,-0.7323,-1.5767,0.3974,3.8
0.8021,-0.7323,-1.6786,0.5695,4.0
0.8021,-0.7323,-1.7973,0.7305,4.2
0.8021,-0.7323,-1.9895,0.7858,4.4
0.8021,-0.7323,-2.096,0.9551,4.6
0.8021,-0.7323,-2.2025,1.1244,4.8
0.8021,-0.7323,-2.153,1.3181,5.0
0.8021,-0.7323,-2.2804,1.4723,5.2
0.8021,-0.7323,-2.1728,1.6409,5.4
0.8021,-0.7323,-2.3303,1.7641,5.6
0.8021,-0.7323,-2.5177,1.834,5.8
0.8021,-0.7323,-2.6592,1.9753,6.0
0.8021,-0.7323,-2.8007,2.1167,6.2
0.8021,-0.7323,-2.8707,2.1866,6.2989
0.8021,-0.7323,-2.8707,2.1866,6.2989
0.6262,-0.8275,0.4747,-0.697,0.2
0.6262,-0.8275,0.3076,-0.8069,0.4
0.6262,-0.8275,0.1254,-0.8894,0.6
0.6262,-0.8275,-0.0141,-0.7461,0.8
0.6262,-0.8275,-0.2112,-0.7799,1.0
0.6262,-0.8275,-0.366,-0.6532,1.2
0.6262,-0.8275,-0.501,-0.5057,1.4
0.6262,-0.8275,-0.5046,-0.3057,1.6
0.6262,-0.8275,-0.6423,-0.1607,1.8
0.6262,-0.8275,-0.8185,-0.2553,2.0
0.6262,-0.8275,-0.9698,-0.3861,2.2
0.6262,-0.8275,-1.1305,-0.5053,2.4
0.6262,-0.8275,-1.3058,-0.4091,2.6
0.6262,-0.8275,-1.4336,-0.2553,2.8
0.6262,-0.8275,-1.4733,-0.0593,3.0
0.6262,-0.8275,-1.579,0.1106,3.2
0.6262,-0.8275,-1.7172,0.2551,3.4
0.6262,-0.8275,-1.5767,0.3974,3.6
0.6262,-0.8275,-1.6786,0.5695,3.8
0.6262,-0.8275,-1.7973,0.7305,4.0
0.6262,-0.8275,-1.9895,0.7858,4.2
0.6262,-0.8275,-2.096,0.9551,4.4
0.6262,-0.8275,-2.2025,1.1244,4.6
0.6262,-0.8275,-2.153,1.3181,4.8
0.6262,-0.8275,-2.2804,1.4723,5.0
0.6262,-0.8275,-2.1728,1.6409,5.2
0.6262,-0.8275,-2.3303,1.7641,5.4
0.6262,-0.8275,-2.5177,1.834,5.6
0.6262,-0.8275,-2.6592,1.9753,5.8
0.6262,-0.8275,-2.8007,2.1167,6.0
0.6262,-0.8275,-2.8707,2.1866,6.0989
0.6262,-0.8275,-2.8707,2.1866,6.0989
0.4747,-0.697,0.3076,-0.8069,0.2
0.4747,-0.697,0.1254,-0.8894,0.4
0.4747,-0.697,-0.0141,-0.7461,0.6
0.4747,-0.697,-0.2112,-0.7799,0.8
0.4747,-0.697,-0.366,-0.6532,1.0
0.4747,-0.697,-0.501,-0.5057,1.2
0.4747,-0.697,-0.5046,-0.3057,1.4
0.4747,-0.697,-0.6423,-0.1607,1.6
0.4747,-0.697,-0.8185,-0.2553,1.8
0.4747,-0.697,-0.9698,-0.3861,2.0
0.4747,-0.697,-1.1305,-0.5053,2.2
0.4747,-0.697,-1.3058,-0.4091,2.4
0.4747,-0.697,-1.4336,-0.2553,2.6
0.4747,-0.697,-1.4733,-0.0593,2.8
0.4747,-0.697,-1.579,0.1106,3.0
0.4747,-0.697,-1.7172,0.2551,3.2
0.4747,-0.697,-1.5767,0.3974,3.4
0.4747,-0.697,-1.6786,0.5695,3.6
0.4747,-0.697,-1.7973,0.7305,3.8
0.4747,-0.697,-1.9895,0.7858,4.0
0.4747,-0.697,-2.096,0.9551,4.2
0.4747,-0.697,-2.2025,1.1244,4.4
0.4747,-0.697,-2.153,1.3181,4.6
0.4747,-0.697,-2.2804,1.4723,4.8
0.4747,-0.697,-2.1728,1.6409,5.0
0.4747,-0.697,-2.3303,1.7641,5.2
0.4747,-0.697,-2.5177,1.834,5.4
0.4747,-0.697,-2.6592,1.9753,5.6
0.4747,-0.697,-2.8007,2.1167,5.8
0.4747,-0.697,-2.8707,2.1866,5.8989
0.4747,-0.697,-2.8707,2.1866,5.8989
0.3076,-0.8069,0.1254,-0.8894,0.2
0.3076,-0.8069,-0.0141,-0.7461,0.4
0.3076,-0.8069,-0.2112,-0.7799,0.6
0.3076,-0.8069,-0.366,-0.6532,0.8
0.3076,-0.8069,-0.501,-0.5057,1.0
0.3076,-0.8069,-0.5046,-0.3057,1.2
0.3076,-0.8069,-0.6423,-0.1607,1.4
0.3076,-0.8069,-0.8185,-0.2553,1.6
0.3076,-0.8069,-0.9698,-0.3861,1.8
0.3076,-0.8069,-1.1305,-0.5053,2.0
0.3076,-0.8069,-1.3058,-0.4091,2.2
0.3076,-0.8069,-1.4336,-0.2553,2.4
0.3076,-0.8069,-1.4733,-0.0593,2.6
0.3076,-0.8069,-1.579,0.1106,2.8
0.3076,-0.8069,-1.7172,0.2551,3.0
0.3076,-0.8069,-1.5767,0.3974,3.2
0.3076,-0.8069,-1.6786,0.5695,3.4
0.3076,-0.8069,-1.7973,0.7305,3.6
0.3076,-0.8069,-1.9895,0.7858,3.8
0.3076,-0.8069,-2.096,0.9551,4.0
0.3076,-0.8069,-2.2025,1.1244,4.2
0.3076,-0.8069,-2.153,1.3181,4.4
0.3076,-0.8069,-2.2804,1.4723,4.6
0.3076,-0.8069,-2.1728,1.6409,4.8
0.3076,-0.8069,-2.3303,1.7641,5.0
0.3076,-0.8069,-2.5177,1.834,5.2
0.3076,-0.8069,-2.6592,1.9753,5.4
0.3076,-0.8069,-2.8007,2.1167,5.6
0.3076,-0.8069,-2.8707,2.1866,5.6989
0.3076,-0.8069,-2.8707,2.1866,5.6989
0.1254,-0.8894,-0.0141,-0.7461,0.2
0.1254,-0.8894,-0.2112,-0.7799,0.4
0.1254,-0.8894,-0.366,-0.6532,0.6
0.1254,-0.8894,-0.501,-0.5057,0.8
0.1254,-0.8894,-0.5046,-0.3057,1.0
0.1254,-0.8894,-0.6423,-0.1607,1.2
0.1254,-0.8894,-0.8185,-0.2553,1.4
0.1254,-0.8894,-0.9698,-0.3861,1.6
0.1254,-0.8894,-1.1305,-0.5053,1.8
0.1254,-0.8894,-1.3058,-0.4091,2.0
0.1254,-0.8894,-1.4336,-0.2553,2.2
0.1254,-0.8894,-1.4733,-0.0593,2.4
0.1254,-0.8894,-1.579,0.1106,2.6
0.1254,-0.8894,-1.7172,0.2551,2.8
0.1254,-0.8894,-1.5767,0.3974,3.0
0.1254,-0.8894,-1.6786,0.5695,3.2
0.1254,-0.8894,-1.7973,0.7305,3.4
0.1254,-0.8894,-1.9895,0.7858,3.6
0.1254,-0.8894,-2.096,0.9551,3.8
0.1254,-0.8894,-2.2025,1.1244,4.0
0.1254,-0.8894,-2.153,1.3181,4.2
0.1254,-0.8894,-2.2804,1.4723,4.4
0.1254,-0.8894,-2.1728,1.6409,4.6
0.1254,-0.8894,-2.3303,1.7641,4.8
0.1254,-0.8894,-2.5177,1.834,5.0
0.1254,-0.8894,-2.6592,1.9753,5.2
0.1254,-0.8894,-2.8007,2.1167,5.4
0.1254,-0.8894,-2.8707,2.1866,5.4989
0.1254,-0.8894,-2.8707,2.1866,5.4989
-0.0141,-0.7461,-0.2112,-0.7799,0.2
-0.0141,-0.7461,-0.366,-0.6532,0.4
-0.0141,-0.7461,-0.501,-0.5057,0.6
-0.0141,-0.7461,-0.5046,-0.3057,0.8
-0.0141,-0.7461,-0.6423,-0.1607,1.0
-0.0141,-0.7461,-0.8185,-0.2553,1.2
-0.0141,-0.7461,-0.9698,-0.3861,1.4
-0.0141,-0.7461,-1.1305,-0.5053,1.6
-0.0141,-0.7461,-1.3058,-0.4091,1.8
-0.0141,-0.7461,-1.4336,-0.2553,2.0
-0.0141,-0.7461,-1.4733,-0.0593,2.2
-0.0141,-0.7461,-1.579,0.1106,2.4
-0.0141,-0.7461,-1.7172,0.2551,2.6
-0.0141,-0.7461,-1.5767,0.3974,2.8
-0.0141,-0.7461,-1.6786,0.5695,3.0
-0.0141,-0.7461,-1.7973,0.7305,3.2
-0.0141,-0.7461,-1.9895,0.7858,3.4
-0.0141,-0.7461,-2.096,0.9551,3.6
-0.0141,-0.7461,-2.2025,1.1244,3.8
-0.0141,-0.7461,-2.153,1.3181,4.0
-0.0141,-0.7461,-2.2804,1.4723,4.2
-0.0141,-0.7461,-2.1728,1.6409,4.4
-0.0141,-0.7461,-2.3303,1.7641,4.6
-0.0141,-0.7461,-2.5177,1.834,4.8
-0.0141,-0.7461,-2.6592,1.9753,5.0
-0.0141,-0.7461,-2.8007,2.1167,5.2
-0.0141,-0.7461,-2.8707,2.1866,5.2989
-0.0141,-0.7461,-2.8707,2.1866,5.2989
-0.2112,-0.7799,-0.366,-0.6532,0.2
-0.2112,-0.7799,-0.501,-0.5057,0.4
-0.2112,-0.7799,-0.5046,-0.3057,0.6
-0.2112,-0.7799,-0.6423,-0.1607,0.8
-0.2112,-0.7799,-0.8185,-0.2553,1.0
-0.2112,-0.7799,-0.9698,-0.3861,1.2
-0.2112,-0.7799,-1.1305,-0.5053,1.4
-0.2112,-0.7799,-1.3058,-0.4091,1.6
-0.2112,-0.7799,-1.4336,-0.2553,1.8
-0.2112,-0.7799,-1.4733,-0.0593,2.0
-0.2112,-0.7799,-1.579,0.1106,2.2
-0.2112,-0.7799,-1.7172,0.2551,2.4
-0.2112,-0.7799,-1.5767,0.3974,2.6
-0.2112,-0.7799,-1.6786,0.5695,2.8
-0.2112,-0.7799,-1.7973,0.7305,3.0
-0.2112,-0.7799,-1.9895,0.7858,3.2
-0.2112,-0.7799,-2.096,0.9551,3.4
-0.2112,-0.7799,-2.2025,1.1244,3.6
-0.2112,-0.7799,-2.153,1.3181,3.8
-0.2112,-0.7799,-2.2804,1.4723,4.0
-0.2112,-0.7799,-2.1728,1.6409,4.2
-0.2112,-0.7799,-2.3303,1.7641,4.4
-0.2112,-0.7799,-2.5177,1.834,4.6
-0.2112,-0.7799,-2.6592,1.9753,4.8
-0.2112,-0.7799,-2.8007,2.1167,5.0
-0.2112,-0.7799,-2.8707,2.1866,5.0989
-0.2112,-0.7799,-2.8707,2.1866,5.0989
-0.366,-0.6532,-0.501,-0.5057,0.2
-0.366,-0.6532,-0.5046,-0.3057,0.4
-0.366,-0.6532,-0.6423,-0.1607,0.6
-0.366,-0.6532,-0.8185,-0.2553,0.8
-0.366,-0.6532,-0.9698,-0.3861,1.0
-0.366,-0.6532,-1.1305,-0.5053,1.2
-0.366,-0.6532,-1.3058,-0.4091,1.4
-0.366,-0.6532,-1.4336,-0.2553,1.6
-0.366,-0.6532,-1.4733,-0.0593,1.8
-0.366,-0.6532,-1.579,0.1106,2.0
-0.366,-0.6532,-1.7172,0.2551,2.2
-0.366,-0.6532,-1.5767,0.3974,2.4
-0.366,-0.6532,-1.6786,0.5695,2.6
-0.366,-0.6532,-1.7973,0.7305,2.8
-0.366,-0.6532,-1.9895,0.7858,3.0
-0.366,-0.6532,-2.096,0.9551,3.2
-0.366,-0.6532,-2.2025,1.1244,3.4
-0.366,-0.6532,-2.153,1.3181,3.6
-0.366,-0.6532,-2.2804,1.4723,3.8
-0.366,-0.6532,-2.1728,1.6409,4.0
-0.366,-0.6532,-2.3303,1.7641,4.2
-0.366,-0.6532,-2.5177,1.834,4.4
-0.366,-0.6532,-2.6592,1.9753,4.6
-0.366,-0.6532,-2.8007,2.1167,4.8
-0.366,-0.6532,-2.8707,2.1866,4.8989
-0.366,-0.6532,-2.8707,2.1866,4.8989
-0.501,-0.5057,-0.5046,-0.3057,0.2
-0.501,-0.5057,-0.6423,-0.1607,0.4
-0.501,-0.5057,-0.8185,-0.2553,0.6
-0.501,-0.5057,-0.9698,-0.3861,0.8
-0.501,-0.5057,-1.1305,-0.5053,1.0
-0.501,-0.5057,-1.3058,-0.4091,1.2
-0.501,-0.5057,-1.4336,-0.2553,1.4
-0.501,-0.5057,-1.4733,-0.0593,1.6
-0.501,-0.5057,-1.579,0.1106,1.8
-0.501,-0.5057,-1.7172,0.2551,2.0
-0.501,-0.5057,-1.5767,0.3974,2.2
-0.501,-0.5057,-1.6786,0.5695,2.4
-0.501,-0.5057,-1.7973,0.7305,2.6
-0.501,-0.5057,-1.9895,0.7858,2.8
-0.501,-0.5057,-2.096,0.9551,3.0
-0.501,-0.5057,-2.2025,1.1244,3.2
-0.501,-0.5057,-2.153,1.3181,3.4
-0.501,-0.5057,-2.2804,1.4723,3.6
-0.501,-0.5057,-2.1728,1.6409,3.8
-0.501,-0.5057,-2.3303,1.7641,4.0
-0.501,-0.5057,-2.5177,1.834,4.2
-0.501,-0.5057,-2.6592,1.9753,4.4
-0.501,-0.5057,-2.8007,2.1167,4.6
-0.501,-0.5057,-2.8707,2.1866,4.6989
-0.501,-0.5057,-2.8707,2.1866,4.6989
-0.5046,-0.3057,-0.6423,-0.1607,0.2
-0.5046,-0.3057,-0.8185,-0.2553,0.4
-0.5046,-0.3057,-0.9698,-0.3861,0.6
-0.5046,-0.3057,-1.1305,-0.5053,0.8
-0.5046,-0.3057,-1.3058,-0.4091,1.0
-0.5046,-0.3057,-1.4336,-0.2553,1.2
-0.5046,-0.3057,-1.4733,-0.0593,1.4
-0.5046,-0.3057,-1.579,0.1106,1.6
-0.5046,-0.3057,-1.7172,0.2551,1.8
-0.5046,-0.3057,-1.5767,0.3974,2.0
-0.5046,-0.3057,-1.6786,0.5695,2.2
-0.5046,-0.3057,-1.7973,0.7305,2.4
-0.5046,-0.3057,-1.9895,0.7858,2.6
-0.5046,-0.3057,-2.096,0.9551,2.8
-0.5046,-0.3057,-2.2025,1.1244,3.0
-0.5046,-0.3057,-2.153,1.3181,3.2
-0.5046,-0.3057,-2.2804,1.4723,3.4
-0.5046,-0.3057,-2.1728,1.6409,3.6
-0.5046,-0.3057,-2.3303,1.7641,3.8
-0.5046,-0.3057,-2.5177,1.834,4.0
-0.5046,-0.3057,-2.6592,1.9753,4.2
-0.5046,-0.3057,-2.8007,2.1167,4.4
-0.5046,-0.3057,-2.8707,2.1866,4.4989
-0.5046,-0.3057,-2.8707,2.1866,4.4989
-0.6423,-0.1607,-0.8185,-0.2553,0.2
-0.6423,-0.1607,-0.9698,-0.3861,0.4
-0.6423,-0.1607,-1.1305,-0.5053,0.6
-0.6423,-0.1607,-1.3058,-0.4091,0.8
-0.6423,-0.1607,-1.4336,-0.2553,1.0
-0.6423,-0.1607,-1.4733,-0.0593,1.2
-0.6423,-0.1607,-1.579,0.1106,1.4
-0.6423,-0.1607,-1.7172,0.2551,1.6
-0.6423,-0.1607,-1.5767,0.3974,1.8
-0.6423,-0.1607,-1.6786,0.5695,2.0
-0.6423,-0.1607,-1.7973,0.7305,2.2
-0.6423,-0.1607,-1.9895,0.7858,2.4
-0.6423,-0.1607,-2.096,0.9551,2.6
-0.6423,-0.1607,-2.2025,1.1244,2.8
-0.6423,-0.1607,-2.153,1.3181,3.0
-0.6423,-0.1607,-2.2804,1.4723,3.2
-0.6423,-0.1607,-2.1728,1.6409,3.4
-0.6423,-0.1607,-2.3303,1.7641,3.6
-0.6423,-0.1607,-2.5177,1.834,3.8
-0.6423,-0.1607,-2.6592,1.9753,4.0
-0.6423,-0.1607,-2.8007,2.1167,4.2
-0.6423,-0.1607,-2.8707,2.1866,4.2989
-0.6423,-0.1607,-2.8707,2.1866,4.2989
-0.8185,-0.2553,-0.9698,-0.3861,0.2
-0.8185,-0.2553,-1.1305,-0.5053,0.4
-0.8185,-0.2553,-1.3058,-0.4091,0.6
-0.8185,-0.2553,-1.4336,-0.2553,0.8
-0.8185,-0.2553,-1.4733,-0.0593,1.0
-0.8185,-0.2553,-1.579,0.1106,1.2
-0.8185,-0.2553,-1.7172,0.2551,1.4
-0.8185,-0.2553,-1.5767,0.3974,1.6
-0.8185,-0.2553,-1.6786,0.5695,1.8
-0.8185,-0.2553,-1.7973,0.7305,2.0
-0.8185,-0.2553,-1.9895,0.7858,2.2
-0.8185,-0.2553,-2.096,0.9551,2.4
-0.8185,-0.2553,-2.2025,1.1244,2.6
-0.8185,-0.2553,-2.153,1.3181,2.8
-0.8185,-0.2553,-2.2804,1.4723,3.0
-0.8185,-0.2553,-2.1728,1.6409,3.2
-0.8185,-0.2553,-2.3303,1.7641,3.4
-0.8185,-0.2553,-2.5177,1.834,3.6
-0.8185,-0.2553,-2.6592,1.9753,3.8
-0.8185,-0.2553,-2.8007,2.1167,4.0
-0.8185,-0.2553,-2.8707,2.1866,4.0989
-0.8185,-0.2553,-2.8707,2.1866,4.0989
-0.9698,-0.3861,-1.1305,-0.5053,0.2
-0.9698,-0.3861,-1.3058,-0.4091,0.4
-0.9698,-0.3861,-1.4336,-0.2553,0.6
-0.9698,-0.3861,-1.4733,-0.0593,0.8
-0.9698,-0.3861,-1.579,0.1106,1.0
-0.9698,-0.3861,-1.7172,0.2551,1.2
-0.9698,-0.3861,-1.5767,0.3974,1.4
-0.9698,-0.3861,-1.6786,0.5695,1.6
-0.9698,-0.3861,-1.7973,0.7305,1.8
-0.9698,-0.3861,-1.9895,0.7858,2.0
-0.9698,-0.3861,-2.096,0.9551,2.2
-0.9698,-0.3861,-2.2025,1.1244,2.4
-0.9698,-0.3861,-2.153,1.3181,2.6
-0.9698,-0.3861,-2.2804,1.4723,2.8
-0.9698,-0.3861,-2.1728,1.6409,3.0
-0.9698,-0.3861,-2.3303,1.7641,3.2
-0.9698,-0.3861,-2.5177,1.834,3.4
-0.9698,-0.3861,-2.6592,1.9753,3.6
-0.9698,-0.3861,-2.8007,2.1167,3.8
-0.9698,-0.3861,-2.8707,2.1866,3.8989
-0.9698,-0.3861,-2.8707,2.1866,3.8989
-1.1305,-0.5053,-1.3058,-0.4091,0.2
-1.1305,-0.5053,-1.4336,-0.2553,0.4
-1.1305,-0.5053,-1.4733,-0.0593,0.6
-1.1305,-0.5053,-1.579,0.1106,0.8
-1.1305,-0.5053,-1.7172,0.2551,1.0
-1.1305,-0.5053,-1.5767,0.3974,1.2
-1.1305,-0.5053,-1.6786,0.5695,1.4
-1.1305,-0.5053,-1.7973,0.7305,1.6
-1.1305,-0.5053,-1.9895,0.7858,1.8
-1.1305,-0.5053,-2.096,0.9551,2.0
-1.1305,-0.5053,-2.2025,1.1244,2.2
-1.1305,-0.5053,-2.153,1.3181,2.4
-1.1305,-0.5053,-2.2804,1.4723,2.6
-1.1305,-0.5053,-2.1728,1.6409,2.8
-1.1305,-0.5053,-2.3303,1.7641,3.0
-1.1305,-0.5053,-2.5177,1.834,3.2
-1.1305,-0.5053,-2.6592,1.9753,3.4
-1.1305,-0.5053,-2.8007,2.1167,3.6
-1.1305,-0.5053,-2.8707,2.1866,3.6989
-1.1305,-0.5053,-2.8707,2.1866,3.6989
-1.3058,-0.4091,-1.4336,-0.2553,0.2
-1.3058,-0.4091,-1.4733,-0.0593,0.4
-1.3058,-0.4091,-1.579,0.1106,0.6
-1.3058,-0.4091,-1.7172,0.2551,0.8
-1.3058,-0.4091,-1.5767,0.3974,1.0
-1.3058,-0.4091,-1.6786,0.5695,1.2
-1.3058,-0.4091,-1.7973,0.7305,1.4
-1.3058,-0.4091,-1.9895,0.7858,1.6
-1.3058,-0.4091,-2.096,0.9551,1.8
-1.3058,-0.4091,-2.2025,1.1244,2.0
-1.3058,-0.4091,-2.153,1.3181,2.2
-1.3058,-0.4091,-2.2804,1.4723,2.4
-1.3058,-0.4091,-2.1728,1.6409,2.6
-1.3058,-0.4091,-2.3303,1.7641,2.8
-1.3058,-0.4091,-2.5177,1.834,3.0
-1.3058,-0.4091,-2.6592,1.9753,3.2
-1.3058,-0.4091,-2.8007,2.1167,3.4
-1.3058,-0.4091,-2.8707,2.1866,3.4989
-1.3058,-0.4091,-2.8707,2.1866,3.4989
-1.4336,-0.2553,-1.4733,-0.0593,0.2
-1.4336,-0.2553,-1.579,0.1106,0.4
-1.4336,-0.2553,-1.7172,0.2551,0.6
-1.4336,-0.2553,-1.5767,0.3974,0.8
-1.4336,-0.2553,-1.6786,0.5695,1.0
-1.4336,-0.2553,-1.7973,0.7305,1.2
-1.4336,-0.2553,-1.9895,0.7858,1.4
-1.4336,-0.2553,-2.096,0.9551,1.6
-1.4336,-0.2553,-2.2025,1.1244,1.8
-1.4336,-0.2553,-2.153,1.3181,2.0
-1.4336,-0.2553,-2.2804,1.4723,2.2
-1.4336,-0.2553,-2.1728,1.6409,2.4
-1.4336,-0.2553,-2.3303,1.7641,2.6
-1.4336,-0.2553,-2.5177,1.834,2.8
-1.4336,-0.2553,-2.6592,1.9753,3.0
-1.4336,-0.2553,-2.8007,2.1167,3.2
-1.4336,-0.2553,-2.8707,2.1866,3.2989
-1.4336,-0.2553,-2.8707,2.1866,3.2989
-1.4733,-0.0593,-1.579,0.1106,0.2
-1.4733,-0.0593,-1.7172,0.2551,0.4
-1.4733,-0.0593,-1.5767,0.3974,0.6
-1.4733,-0.0593,-1.6786,0.5695,0.8
-1.4733,-0.0593,-1.7973,0.7305,1.0
-1.4733,-0.0593,-1.9895,0.7858,1.2
-1.4733,-0.0593,-2.096,0.9551,1.4
-1.4733,-0.0593,-2.2025,1.1244,1.6
-1.4733,-0.0593,-2.153,1.3181,1.8
-1.4733,-0.0593,-2.2804,1.4723,2.0
-1.4733,-0.0593,-2.1728,1.6409,2.2
-1.4733,-0.0593,-2.3303,1.7641,2.4
-1.4733,-0.0593,-2.5177,1.834,2.6
-1.4733,-0.0593,-2.6592,1.9753,2.8
-1.4733,-0.0593,-2.8007,2.1167,3.0
-1.4733,-0.0593,-2.8707,2.1866,3.0989
-1.4733,-0.0593,-2.8707,2.1866,3.0989
-1.579,0.1106,-1.7172,0.2551,0.2
-1.579,0.1106,-1.5767,0.3974,0.4
-1.579,0.1106,-1.6786,0.5695,0.6
-1.579,0.1106,-1.7973,0.7305,0.8
-1.579,0.1106,-1.9895,0.7858,1.0
-1.579,0.1106,-2.096,0.9551,1.2
-1.579,0.1106,-2.2025,1.1244,1.4
-1.579,0.1106,-2.153,1.3181,1.6
-1.579,0.1106,-2.2804,1.4723,1.8
-1.579,0.1106,-2.1728,1.6409,2.0
-1.579,0.1106,-2.3303,1.7641,2.2
-1.579,0.1106,-2.5177,1.834,2.4
-1.579,0.1106,-2.6592,1.9753,2.6
-1.579,0.1106,-2.8007,2.1167,2.8
-1.579,0.1106,-2.8707,2.1866,2.8989
-1.579,0.1106,-2.8707,2.1866,2.8989
-1.7172,0.2551,-1.5767,0.3974,0.2
-1.7172,0.2551,-1.6786,0.5695,0.4
-1.7172,0.2551,-1.7973,0.7305,0.6
-1.7172,0.2551,-1.9895,0.7858,0.8
-1.7172,0.2551,-2.096,0.9551,1.0
-1.7172,0.2551,-2.2025,1.1244,1.2
-1.7172,0.2551,-2.153,1.3181,1.4
-1.7172,0.2551,-2.2804,1.4723,1.6
-1.7172,0.2551,-2.1728,1.6409,1.8
-1.7172,0.2551,-2.3303,1.7641,2.0
-1.7172,0.2551,-2.5177,1.834,2.2
-1.7172,0.2551,-2.6592,1.9753,2.4
-1.7172,0.2551,-2.8007,2.1167,2.6
-1.7172,0.2551,-2.8707,2.1866,2.6989
-1.7172,0.2551,-2.8707,2.1866,2.6989
-1.5767,0.3974,-1.6786,0.5695,0.2
-1.5767,0.3974,-1.7973,0.7305,0.4
-1.5767,0.3974,-1.9895,0.7858,0.6
-1.5767,0.3974,-2.096,0.9551,0.8
-1.5767,0.3974,-2.2025,1.1244,1.0
-1.5767,0.3974,-2.153,1.3181,1.2
-1.5767,0.3974,-2.2804,1.4723,1.4
-1.5767,0.3974,-2.1728,1.6409,1.6
-1.5767,0.3974,-2.3303,1.7641,1.8
-1.5767,0.3974,-2.5177,1.834,2.0
-1.5767,0.3974,-2.6592,1.9753,2.2
-1.5767,0.3974,-2.8007,2.1167,2.4
-1.5767,0.3974,-2.8707,2.1866,2.4989
-1.5767,0.3974,-2.8707,2.1866,2.4989
-1.6786,0.5695,-1.7973,0.7305,0.2
-1.6786,0.5695,-1.9895,0.7858,0.4
-1.6786,0.5695,-2.096,0.9551,0.6
-1.6786,0.5695,-2.2025,1.1244,0.8
-1.6786,0.5695,-2.153,1.3181,1.0
-1.6786,0.5695,-2.2804,1.4723,1.2
-1.6786,0.5695,-2.1728,1.6409,1.4
-1.6786,0.5695,-2.3303,1.7641,1.6
-1.6786,0.5695,-2.5177,1.834,1.8
-1.6786,0.5695,-2.6592,1.9753,2.0
-1.6786,0.5695,-2.8007,2.1167,2.2
-1.6786,0.5695,-2.8707,2.1866,2.2989
-1.6786,0.5695,-2.8707,2.1866,2.2989
-1.7973,0.7305,-1.9895,0.7858,0.2
-1.7973,0.7305,-2.096,0.9551,0.4
-1.7973,0.7305,-2.2025,1.1244,0.6
-1.7973,0.7305,-2.153,1.3181,0.8
-1.7973,0.7305,-2.2804,1.4723,1.0
-1.7973,0.7305,-2.1728,1.6409,1.2
-1.7973,0.7305,-2.3303,1.7641,1.4
-1.7973,0.7305,-2.5177,1.834,1.6
-1.7973,0.7305,-2.6592,1.9753,1.8
-1.7973,0.7305,-2.8007,2.1167,2.0
-1.7973,0.7305,-2.8707,2.1866,2.0989
-1.7973,0.7305,-2.8707,2.1866,2.0989
-1.9895,0.7858,-2.096,0.9551,0.2
-1.9895,0.7858,-2.2025,1.1244,0.4
-1.9895,0.7858,-2.153,1.3181,0.6
-1.9895,0.7858,-2.2804,1.4723,0.8
-1.9895,0.7858,-2.1728,1.6409,1.0
-1.9895,0.7858,-2.3303,1.7641,1.2
-1.9895,0.7858,-2.5177,1.834,1.4
-1.9895,0.7858,-2.6592,1.9753,1.6
-1.9895,0.7858,-2.8007,2.1167,1.8
-1.9895,0.7858,-2.8707,2.1866,1.8989
-1.9895,0.7858,-2.8707,2.1866,1.8989
-2.096,0.9551,-2.2025,1.1244,0.2
-2.096,0.9551,-2.153,1.3181,0.4
-2.096,0.9551,-2.2804,1.4723,0.6
-2.096,0.9551,-2.1728,1.6409,0.8
-2.096,0.9551,-2.3303,1.7641,1.0
-2.096,0.9551,-2.5177,1.834,1.2
-2.096,0.9551,-2.6592,1.9753,1.4
-2.096,0.9551,-2.8007,2.1167,1.6
-2.096,0.9551,-2.8707,2.1866,1.6989
-2.096,0.9551,-2.8707,2.1866,1.6989
-2.2025,1.1244,-2.153,1.3181,0.2
-2.2025,1.1244,-2.2804,1.4723,0.4
-2.2025,1.1244,-2.1728,1.6409,0.6
-2.2025,1.1244,-2.3303,1.7641,0.8
-2.2025,1.1244,-2.5177,1.834,1.0
-2.2025,1.1244,-2.6592,1.9753,1.2
-2.2025,1.1244,-2.8007,2.1167,1.4
-2.2025,1.1244,-2.8707,2.1866,1.4989
-2.2025,1.1244,-2.8707,2.1866,1.4989
-2.153,1.3181,-2.2804,1.4723,0.2
-2.153,1.3181,-2.1728,1.6409,0.4
-2.153,1.3181,-2.3303,1.7641,0.6
-2.153,1.3181,-2.5177,1.834,0.8
-2.153,1.3181,-2.6592,1.9753,1.0
-2.153,1.3181,-2.8007,2.1167,1.2
-2.153,1.3181,-2.8707,2.1866,1.2989
-2.153,1.3181,-2.8707,2.1866,1.2989
-2.2804,1.4723,-2.1728,1.6409,0.2
-2.2804,1.4723,-2.3303,1.7641,0.4
-2.2804,1.4723,-2.5177,1.834,0.6
-2.2804,1.4723,-2.6592,1.9753,0.8
-2.2804,1.4723,-2.8007,2.1167,1.0
-2.2804,1.4723,-2.8707,2.1866,1.0989
-2.2804,1.4723,-2.8707,2.1866,1.0989
-2.1728,1.6409,-2.3303,1.7641,0.2
-2.1728,1.6409,-2.5177,1.834,0.4
-2.1728,1.6409,-2.6592,1.9753,0.6
-2.1728,1.6409,-2.8007,2.1167,0.8
-2.1728,1.6409,-2.8707,2.1866,0.8989
-2.1728,1.6409,-2.8707,2.1866,0.8989
-2.3303,1.7641,-2.5177,1.834,0.2
-2.3303,1.7641,-2.6592,1.9753,0.4
-2.3303,1.7641,-2.8007,2.1167,0.6
-2.3303,1.7641,-2.8707,2.1866,0.6989
-2.3303,1.7641,-2.8707,2.1866,0.6989
-2.5177,1.834,-2.6592,1.9753,0.2
